  0
SECTION
  2
HEADER
  9
$ACADVER
  1
AC1032
  9
$ACADMAINTVER
 90
      228
  9
$DWGCODEPAGE
  3
ANSI_1252
  9
$REQUIREDVERSIONS
160
                 0
  9
$INSBASE
 10
0.0
 20
0.0
 30
0.0
  9
$EXTMIN
 10
1.000000000000000E+20
 20
1.000000000000000E+20
 30
1.000000000000000E+20
  9
$EXTMAX
 10
-1.000000000000000E+20
 20
-1.000000000000000E+20
 30
-1.000000000000000E+20
  9
$LIMMIN
 10
0.0
 20
0.0
  9
$LIMMAX
 10
12.0
 20
9.0
  9
$ORTHOMODE
 70
     0
  9
$REGENMODE
 70
     1
  9
$FILLMODE
 70
     1
  9
$QTEXTMODE
 70
     0
  9
$MIRRTEXT
 70
     0
  9
$LTSCALE
 40
1.0
  9
$ATTMODE
 70
     1
  9
$TEXTSIZE
 40
0.2
  9
$TRACEWID
 40
0.05
  9
$TEXTSTYLE
  7
Standard
  9
$CLAYER
  8
0
  9
$CELTYPE
  6
ByLayer
  9
$CECOLOR
 62
   256
  9
$CELTSCALE
 40
1.0
  9
$DISPSILH
 70
     0
  9
$DIMSCALE
 40
1.0
  9
$DIMASZ
 40
0.18
  9
$DIMEXO
 40
0.0625
  9
$DIMDLI
 40
0.38
  9
$DIMRND
 40
0.0
  9
$DIMDLE
 40
0.0
  9
$DIMEXE
 40
0.18
  9
$DIMTP
 40
0.0
  9
$DIMTM
 40
0.0
  9
$DIMTXT
 40
0.18
  9
$DIMCEN
 40
0.09
  9
$DIMTSZ
 40
0.0
  9
$DIMTOL
 70
     0
  9
$DIMLIM
 70
     0
  9
$DIMTIH
 70
     1
  9
$DIMTOH
 70
     1
  9
$DIMSE1
 70
     0
  9
$DIMSE2
 70
     0
  9
$DIMTAD
 70
     0
  9
$DIMZIN
 70
     0
  9
$DIMBLK
  1

  9
$DIMASO
 70
     1
  9
$DIMSHO
 70
     1
  9
$DIMPOST
  1

  9
$DIMAPOST
  1

  9
$DIMALT
 70
     0
  9
$DIMALTD
 70
     2
  9
$DIMALTF
 40
25.4
  9
$DIMLFAC
 40
1.0
  9
$DIMTOFL
 70
     0
  9
$DIMTVP
 40
0.0
  9
$DIMTIX
 70
     0
  9
$DIMSOXD
 70
     0
  9
$DIMSAH
 70
     0
  9
$DIMBLK1
  1

  9
$DIMBLK2
  1

  9
$DIMSTYLE
  2
Standard
  9
$DIMCLRD
 70
     0
  9
$DIMCLRE
 70
     0
  9
$DIMCLRT
 70
     0
  9
$DIMTFAC
 40
1.0
  9
$DIMGAP
 40
0.09
  9
$DIMJUST
 70
     0
  9
$DIMSD1
 70
     0
  9
$DIMSD2
 70
     0
  9
$DIMTOLJ
 70
     1
  9
$DIMTZIN
 70
     0
  9
$DIMALTZ
 70
     0
  9
$DIMALTTZ
 70
     0
  9
$DIMUPT
 70
     0
  9
$DIMDEC
 70
     4
  9
$DIMTDEC
 70
     4
  9
$DIMALTU
 70
     2
  9
$DIMALTTD
 70
     2
  9
$DIMTXSTY
  7
Standard
  9
$DIMAUNIT
 70
     0
  9
$DIMADEC
 70
     0
  9
$DIMALTRND
 40
0.0
  9
$DIMAZIN
 70
     0
  9
$DIMDSEP
 70
    46
  9
$DIMATFIT
 70
     3
  9
$DIMFRAC
 70
     0
  9
$DIMLDRBLK
  1

  9
$DIMLUNIT
 70
     2
  9
$DIMLWD
 70
    -2
  9
$DIMLWE
 70
    -2
  9
$DIMTMOVE
 70
     0
  9
$DIMFXL
 40
1.0
  9
$DIMFXLON
 70
     0
  9
$DIMJOGANG
 40
0.7853981633974483
  9
$DIMTFILL
 70
     0
  9
$DIMTFILLCLR
 70
     0
  9
$DIMARCSYM
 70
     0
  9
$DIMLTYPE
  6

  9
$DIMLTEX1
  6

  9
$DIMLTEX2
  6

  9
$DIMTXTDIRECTION
 70
     0
  9
$LUNITS
 70
     2
  9
$LUPREC
 70
     4
  9
$SKETCHINC
 40
0.1
  9
$FILLETRAD
 40
0.0
  9
$AUNITS
 70
     0
  9
$AUPREC
 70
     0
  9
$MENU
  1
.
  9
$ELEVATION
 40
0.0
  9
$PELEVATION
 40
0.0
  9
$THICKNESS
 40
0.0
  9
$LIMCHECK
 70
     0
  9
$CHAMFERA
 40
0.0
  9
$CHAMFERB
 40
0.0
  9
$CHAMFERC
 40
0.0
  9
$CHAMFERD
 40
0.0
  9
$SKPOLY
 70
     0
  9
$TDCREATE
 40
2460103.434849537
  9
$TDUCREATE
 40
2460103.601516204
  9
$TDUPDATE
 40
2460103.434849537
  9
$TDUUPDATE
 40
2460103.601516204
  9
$TDINDWG
 40
0.0000000000
  9
$TDUSRTIMER
 40
0.0000000000
  9
$USRTIMER
 70
     1
  9
$ANGBASE
 50
0.0
  9
$ANGDIR
 70
     0
  9
$PDMODE
 70
     0
  9
$PDSIZE
 40
0.0
  9
$PLINEWID
 40
0.0
  9
$SPLFRAME
 70
     0
  9
$SPLINETYPE
 70
     6
  9
$SPLINESEGS
 70
     8
  9
$HANDSEED
  5
28D
  9
$SURFTAB1
 70
     6
  9
$SURFTAB2
 70
     6
  9
$SURFTYPE
 70
     6
  9
$SURFU
 70
     6
  9
$SURFV
 70
     6
  9
$UCSBASE
  2

  9
$UCSNAME
  2

  9
$UCSORG
 10
0.0
 20
0.0
 30
0.0
  9
$UCSXDIR
 10
1.0
 20
0.0
 30
0.0
  9
$UCSYDIR
 10
0.0
 20
1.0
 30
0.0
  9
$UCSORTHOREF
  2

  9
$UCSORTHOVIEW
 70
     0
  9
$UCSORGTOP
 10
0.0
 20
0.0
 30
0.0
  9
$UCSORGBOTTOM
 10
0.0
 20
0.0
 30
0.0
  9
$UCSORGLEFT
 10
0.0
 20
0.0
 30
0.0
  9
$UCSORGRIGHT
 10
0.0
 20
0.0
 30
0.0
  9
$UCSORGFRONT
 10
0.0
 20
0.0
 30
0.0
  9
$UCSORGBACK
 10
0.0
 20
0.0
 30
0.0
  9
$PUCSBASE
  2

  9
$PUCSNAME
  2

  9
$PUCSORG
 10
0.0
 20
0.0
 30
0.0
  9
$PUCSXDIR
 10
1.0
 20
0.0
 30
0.0
  9
$PUCSYDIR
 10
0.0
 20
1.0
 30
0.0
  9
$PUCSORTHOREF
  2

  9
$PUCSORTHOVIEW
 70
     0
  9
$PUCSORGTOP
 10
0.0
 20
0.0
 30
0.0
  9
$PUCSORGBOTTOM
 10
0.0
 20
0.0
 30
0.0
  9
$PUCSORGLEFT
 10
0.0
 20
0.0
 30
0.0
  9
$PUCSORGRIGHT
 10
0.0
 20
0.0
 30
0.0
  9
$PUCSORGFRONT
 10
0.0
 20
0.0
 30
0.0
  9
$PUCSORGBACK
 10
0.0
 20
0.0
 30
0.0
  9
$USERI1
 70
     0
  9
$USERI2
 70
     0
  9
$USERI3
 70
     0
  9
$USERI4
 70
     0
  9
$USERI5
 70
     0
  9
$USERR1
 40
0.0
  9
$USERR2
 40
0.0
  9
$USERR3
 40
0.0
  9
$USERR4
 40
0.0
  9
$USERR5
 40
0.0
  9
$WORLDVIEW
 70
     1
  9
$SHADEDGE
 70
     3
  9
$SHADEDIF
 70
    70
  9
$TILEMODE
 70
     1
  9
$MAXACTVP
 70
    64
  9
$PINSBASE
 10
0.0
 20
0.0
 30
0.0
  9
$PLIMCHECK
 70
     0
  9
$PEXTMIN
 10
1.000000000000000E+20
 20
1.000000000000000E+20
 30
1.000000000000000E+20
  9
$PEXTMAX
 10
-1.000000000000000E+20
 20
-1.000000000000000E+20
 30
-1.000000000000000E+20
  9
$PLIMMIN
 10
0.0
 20
0.0
  9
$PLIMMAX
 10
12.0
 20
9.0
  9
$UNITMODE
 70
     0
  9
$VISRETAIN
 70
     1
  9
$PLINEGEN
 70
     0
  9
$PSLTSCALE
 70
     1
  9
$TREEDEPTH
 70
  3020
  9
$CMLSTYLE
  2
Standard
  9
$CMLJUST
 70
     0
  9
$CMLSCALE
 40
1.0
  9
$PROXYGRAPHICS
 70
     1
  9
$MEASUREMENT
 70
     0
  9
$CELWEIGHT
370
    -1
  9
$ENDCAPS
280
     0
  9
$JOINSTYLE
280
     0
  9
$LWDISPLAY
290
     1
  9
$INSUNITS
 70
     4
  9
$HYPERLINKBASE
  1

  9
$STYLESHEET
  1

  9
$XEDIT
290
     1
  9
$CEPSNTYPE
380
     0
  9
$PSTYLEMODE
290
     1
  9
$FINGERPRINTGUID
  2
{7C4A3433-E5F7-6642-A4DE-07405EA6F942}
  9
$VERSIONGUID
  2
{32D251BC-4366-4842-A441-86A46FAE1355}
  9
$EXTNAMES
290
     1
  9
$PSVPSCALE
 40
0.0
  9
$OLESTARTUP
290
     0
  9
$SORTENTS
280
   127
  9
$INDEXCTL
280
     0
  9
$HIDETEXT
280
     1
  9
$XCLIPFRAME
280
     2
  9
$HALOGAP
280
     0
  9
$OBSCOLOR
 70
   257
  9
$OBSLTYPE
280
     0
  9
$INTERSECTIONDISPLAY
280
     0
  9
$INTERSECTIONCOLOR
 70
   257
  9
$DIMASSOC
280
     2
  9
$PROJECTNAME
  1

  9
$CAMERADISPLAY
290
     0
  9
$LENSLENGTH
 40
50.0
  9
$CAMERAHEIGHT
 40
0.0
  9
$STEPSPERSEC
 40
2.0
  9
$STEPSIZE
 40
6.0
  9
$3DDWFPREC
 40
2.0
  9
$PSOLWIDTH
 40
0.25
  9
$PSOLHEIGHT
 40
4.0
  9
$LOFTANG1
 40
1.570796326794896
  9
$LOFTANG2
 40
1.570796326794896
  9
$LOFTMAG1
 40
0.0
  9
$LOFTMAG2
 40
0.0
  9
$LOFTPARAM
 70
     7
  9
$LOFTNORMALS
280
     1
  9
$LATITUDE
 40
37.795
  9
$LONGITUDE
 40
-122.394
  9
$NORTHDIRECTION
 40
0.0
  9
$TIMEZONE
 70
 -8000
  9
$LIGHTGLYPHDISPLAY
280
     1
  9
$TILEMODELIGHTSYNCH
280
     1
  9
$CMATERIAL
347
11
  9
$SOLIDHIST
280
     0
  9
$SHOWHIST
280
     1
  9
$DWFFRAME
280
     2
  9
$DGNFRAME
280
     0
  9
$REALWORLDSCALE
290
     1
  9
$INTERFERECOLOR
 62
     1
  9
$INTERFEREOBJVS
345
33
  9
$INTERFEREVPVS
346
30
  9
$CSHADOW
280
     0
  9
$SHADOWPLANELOCATION
 40
0.0
  0
ENDSEC
  0
SECTION
  2
CLASSES
  0
CLASS
  1
ACDBDICTIONARYWDFLT
  2
AcDbDictionaryWithDefault
  3
ObjectDBX Classes
 90
        0
 91
        1
280
     0
281
     0
  0
CLASS
  1
MATERIAL
  2
AcDbMaterial
  3
ObjectDBX Classes
 90
     1153
 91
        3
280
     0
281
     0
  0
CLASS
  1
VISUALSTYLE
  2
AcDbVisualStyle
  3
ObjectDBX Classes
 90
     4095
 91
       24
280
     0
281
     0
  0
CLASS
  1
SCALE
  2
AcDbScale
  3
ObjectDBX Classes
 90
     1153
 91
       17
280
     0
281
     0
  0
CLASS
  1
TABLESTYLE
  2
AcDbTableStyle
  3
ObjectDBX Classes
 90
     4095
 91
        1
280
     0
281
     0
  0
CLASS
  1
MLEADERSTYLE
  2
AcDbMLeaderStyle
  3
ACDB_MLEADERSTYLE_CLASS
 90
     4095
 91
        1
280
     0
281
     0
  0
CLASS
  1
ACDBSECTIONVIEWSTYLE
  2
AcDbSectionViewStyle
  3
ObjectDBX Classes
 90
     1025
 91
        1
280
     0
281
     0
  0
CLASS
  1
ACDBDETAILVIEWSTYLE
  2
AcDbDetailViewStyle
  3
ObjectDBX Classes
 90
     1025
 91
        1
280
     0
281
     0
  0
CLASS
  1
DICTIONARYVAR
  2
AcDbDictionaryVar
  3
ObjectDBX Classes
 90
        0
 91
        5
280
     0
281
     0
  0
CLASS
  1
CELLSTYLEMAP
  2
AcDbCellStyleMap
  3
ObjectDBX Classes
 90
     1152
 91
        1
280
     0
281
     0
  0
ENDSEC
  0
SECTION
  2
TABLES
  0
TABLE
  2
VPORT
  5
8
330
0
100
AcDbSymbolTable
 70
     1
  0
VPORT
  5
57
330
8
100
AcDbSymbolTableRecord
100
AcDbViewportTableRecord
  2
*Active
 70
     0
 10
0.0
 20
0.0
 11
1.0
 21
1.0
 12
0.0
 22
0.0
 13
0.0
 23
0.0
 14
1.0
 24
1.0
 15
0.0
 25
0.0
 16
0.0
 26
0.0
 36
1.0
 17
461.0276913509805
 27
-567.7988009696569
 37
0.0
 40
114.499724327894
 41
4.268125949349227
 42
50.0
 43
0.0
 44
0.0
 50
0.0
 51
0.0
 71
     0
 72
   100
 73
     1
 74
     1
 75
     0
 76
     0
 77
     0
 78
     0
281
     0
 65
     1
110
0.0
120
0.0
130
0.0
111
1.0
121
0.0
131
0.0
112
0.0
122
1.0
132
0.0
 79
     0
146
0.0
 60
     3
 61
     5
292
     1
282
     1
141
0.0
142
0.0
 63
   250
421
  3355443
  0
ENDTAB
  0
TABLE
  2
LTYPE
  5
5
330
0
100
AcDbSymbolTable
 70
     1
  0
LTYPE
  5
5B
330
5
100
AcDbSymbolTableRecord
100
AcDbLinetypeTableRecord
  2
ByBlock
 70
     0
  3

 72
    65
 73
     0
 40
0.0
  0
LTYPE
  5
5C
330
5
100
AcDbSymbolTableRecord
100
AcDbLinetypeTableRecord
  2
ByLayer
 70
     0
  3

 72
    65
 73
     0
 40
0.0
  0
LTYPE
  5
5D
330
5
100
AcDbSymbolTableRecord
100
AcDbLinetypeTableRecord
  2
Continuous
 70
     0
  3
Solid line
 72
    65
 73
     0
 40
0.0
  0
ENDTAB
  0
TABLE
  2
LAYER
  5
2
330
0
100
AcDbSymbolTable
 70
     3
  0
LAYER
  5
54
330
2
100
AcDbSymbolTableRecord
100
AcDbLayerTableRecord
  2
0
 70
     0
 62
     7
  6
Continuous
370
    -3
390
F
347
21
348
0
  0
LAYER
  5
78
330
2
100
AcDbSymbolTableRecord
100
AcDbLayerTableRecord
  2
Guides
 70
     5
 62
     7
  6
Continuous
370
     0
390
F
347
21
348
0
  0
LAYER
  5
201
330
2
100
AcDbSymbolTableRecord
100
AcDbLayerTableRecord
  2
Logo
 70
     0
 62
     7
  6
Continuous
370
     0
390
F
347
21
348
0
  0
ENDTAB
  0
TABLE
  2
STYLE
  5
3
330
0
100
AcDbSymbolTable
 70
     2
  0
STYLE
  5
55
330
3
100
AcDbSymbolTableRecord
100
AcDbTextStyleTableRecord
  2
Standard
 70
     0
 40
0.0
 41
1.0
 50
0.0
 71
     0
 42
0.2
  3
txt
  4

  0
STYLE
  5
5A
330
3
100
AcDbSymbolTableRecord
100
AcDbTextStyleTableRecord
  2
Annotative
 70
     0
 40
0.0
 41
1.0
 50
0.0
 71
     0
 42
0.2
  3
txt
  4

1001
AcadAnnotative
1000
AnnotativeData
1002
{
1070
     1
1070
     1
1002
}
  0
ENDTAB
  0
TABLE
  2
VIEW
  5
6
330
0
100
AcDbSymbolTable
 70
     0
  0
ENDTAB
  0
TABLE
  2
UCS
  5
7
330
0
100
AcDbSymbolTable
 70
     0
  0
ENDTAB
  0
TABLE
  2
APPID
  5
9
330
0
100
AcDbSymbolTable
 70
     2
  0
APPID
  5
56
330
9
100
AcDbSymbolTableRecord
100
AcDbRegAppTableRecord
  2
ACAD
 70
     0
  0
APPID
  5
5E
330
9
100
AcDbSymbolTableRecord
100
AcDbRegAppTableRecord
  2
AcadAnnotative
 70
     0
  0
ENDTAB
  0
TABLE
  2
DIMSTYLE
  5
A
330
0
100
AcDbSymbolTable
 70
     2
100
AcDbDimStyleTable
 71
     0
  0
DIMSTYLE
105
58
330
A
100
AcDbSymbolTableRecord
100
AcDbDimStyleTableRecord
  2
Standard
 70
     0
340
55
  0
DIMSTYLE
105
59
330
A
100
AcDbSymbolTableRecord
100
AcDbDimStyleTableRecord
  2
Annotative
 70
     0
340
55
1001
AcadAnnotative
1000
AnnotativeData
1002
{
1070
     1
1070
     1
1002
}
  0
ENDTAB
  0
TABLE
  2
BLOCK_RECORD
  5
1
330
0
100
AcDbSymbolTable
 70
    52
  0
BLOCK_RECORD
  5
70
330
1
100
AcDbSymbolTableRecord
100
AcDbBlockTableRecord
  2
*Model_Space
340
73
 70
     0
280
     1
281
     0
  0
BLOCK_RECORD
  5
6C
330
1
100
AcDbSymbolTableRecord
100
AcDbBlockTableRecord
  2
*Paper_Space
340
6F
 70
     0
280
     1
281
     0
  0
BLOCK_RECORD
  5
74
330
1
100
AcDbSymbolTableRecord
100
AcDbBlockTableRecord
  2
*Paper_Space0
340
77
 70
     0
280
     1
281
     0
  0
BLOCK_RECORD
  5
79
330
1
100
AcDbSymbolTableRecord
100
AcDbBlockTableRecord
  2
Block_0
340
0
102
{BLKREFS
331
7A
102
}
 70
     0
280
     1
281
     0
  0
BLOCK_RECORD
  5
7D
330
1
100
AcDbSymbolTableRecord
100
AcDbBlockTableRecord
  2
Block_1
340
0
102
{BLKREFS
331
7E
102
}
 70
     0
280
     1
281
     0
  0
BLOCK_RECORD
  5
8B
330
1
100
AcDbSymbolTableRecord
100
AcDbBlockTableRecord
  2
Block_2
340
0
102
{BLKREFS
331
8C
102
}
 70
     0
280
     1
281
     0
  0
BLOCK_RECORD
  5
8F
330
1
100
AcDbSymbolTableRecord
100
AcDbBlockTableRecord
  2
Block_3
340
0
102
{BLKREFS
331
90
102
}
 70
     0
280
     1
281
     0
  0
BLOCK_RECORD
  5
9A
330
1
100
AcDbSymbolTableRecord
100
AcDbBlockTableRecord
  2
Block_4
340
0
102
{BLKREFS
331
9B
102
}
 70
     0
280
     1
281
     0
  0
BLOCK_RECORD
  5
AA
330
1
100
AcDbSymbolTableRecord
100
AcDbBlockTableRecord
  2
Block_5
340
0
102
{BLKREFS
331
AB
102
}
 70
     0
280
     1
281
     0
  0
BLOCK_RECORD
  5
AE
330
1
100
AcDbSymbolTableRecord
100
AcDbBlockTableRecord
  2
Block_6
340
0
102
{BLKREFS
331
AF
102
}
 70
     0
280
     1
281
     0
  0
BLOCK_RECORD
  5
BC
330
1
100
AcDbSymbolTableRecord
100
AcDbBlockTableRecord
  2
Block_7
340
0
102
{BLKREFS
331
BD
102
}
 70
     0
280
     1
281
     0
  0
BLOCK_RECORD
  5
C0
330
1
100
AcDbSymbolTableRecord
100
AcDbBlockTableRecord
  2
Block_8
340
0
102
{BLKREFS
331
C1
102
}
 70
     0
280
     1
281
     0
  0
BLOCK_RECORD
  5
CB
330
1
100
AcDbSymbolTableRecord
100
AcDbBlockTableRecord
  2
Block_9
340
0
102
{BLKREFS
331
CC
102
}
 70
     0
280
     1
281
     0
  0
BLOCK_RECORD
  5
DB
330
1
100
AcDbSymbolTableRecord
100
AcDbBlockTableRecord
  2
Block_10
340
0
102
{BLKREFS
331
DC
102
}
 70
     0
280
     1
281
     0
  0
BLOCK_RECORD
  5
DF
330
1
100
AcDbSymbolTableRecord
100
AcDbBlockTableRecord
  2
Block_11
340
0
102
{BLKREFS
331
E0
102
}
 70
     0
280
     1
281
     0
  0
BLOCK_RECORD
  5
ED
330
1
100
AcDbSymbolTableRecord
100
AcDbBlockTableRecord
  2
Block_12
340
0
102
{BLKREFS
331
EE
102
}
 70
     0
280
     1
281
     0
  0
BLOCK_RECORD
  5
F1
330
1
100
AcDbSymbolTableRecord
100
AcDbBlockTableRecord
  2
Block_13
340
0
102
{BLKREFS
331
F2
102
}
 70
     0
280
     1
281
     0
  0
BLOCK_RECORD
  5
FC
330
1
100
AcDbSymbolTableRecord
100
AcDbBlockTableRecord
  2
Block_14
340
0
102
{BLKREFS
331
FD
102
}
 70
     0
280
     1
281
     0
  0
BLOCK_RECORD
  5
10C
330
1
100
AcDbSymbolTableRecord
100
AcDbBlockTableRecord
  2
Block_15
340
0
102
{BLKREFS
331
10D
102
}
 70
     0
280
     1
281
     0
  0
BLOCK_RECORD
  5
110
330
1
100
AcDbSymbolTableRecord
100
AcDbBlockTableRecord
  2
Block_16
340
0
102
{BLKREFS
331
111
102
}
 70
     0
280
     1
281
     0
  0
BLOCK_RECORD
  5
11E
330
1
100
AcDbSymbolTableRecord
100
AcDbBlockTableRecord
  2
Block_17
340
0
102
{BLKREFS
331
11F
102
}
 70
     0
280
     1
281
     0
  0
BLOCK_RECORD
  5
122
330
1
100
AcDbSymbolTableRecord
100
AcDbBlockTableRecord
  2
Block_18
340
0
102
{BLKREFS
331
123
102
}
 70
     0
280
     1
281
     0
  0
BLOCK_RECORD
  5
12D
330
1
100
AcDbSymbolTableRecord
100
AcDbBlockTableRecord
  2
Block_19
340
0
102
{BLKREFS
331
12E
102
}
 70
     0
280
     1
281
     0
  0
BLOCK_RECORD
  5
13D
330
1
100
AcDbSymbolTableRecord
100
AcDbBlockTableRecord
  2
Block_20
340
0
102
{BLKREFS
331
13E
102
}
 70
     0
280
     1
281
     0
  0
BLOCK_RECORD
  5
141
330
1
100
AcDbSymbolTableRecord
100
AcDbBlockTableRecord
  2
Block_21
340
0
102
{BLKREFS
331
142
102
}
 70
     0
280
     1
281
     0
  0
BLOCK_RECORD
  5
14F
330
1
100
AcDbSymbolTableRecord
100
AcDbBlockTableRecord
  2
Block_22
340
0
102
{BLKREFS
331
150
102
}
 70
     0
280
     1
281
     0
  0
BLOCK_RECORD
  5
153
330
1
100
AcDbSymbolTableRecord
100
AcDbBlockTableRecord
  2
Block_23
340
0
102
{BLKREFS
331
154
102
}
 70
     0
280
     1
281
     0
  0
BLOCK_RECORD
  5
15E
330
1
100
AcDbSymbolTableRecord
100
AcDbBlockTableRecord
  2
Block_24
340
0
102
{BLKREFS
331
15F
102
}
 70
     0
280
     1
281
     0
  0
BLOCK_RECORD
  5
16E
330
1
100
AcDbSymbolTableRecord
100
AcDbBlockTableRecord
  2
Block_25
340
0
102
{BLKREFS
331
16F
102
}
 70
     0
280
     1
281
     0
  0
BLOCK_RECORD
  5
172
330
1
100
AcDbSymbolTableRecord
100
AcDbBlockTableRecord
  2
Block_26
340
0
102
{BLKREFS
331
173
102
}
 70
     0
280
     1
281
     0
  0
BLOCK_RECORD
  5
180
330
1
100
AcDbSymbolTableRecord
100
AcDbBlockTableRecord
  2
Block_27
340
0
102
{BLKREFS
331
181
102
}
 70
     0
280
     1
281
     0
  0
BLOCK_RECORD
  5
184
330
1
100
AcDbSymbolTableRecord
100
AcDbBlockTableRecord
  2
Block_28
340
0
102
{BLKREFS
331
185
102
}
 70
     0
280
     1
281
     0
  0
BLOCK_RECORD
  5
18F
330
1
100
AcDbSymbolTableRecord
100
AcDbBlockTableRecord
  2
Block_29
340
0
102
{BLKREFS
331
190
102
}
 70
     0
280
     1
281
     0
  0
BLOCK_RECORD
  5
19F
330
1
100
AcDbSymbolTableRecord
100
AcDbBlockTableRecord
  2
Block_30
340
0
102
{BLKREFS
331
1A0
102
}
 70
     0
280
     1
281
     0
  0
BLOCK_RECORD
  5
1A3
330
1
100
AcDbSymbolTableRecord
100
AcDbBlockTableRecord
  2
Block_31
340
0
102
{BLKREFS
331
1A4
102
}
 70
     0
280
     1
281
     0
  0
BLOCK_RECORD
  5
1B1
330
1
100
AcDbSymbolTableRecord
100
AcDbBlockTableRecord
  2
Block_32
340
0
102
{BLKREFS
331
1B2
102
}
 70
     0
280
     1
281
     0
  0
BLOCK_RECORD
  5
1B5
330
1
100
AcDbSymbolTableRecord
100
AcDbBlockTableRecord
  2
Block_33
340
0
102
{BLKREFS
331
1B6
102
}
 70
     0
280
     1
281
     0
  0
BLOCK_RECORD
  5
1C0
330
1
100
AcDbSymbolTableRecord
100
AcDbBlockTableRecord
  2
Block_34
340
0
102
{BLKREFS
331
1C1
102
}
 70
     0
280
     1
281
     0
  0
BLOCK_RECORD
  5
1D0
330
1
100
AcDbSymbolTableRecord
100
AcDbBlockTableRecord
  2
Block_35
340
0
102
{BLKREFS
331
1D1
102
}
 70
     0
280
     1
281
     0
  0
BLOCK_RECORD
  5
1D4
330
1
100
AcDbSymbolTableRecord
100
AcDbBlockTableRecord
  2
Block_36
340
0
102
{BLKREFS
331
1D5
102
}
 70
     0
280
     1
281
     0
  0
BLOCK_RECORD
  5
1E2
330
1
100
AcDbSymbolTableRecord
100
AcDbBlockTableRecord
  2
Block_37
340
0
102
{BLKREFS
331
1E3
102
}
 70
     0
280
     1
281
     0
  0
BLOCK_RECORD
  5
1E6
330
1
100
AcDbSymbolTableRecord
100
AcDbBlockTableRecord
  2
Block_38
340
0
102
{BLKREFS
331
1E7
102
}
 70
     0
280
     1
281
     0
  0
BLOCK_RECORD
  5
1F1
330
1
100
AcDbSymbolTableRecord
100
AcDbBlockTableRecord
  2
Block_39
340
0
102
{BLKREFS
331
1F2
102
}
 70
     0
280
     1
281
     0
  0
BLOCK_RECORD
  5
205
330
1
100
AcDbSymbolTableRecord
100
AcDbBlockTableRecord
  2
Block_40
340
0
102
{BLKREFS
331
206
102
}
 70
     0
280
     1
281
     0
  0
BLOCK_RECORD
  5
214
330
1
100
AcDbSymbolTableRecord
100
AcDbBlockTableRecord
  2
Block_41
340
0
102
{BLKREFS
331
215
102
}
 70
     0
280
     1
281
     0
  0
BLOCK_RECORD
  5
218
330
1
100
AcDbSymbolTableRecord
100
AcDbBlockTableRecord
  2
Block_42
340
0
102
{BLKREFS
331
219
102
}
 70
     0
280
     1
281
     0
  0
BLOCK_RECORD
  5
224
330
1
100
AcDbSymbolTableRecord
100
AcDbBlockTableRecord
  2
Block_43
340
0
102
{BLKREFS
331
225
102
}
 70
     0
280
     1
281
     0
  0
BLOCK_RECORD
  5
228
330
1
100
AcDbSymbolTableRecord
100
AcDbBlockTableRecord
  2
Block_44
340
0
102
{BLKREFS
331
229
102
}
 70
     0
280
     1
281
     0
  0
BLOCK_RECORD
  5
233
330
1
100
AcDbSymbolTableRecord
100
AcDbBlockTableRecord
  2
Block_45
340
0
102
{BLKREFS
331
234
102
}
 70
     0
280
     1
281
     0
  0
BLOCK_RECORD
  5
253
330
1
100
AcDbSymbolTableRecord
100
AcDbBlockTableRecord
  2
Block_46
340
0
102
{BLKREFS
331
254
102
}
 70
     0
280
     1
281
     0
  0
BLOCK_RECORD
  5
25A
330
1
100
AcDbSymbolTableRecord
100
AcDbBlockTableRecord
  2
Block_47
340
0
102
{BLKREFS
331
25B
102
}
 70
     0
280
     1
281
     0
  0
BLOCK_RECORD
  5
266
330
1
100
AcDbSymbolTableRecord
100
AcDbBlockTableRecord
  2
Block_48
340
0
102
{BLKREFS
331
267
102
}
 70
     0
280
     1
281
     0
  0
BLOCK_RECORD
  5
26A
330
1
100
AcDbSymbolTableRecord
100
AcDbBlockTableRecord
  2
Block_49
340
0
102
{BLKREFS
331
26B
102
}
 70
     0
280
     1
281
     0
  0
BLOCK_RECORD
  5
275
330
1
100
AcDbSymbolTableRecord
100
AcDbBlockTableRecord
  2
Block_50
340
0
102
{BLKREFS
331
276
102
}
 70
     0
280
     1
281
     0
  0
ENDTAB
  0
ENDSEC
  0
SECTION
  2
BLOCKS
  0
BLOCK
  5
71
330
70
100
AcDbEntity
  8
0
100
AcDbBlockBegin
  2
*Model_Space
 70
     0
 10
0.0
 20
0.0
 30
0.0
  3
*Model_Space
  1

  0
ENDBLK
  5
72
330
70
100
AcDbEntity
  8
0
100
AcDbBlockEnd
  0
BLOCK
  5
6D
330
6C
100
AcDbEntity
 67
     1
  8
0
100
AcDbBlockBegin
  2
*Paper_Space
 70
     0
 10
0.0
 20
0.0
 30
0.0
  3
*Paper_Space
  1

  0
ENDBLK
  5
6E
330
6C
100
AcDbEntity
 67
     1
  8
0
100
AcDbBlockEnd
  0
BLOCK
  5
75
330
74
100
AcDbEntity
 67
     1
  8
0
100
AcDbBlockBegin
  2
*Paper_Space0
 70
     0
 10
0.0
 20
0.0
 30
0.0
  3
*Paper_Space0
  1

  0
ENDBLK
  5
76
330
74
100
AcDbEntity
 67
     1
  8
0
100
AcDbBlockEnd
  0
BLOCK
  5
7B
330
79
100
AcDbEntity
  8
0
100
AcDbBlockBegin
  2
Block_0
 70
     0
 10
0.0
 20
0.0
 30
0.0
  3
Block_0
  1

  0
INSERT
  5
7E
330
79
100
AcDbEntity
  8
Guides
100
AcDbBlockReference
  2
Block_1
 10
0.0
 20
0.0
 30
0.0
  0
INSERT
  5
8C
330
79
100
AcDbEntity
  8
Guides
100
AcDbBlockReference
  2
Block_2
 10
0.0
 20
0.0
 30
0.0
  0
INSERT
  5
9B
330
79
100
AcDbEntity
  8
Guides
100
AcDbBlockReference
  2
Block_4
 10
0.0
 20
0.0
 30
0.0
  0
ENDBLK
  5
7C
330
79
100
AcDbEntity
  8
0
100
AcDbBlockEnd
  0
BLOCK
  5
7F
330
7D
100
AcDbEntity
  8
0
100
AcDbBlockBegin
  2
Block_1
 70
     0
 10
0.0
 20
0.0
 30
0.0
  3
Block_1
  1

  0
SPLINE
  5
81
330
7D
100
AcDbEntity
  8
Guides
100
AcDbSpline
210
0.0
220
0.0
230
1.0
 70
     9
 71
     3
 72
    29
 73
    25
 74
     0
 42
0.0000000001
 43
0.0000000001
 40
0.0
 40
0.0
 40
0.0
 40
0.0
 40
1.0
 40
1.0
 40
1.0
 40
2.0
 40
2.0
 40
2.0
 40
3.0
 40
3.0
 40
3.0
 40
4.0
 40
4.0
 40
4.0
 40
5.0
 40
5.0
 40
5.0
 40
6.0
 40
6.0
 40
6.0
 40
7.0
 40
7.0
 40
7.0
 40
8.0
 40
8.0
 40
8.0
 40
8.0
 10
691.7936564355365
 20
-566.6309871330653
 30
0.0
 10
691.7360379889632
 20
-566.6309871330653
 30
0.0
 10
691.6862766032833
 20
-566.6193886146025
 30
0.0
 10
691.6365152176072
 20
-566.6003071809959
 30
0.0
 10
691.5867538319312
 20
-566.5774842898198
 30
0.0
 10
691.5407339038219
 20
-566.550545795316
 30
0.0
 10
691.5023839637316
 20
-566.5123829281064
 30
0.0
 10
691.4258711564293
 20
-566.4319415903578
 30
0.0
 10
691.3835926858927
 20
-566.3320446732448
 30
0.0
 10
691.3835926858927
 20
-566.2212975291793
 30
0.0
 10
691.3835926858927
 20
-566.1139176969268
 30
0.0
 10
691.4258711564293
 20
-566.0065378646775
 30
0.0
 10
691.5023839637316
 20
-565.9298379844982
 30
0.0
 10
691.6555966512139
 20
-565.7805538274669
 30
0.0
 10
691.927600616535
 20
-565.7768123698929
 30
0.0
 10
692.0810003768935
 20
-565.9298379844982
 30
0.0
 10
692.1575131841928
 20
-566.0065378646775
 30
0.0
 10
692.1997916547326
 20
-566.1139176969268
 30
0.0
 10
692.1997916547326
 20
-566.2212975291793
 30
0.0
 10
692.1997916547326
 20
-566.3320446732448
 30
0.0
 10
692.1575131841928
 20
-566.4319415903578
 30
0.0
 10
692.0810003768935
 20
-566.5123829281064
 30
0.0
 10
692.0043004967104
 20
-566.5890828082864
 30
0.0
 10
691.9008491949082
 20
-566.6309871330653
 30
0.0
 10
691.7936564355365
 20
-566.6309871330653
 30
0.0
  0
HATCH
  5
82
330
7D
100
AcDbEntity
  8
Guides
 62
   254
420
 14869218
440
 33554687
100
AcDbHatch
 10
0.0
 20
0.0
 30
0.0
210
0.0
220
0.0
230
1.0
  2
SOLID
 70
     1
 71
     1
 91
        1
 92
        1
 93
        1
 72
     4
 94
        3
 73
     0
 74
     0
 95
       29
 96
       25
 40
0.0
 40
0.0
 40
0.0
 40
0.0
 40
1.0
 40
1.0
 40
1.0
 40
2.0
 40
2.0
 40
2.0
 40
3.0
 40
3.0
 40
3.0
 40
4.0
 40
4.0
 40
4.0
 40
5.0
 40
5.0
 40
5.0
 40
6.0
 40
6.0
 40
6.0
 40
7.0
 40
7.0
 40
7.0
 40
8.0
 40
8.0
 40
8.0
 40
8.0
 10
691.7936564355365
 20
-566.6309871330653
 10
691.7360379889632
 20
-566.6309871330653
 10
691.6862766032833
 20
-566.6193886146025
 10
691.6365152176072
 20
-566.6003071809959
 10
691.5867538319312
 20
-566.5774842898198
 10
691.5407339038219
 20
-566.550545795316
 10
691.5023839637316
 20
-566.5123829281064
 10
691.4258711564293
 20
-566.4319415903578
 10
691.3835926858927
 20
-566.3320446732448
 10
691.3835926858927
 20
-566.2212975291793
 10
691.3835926858927
 20
-566.1139176969268
 10
691.4258711564293
 20
-566.0065378646775
 10
691.5023839637316
 20
-565.9298379844982
 10
691.6555966512139
 20
-565.7805538274669
 10
691.927600616535
 20
-565.7768123698929
 10
692.0810003768935
 20
-565.9298379844982
 10
692.1575131841928
 20
-566.0065378646775
 10
692.1997916547326
 20
-566.1139176969268
 10
692.1997916547326
 20
-566.2212975291793
 10
692.1997916547326
 20
-566.3320446732448
 10
692.1575131841928
 20
-566.4319415903578
 10
692.0810003768935
 20
-566.5123829281064
 10
692.0043004967104
 20
-566.5890828082864
 10
691.9008491949082
 20
-566.6309871330653
 10
691.7936564355365
 20
-566.6309871330653
 97
        0
 97
        1
330
81
 75
     2
 76
     1
 98
        1
 10
0.0
 20
0.0
450
        0
451
        0
460
0.0
461
0.0
452
        0
462
0.0
453
        0
470

  0
SPLINE
  5
83
330
7D
100
AcDbEntity
  8
Guides
100
AcDbSpline
210
0.0
220
0.0
230
1.0
 70
     9
 71
     3
 72
    32
 73
    28
 74
     0
 42
0.0000000001
 43
0.0000000001
 40
0.0
 40
0.0
 40
0.0
 40
0.0
 40
1.0
 40
1.0
 40
1.0
 40
2.0
 40
2.0
 40
2.0
 40
3.0
 40
3.0
 40
3.0
 40
4.0
 40
4.0
 40
4.0
 40
5.0
 40
5.0
 40
5.0
 40
6.0
 40
6.0
 40
6.0
 40
7.0
 40
7.0
 40
7.0
 40
8.0
 40
8.0
 40
8.0
 40
9.0
 40
9.0
 40
9.0
 40
9.0
 10
681.4191479719861
 20
-571.8789374402763
 30
0.0
 10
681.2161738988278
 20
-571.7831561264942
 30
0.0
 10
681.1280625730621
 20
-571.537716509916
 30
0.0
 10
681.223843886848
 20
-571.3349295096378
 30
0.0
 10
681.223843886848
 20
-571.3349295096378
 30
0.0
 10
681.223843886848
 20
-571.3349295096378
 30
0.0
 10
681.223843886848
 20
-571.3349295096378
 30
0.0
 10
681.323366658204
 20
-571.1317683635993
 30
0.0
 10
681.5686192018983
 20
-571.0434699649534
 30
0.0
 10
681.7715932750566
 20
-571.1392512787394
 30
0.0
 10
681.7715932750566
 20
-571.1392512787394
 30
0.0
 10
681.7715932750566
 20
-571.1392512787394
 30
0.0
 10
681.7715932750566
 20
-571.1392512787394
 30
0.0
 10
681.9747544210951
 20
-571.2350325925247
 30
0.0
 10
682.0628657468607
 20
-571.4804722090998
 30
0.0
 10
681.9631559026285
 20
-571.6832592093811
 30
0.0
 10
681.9631559026285
 20
-571.6832592093811
 30
0.0
 10
681.9631559026285
 20
-571.6832592093811
 30
0.0
 10
681.9631559026285
 20
-571.6832592093811
 30
0.0
 10
681.8943130833457
 20
-571.8329175121702
 30
0.0
 10
681.7485833110035
 20
-571.920841765059
 30
0.0
 10
681.5953706235213
 20
-571.920841765059
 30
0.0
 10
681.5953706235213
 20
-571.920841765059
 30
0.0
 10
681.5953706235213
 20
-571.920841765059
 30
0.0
 10
681.5953706235213
 20
-571.920841765059
 30
0.0
 10
681.537939249825
 20
-571.920841765059
 30
0.0
 10
681.4765793456825
 20
-571.9055017890224
 30
0.0
 10
681.4191479719861
 20
-571.8789374402763
 30
0.0
  0
HATCH
  5
84
330
7D
100
AcDbEntity
  8
Guides
 62
   254
420
 14869218
440
 33554687
100
AcDbHatch
 10
0.0
 20
0.0
 30
0.0
210
0.0
220
0.0
230
1.0
  2
SOLID
 70
     1
 71
     1
 91
        1
 92
        1
 93
        1
 72
     4
 94
        3
 73
     0
 74
     0
 95
       32
 96
       28
 40
0.0
 40
0.0
 40
0.0
 40
0.0
 40
1.0
 40
1.0
 40
1.0
 40
2.0
 40
2.0
 40
2.0
 40
3.0
 40
3.0
 40
3.0
 40
4.0
 40
4.0
 40
4.0
 40
5.0
 40
5.0
 40
5.0
 40
6.0
 40
6.0
 40
6.0
 40
7.0
 40
7.0
 40
7.0
 40
8.0
 40
8.0
 40
8.0
 40
9.0
 40
9.0
 40
9.0
 40
9.0
 10
681.4191479719861
 20
-571.8789374402763
 10
681.2161738988278
 20
-571.7831561264942
 10
681.1280625730621
 20
-571.537716509916
 10
681.223843886848
 20
-571.3349295096378
 10
681.223843886848
 20
-571.3349295096378
 10
681.223843886848
 20
-571.3349295096378
 10
681.223843886848
 20
-571.3349295096378
 10
681.323366658204
 20
-571.1317683635993
 10
681.5686192018983
 20
-571.0434699649534
 10
681.7715932750566
 20
-571.1392512787394
 10
681.7715932750566
 20
-571.1392512787394
 10
681.7715932750566
 20
-571.1392512787394
 10
681.7715932750566
 20
-571.1392512787394
 10
681.9747544210951
 20
-571.2350325925247
 10
682.0628657468607
 20
-571.4804722090998
 10
681.9631559026285
 20
-571.6832592093811
 10
681.9631559026285
 20
-571.6832592093811
 10
681.9631559026285
 20
-571.6832592093811
 10
681.9631559026285
 20
-571.6832592093811
 10
681.8943130833457
 20
-571.8329175121702
 10
681.7485833110035
 20
-571.920841765059
 10
681.5953706235213
 20
-571.920841765059
 10
681.5953706235213
 20
-571.920841765059
 10
681.5953706235213
 20
-571.920841765059
 10
681.5953706235213
 20
-571.920841765059
 10
681.537939249825
 20
-571.920841765059
 10
681.4765793456825
 20
-571.9055017890224
 10
681.4191479719861
 20
-571.8789374402763
 97
        0
 97
        1
330
83
 75
     2
 76
     1
 98
        1
 10
0.0
 20
0.0
450
        0
451
        0
460
0.0
461
0.0
452
        0
462
0.0
453
        0
470

  0
SPLINE
  5
85
330
7D
100
AcDbEntity
  8
Guides
100
AcDbSpline
210
0.0
220
0.0
230
1.0
 70
     9
 71
     3
 72
    32
 73
    28
 74
     0
 42
0.0000000001
 43
0.0000000001
 40
0.0
 40
0.0
 40
0.0
 40
0.0
 40
1.0
 40
1.0
 40
1.0
 40
2.0
 40
2.0
 40
2.0
 40
3.0
 40
3.0
 40
3.0
 40
4.0
 40
4.0
 40
4.0
 40
5.0
 40
5.0
 40
5.0
 40
6.0
 40
6.0
 40
6.0
 40
7.0
 40
7.0
 40
7.0
 40
8.0
 40
8.0
 40
8.0
 40
9.0
 40
9.0
 40
9.0
 40
9.0
 10
682.1010850801225
 20
-570.530412177918
 30
0.0
 10
681.917192440567
 20
-570.4039509120626
 30
0.0
 10
681.871172512461
 20
-570.1472869227781
 30
0.0
 10
682.0013752358863
 20
-569.9632072103456
 30
0.0
 10
682.0013752358863
 20
-569.9632072103456
 30
0.0
 10
682.0013752358863
 20
-569.9632072103456
 30
0.0
 10
682.0013752358863
 20
-569.9632072103456
 30
0.0
 10
682.1317650321918
 20
-569.7753860403445
 30
0.0
 10
682.3845004910294
 20
-569.7293661122378
 30
0.0
 10
682.5723216610281
 20
-569.8599429814203
 30
0.0
 10
682.5723216610281
 20
-569.8599429814203
 30
0.0
 10
682.5723216610281
 20
-569.8599429814203
 30
0.0
 10
682.5723216610281
 20
-569.8599429814203
 30
0.0
 10
682.7562143005829
 20
-569.9901457048495
 30
0.0
 10
682.8022342286896
 20
-570.2468096941335
 30
0.0
 10
682.6718444323834
 20
-570.4305152608087
 30
0.0
 10
682.6718444323834
 20
-570.4305152608087
 30
0.0
 10
682.6718444323834
 20
-570.4305152608087
 30
0.0
 10
682.6718444323834
 20
-570.4305152608087
 30
0.0
 10
682.5914030946347
 20
-570.5457521539545
 30
0.0
 10
682.4649418287788
 20
-570.6067379123441
 30
0.0
 10
682.3384805629203
 20
-570.6067379123441
 30
0.0
 10
682.3384805629203
 20
-570.6067379123441
 30
0.0
 10
682.3384805629203
 20
-570.6067379123441
 30
0.0
 10
682.3384805629203
 20
-570.6067379123441
 30
0.0
 10
682.2542977676008
 20
-570.6067379123441
 30
0.0
 10
682.1738564298516
 20
-570.5801735635973
 30
0.0
 10
682.1010850801225
 20
-570.530412177918
 30
0.0
  0
HATCH
  5
86
330
7D
100
AcDbEntity
  8
Guides
 62
   254
420
 14869218
440
 33554687
100
AcDbHatch
 10
0.0
 20
0.0
 30
0.0
210
0.0
220
0.0
230
1.0
  2
SOLID
 70
     1
 71
     1
 91
        1
 92
        1
 93
        1
 72
     4
 94
        3
 73
     0
 74
     0
 95
       32
 96
       28
 40
0.0
 40
0.0
 40
0.0
 40
0.0
 40
1.0
 40
1.0
 40
1.0
 40
2.0
 40
2.0
 40
2.0
 40
3.0
 40
3.0
 40
3.0
 40
4.0
 40
4.0
 40
4.0
 40
5.0
 40
5.0
 40
5.0
 40
6.0
 40
6.0
 40
6.0
 40
7.0
 40
7.0
 40
7.0
 40
8.0
 40
8.0
 40
8.0
 40
9.0
 40
9.0
 40
9.0
 40
9.0
 10
682.1010850801225
 20
-570.530412177918
 10
681.917192440567
 20
-570.4039509120626
 10
681.871172512461
 20
-570.1472869227781
 10
682.0013752358863
 20
-569.9632072103456
 10
682.0013752358863
 20
-569.9632072103456
 10
682.0013752358863
 20
-569.9632072103456
 10
682.0013752358863
 20
-569.9632072103456
 10
682.1317650321918
 20
-569.7753860403445
 10
682.3845004910294
 20
-569.7293661122378
 10
682.5723216610281
 20
-569.8599429814203
 10
682.5723216610281
 20
-569.8599429814203
 10
682.5723216610281
 20
-569.8599429814203
 10
682.5723216610281
 20
-569.8599429814203
 10
682.7562143005829
 20
-569.9901457048495
 10
682.8022342286896
 20
-570.2468096941335
 10
682.6718444323834
 20
-570.4305152608087
 10
682.6718444323834
 20
-570.4305152608087
 10
682.6718444323834
 20
-570.4305152608087
 10
682.6718444323834
 20
-570.4305152608087
 10
682.5914030946347
 20
-570.5457521539545
 10
682.4649418287788
 20
-570.6067379123441
 10
682.3384805629203
 20
-570.6067379123441
 10
682.3384805629203
 20
-570.6067379123441
 10
682.3384805629203
 20
-570.6067379123441
 10
682.3384805629203
 20
-570.6067379123441
 10
682.2542977676008
 20
-570.6067379123441
 10
682.1738564298516
 20
-570.5801735635973
 10
682.1010850801225
 20
-570.530412177918
 97
        0
 97
        1
330
85
 75
     2
 76
     1
 98
        1
 10
0.0
 20
0.0
450
        0
451
        0
460
0.0
461
0.0
452
        0
462
0.0
453
        0
470

  0
SPLINE
  5
87
330
7D
100
AcDbEntity
  8
Guides
100
AcDbSpline
210
0.0
220
0.0
230
1.0
 70
     9
 71
     3
 72
    38
 73
    34
 74
     0
 42
0.0000000001
 43
0.0000000001
 40
0.0
 40
0.0
 40
0.0
 40
0.0
 40
1.0
 40
1.0
 40
1.0
 40
2.0
 40
2.0
 40
2.0
 40
3.0
 40
3.0
 40
3.0
 40
4.0
 40
4.0
 40
4.0
 40
5.0
 40
5.0
 40
5.0
 40
6.0
 40
6.0
 40
6.0
 40
7.0
 40
7.0
 40
7.0
 40
8.0
 40
8.0
 40
8.0
 40
9.0
 40
9.0
 40
9.0
 40
10.0
 40
10.0
 40
10.0
 40
11.0
 40
11.0
 40
11.0
 40
11.0
 10
682.9270411795524
 20
-569.4083412114645
 30
0.0
 10
682.7661585040539
 20
-569.2474585359621
 30
0.0
 10
682.7622299736036
 20
-568.9907945466813
 30
0.0
 10
682.9232997219824
 20
-568.8257962678524
 30
0.0
 10
682.9232997219824
 20
-568.8257962678524
 30
0.0
 10
682.9232997219824
 20
-568.8257962678524
 30
0.0
 10
682.9232997219824
 20
-568.8257962678524
 30
0.0
 10
682.9232997219824
 20
-568.8257962678524
 30
0.0
 10
682.9232997219824
 20
-568.8257962678524
 30
0.0
 10
682.9232997219824
 20
-568.8257962678524
 30
0.0
 10
682.9232997219824
 20
-568.8257962678524
 30
0.0
 10
682.9232997219824
 20
-568.8257962678524
 30
0.0
 10
682.9232997219824
 20
-568.8257962678524
 30
0.0
 10
683.0802538670309
 20
-568.6649135923537
 30
0.0
 10
683.3408463867656
 20
-568.6649135923537
 30
0.0
 10
683.5017290622642
 20
-568.8220548102862
 30
0.0
 10
683.5017290622642
 20
-568.8220548102862
 30
0.0
 10
683.5017290622642
 20
-568.8220548102862
 30
0.0
 10
683.5017290622642
 20
-568.8220548102862
 30
0.0
 10
683.6626117377628
 20
-568.9791960282148
 30
0.0
 10
683.6665402682131
 20
-569.2396014750655
 30
0.0
 10
683.5056575927144
 20
-569.4004841505674
 30
0.0
 10
683.5056575927144
 20
-569.4004841505674
 30
0.0
 10
683.5056575927144
 20
-569.4004841505674
 30
0.0
 10
683.5056575927144
 20
-569.4004841505674
 30
0.0
 10
683.425029182085
 20
-569.4850410916437
 30
0.0
 10
683.321764953159
 20
-569.5232039588533
 30
0.0
 10
683.2143851209065
 20
-569.5232039588533
 30
0.0
 10
683.2143851209065
 20
-569.5232039588533
 30
0.0
 10
683.2143851209065
 20
-569.5232039588533
 30
0.0
 10
683.2143851209065
 20
-569.5232039588533
 30
0.0
 10
683.1109338191041
 20
-569.5232039588533
 30
0.0
 10
683.0074825173018
 20
-569.4850410916437
 30
0.0
 10
682.9270411795524
 20
-569.4083412114645
 30
0.0
  0
HATCH
  5
88
330
7D
100
AcDbEntity
  8
Guides
 62
   254
420
 14869218
440
 33554687
100
AcDbHatch
 10
0.0
 20
0.0
 30
0.0
210
0.0
220
0.0
230
1.0
  2
SOLID
 70
     1
 71
     1
 91
        1
 92
        1
 93
        1
 72
     4
 94
        3
 73
     0
 74
     0
 95
       38
 96
       34
 40
0.0
 40
0.0
 40
0.0
 40
0.0
 40
1.0
 40
1.0
 40
1.0
 40
2.0
 40
2.0
 40
2.0
 40
3.0
 40
3.0
 40
3.0
 40
4.0
 40
4.0
 40
4.0
 40
5.0
 40
5.0
 40
5.0
 40
6.0
 40
6.0
 40
6.0
 40
7.0
 40
7.0
 40
7.0
 40
8.0
 40
8.0
 40
8.0
 40
9.0
 40
9.0
 40
9.0
 40
10.0
 40
10.0
 40
10.0
 40
11.0
 40
11.0
 40
11.0
 40
11.0
 10
682.9270411795524
 20
-569.4083412114645
 10
682.7661585040539
 20
-569.2474585359621
 10
682.7622299736036
 20
-568.9907945466813
 10
682.9232997219824
 20
-568.8257962678524
 10
682.9232997219824
 20
-568.8257962678524
 10
682.9232997219824
 20
-568.8257962678524
 10
682.9232997219824
 20
-568.8257962678524
 10
682.9232997219824
 20
-568.8257962678524
 10
682.9232997219824
 20
-568.8257962678524
 10
682.9232997219824
 20
-568.8257962678524
 10
682.9232997219824
 20
-568.8257962678524
 10
682.9232997219824
 20
-568.8257962678524
 10
682.9232997219824
 20
-568.8257962678524
 10
683.0802538670309
 20
-568.6649135923537
 10
683.3408463867656
 20
-568.6649135923537
 10
683.5017290622642
 20
-568.8220548102862
 10
683.5017290622642
 20
-568.8220548102862
 10
683.5017290622642
 20
-568.8220548102862
 10
683.5017290622642
 20
-568.8220548102862
 10
683.6626117377628
 20
-568.9791960282148
 10
683.6665402682131
 20
-569.2396014750655
 10
683.5056575927144
 20
-569.4004841505674
 10
683.5056575927144
 20
-569.4004841505674
 10
683.5056575927144
 20
-569.4004841505674
 10
683.5056575927144
 20
-569.4004841505674
 10
683.425029182085
 20
-569.4850410916437
 10
683.321764953159
 20
-569.5232039588533
 10
683.2143851209065
 20
-569.5232039588533
 10
683.2143851209065
 20
-569.5232039588533
 10
683.2143851209065
 20
-569.5232039588533
 10
683.2143851209065
 20
-569.5232039588533
 10
683.1109338191041
 20
-569.5232039588533
 10
683.0074825173018
 20
-569.4850410916437
 10
682.9270411795524
 20
-569.4083412114645
 97
        0
 97
        1
330
87
 75
     2
 76
     1
 98
        1
 10
0.0
 20
0.0
450
        0
451
        0
460
0.0
461
0.0
452
        0
462
0.0
453
        0
470

  0
SPLINE
  5
89
330
7D
100
AcDbEntity
  8
Guides
100
AcDbSpline
210
0.0
220
0.0
230
1.0
 70
     9
 71
     3
 72
    32
 73
    28
 74
     0
 42
0.0000000001
 43
0.0000000001
 40
0.0
 40
0.0
 40
0.0
 40
0.0
 40
1.0
 40
1.0
 40
1.0
 40
2.0
 40
2.0
 40
2.0
 40
3.0
 40
3.0
 40
3.0
 40
4.0
 40
4.0
 40
4.0
 40
5.0
 40
5.0
 40
5.0
 40
6.0
 40
6.0
 40
6.0
 40
7.0
 40
7.0
 40
7.0
 40
8.0
 40
8.0
 40
8.0
 40
9.0
 40
9.0
 40
9.0
 40
9.0
 10
684.2429846195101
 20
-568.5276982124792
 30
0.0
 10
684.1892947033832
 20
-568.5276982124792
 30
0.0
 10
684.135604787257
 20
-568.516099694012
 30
0.0
 10
684.0858434015809
 20
-568.4970182604059
 30
0.0
 10
684.0360820159048
 20
-568.4779368267993
 30
0.0
 10
683.993803545365
 20
-568.4472568747293
 30
0.0
 10
683.9556406781523
 20
-568.4090940075166
 30
0.0
 10
683.8750122675261
 20
-568.3282785240102
 30
0.0
 10
683.8329208698663
 20
-568.2287557526548
 30
0.0
 10
683.8329208698663
 20
-568.1176344628355
 30
0.0
 10
683.8329208698663
 20
-568.01062877634
 30
0.0
 10
683.8789407979731
 20
-567.9069904016576
 30
0.0
 10
683.9556406781523
 20
-567.8302905214783
 30
0.0
 10
684.1088533656345
 20
-567.6772649068762
 30
0.0
 10
684.3769288005088
 20
-567.6772649068762
 30
0.0
 10
684.5340700184372
 20
-567.8302905214783
 30
0.0
 10
684.6107698986165
 20
-567.9032489440875
 30
0.0
 10
684.6528612962763
 20
-568.01062877634
 30
0.0
 10
684.6528612962763
 20
-568.1176344628355
 30
0.0
 10
684.6528612962763
 20
-568.2287557526548
 30
0.0
 10
684.6107698986165
 20
-568.3323941273373
 30
0.0
 10
684.5340700184372
 20
-568.4090940075166
 30
0.0
 10
684.4957200783477
 20
-568.4472568747293
 30
0.0
 10
684.4497001502378
 20
-568.4779368267993
 30
0.0
 10
684.3999387645617
 20
-568.4970182604059
 30
0.0
 10
684.3501773788818
 20
-568.516099694012
 30
0.0
 10
684.3004159932057
 20
-568.5276982124792
 30
0.0
 10
684.2429846195101
 20
-568.5276982124792
 30
0.0
  0
HATCH
  5
8A
330
7D
100
AcDbEntity
  8
Guides
 62
   254
420
 14869218
440
 33554687
100
AcDbHatch
 10
0.0
 20
0.0
 30
0.0
210
0.0
220
0.0
230
1.0
  2
SOLID
 70
     1
 71
     1
 91
        1
 92
        1
 93
        1
 72
     4
 94
        3
 73
     0
 74
     0
 95
       32
 96
       28
 40
0.0
 40
0.0
 40
0.0
 40
0.0
 40
1.0
 40
1.0
 40
1.0
 40
2.0
 40
2.0
 40
2.0
 40
3.0
 40
3.0
 40
3.0
 40
4.0
 40
4.0
 40
4.0
 40
5.0
 40
5.0
 40
5.0
 40
6.0
 40
6.0
 40
6.0
 40
7.0
 40
7.0
 40
7.0
 40
8.0
 40
8.0
 40
8.0
 40
9.0
 40
9.0
 40
9.0
 40
9.0
 10
684.2429846195101
 20
-568.5276982124792
 10
684.1892947033832
 20
-568.5276982124792
 10
684.135604787257
 20
-568.516099694012
 10
684.0858434015809
 20
-568.4970182604059
 10
684.0360820159048
 20
-568.4779368267993
 10
683.993803545365
 20
-568.4472568747293
 10
683.9556406781523
 20
-568.4090940075166
 10
683.8750122675261
 20
-568.3282785240102
 10
683.8329208698663
 20
-568.2287557526548
 10
683.8329208698663
 20
-568.1176344628355
 10
683.8329208698663
 20
-568.01062877634
 10
683.8789407979731
 20
-567.9069904016576
 10
683.9556406781523
 20
-567.8302905214783
 10
684.1088533656345
 20
-567.6772649068762
 10
684.3769288005088
 20
-567.6772649068762
 10
684.5340700184372
 20
-567.8302905214783
 10
684.6107698986165
 20
-567.9032489440875
 10
684.6528612962763
 20
-568.01062877634
 10
684.6528612962763
 20
-568.1176344628355
 10
684.6528612962763
 20
-568.2287557526548
 10
684.6107698986165
 20
-568.3323941273373
 10
684.5340700184372
 20
-568.4090940075166
 10
684.4957200783477
 20
-568.4472568747293
 10
684.4497001502378
 20
-568.4779368267993
 10
684.3999387645617
 20
-568.4970182604059
 10
684.3501773788818
 20
-568.516099694012
 10
684.3004159932057
 20
-568.5276982124792
 10
684.2429846195101
 20
-568.5276982124792
 97
        0
 97
        1
330
89
 75
     2
 76
     1
 98
        1
 10
0.0
 20
0.0
450
        0
451
        0
460
0.0
461
0.0
452
        0
462
0.0
453
        0
470

  0
ENDBLK
  5
80
330
7D
100
AcDbEntity
  8
0
100
AcDbBlockEnd
  0
BLOCK
  5
8D
330
8B
100
AcDbEntity
  8
0
100
AcDbBlockBegin
  2
Block_2
 70
     0
 10
0.0
 20
0.0
 30
0.0
  3
Block_2
  1

  0
INSERT
  5
90
330
8B
100
AcDbEntity
  8
Guides
100
AcDbBlockReference
  2
Block_3
 10
0.0
 20
0.0
 30
0.0
  0
SPLINE
  5
97
330
8B
100
AcDbEntity
  8
Guides
100
AcDbSpline
210
0.0
220
0.0
230
1.0
 70
     9
 71
     3
 72
    26
 73
    22
 74
     0
 42
0.0000000001
 43
0.0000000001
 40
0.0
 40
0.0
 40
0.0
 40
0.0
 40
1.0
 40
1.0
 40
1.0
 40
2.0
 40
2.0
 40
2.0
 40
3.0
 40
3.0
 40
3.0
 40
4.0
 40
4.0
 40
4.0
 40
5.0
 40
5.0
 40
5.0
 40
6.0
 40
6.0
 40
6.0
 40
7.0
 40
7.0
 40
7.0
 40
7.0
 10
694.3631024215559
 20
-583.7863183818459
 30
0.0
 10
694.1371183843446
 20
-584.5039299437202
 30
0.0
 10
694.5368931256687
 20
-585.2713028912744
 30
0.0
 10
695.2543176146705
 20
-585.4972869284896
 30
0.0
 10
695.6013378042626
 20
-585.6069116352806
 30
0.0
 10
695.9709938121505
 20
-585.5743609544259
 30
0.0
 10
696.2944428190562
 20
-585.4059953637873
 30
0.0
 10
696.6175176802042
 20
-585.2376297731491
 30
0.0
 10
696.8556614545199
 20
-584.9536531436043
 30
0.0
 10
696.965099088434
 20
-584.606071735375
 30
0.0
 10
697.0745367223481
 20
-584.258490327149
 30
0.0
 10
697.0421731143703
 20
-583.8892084650142
 30
0.0
 10
696.8738075237316
 20
-583.5663206767463
 30
0.0
 10
696.7054419330935
 20
-583.2430587427209
 30
0.0
 10
696.4212782306718
 20
-583.0047278955256
 30
0.0
 10
696.0736968224425
 20
-582.8954773344916
 30
0.0
 10
695.3558981876881
 20
-582.6683708600058
 30
0.0
 10
694.5888993858903
 20
-583.069080965728
 30
0.0
 10
694.3631024215559
 20
-583.7866925276023
 30
0.0
 10
694.3631024215559
 20
-583.7866925276023
 30
0.0
 10
694.3631024215559
 20
-583.7863183818459
 30
0.0
 10
694.3631024215559
 20
-583.7863183818459
 30
0.0
  0
SPLINE
  5
98
330
8B
100
AcDbEntity
  8
Guides
100
AcDbSpline
210
0.0
220
0.0
230
1.0
 70
     9
 71
     3
 72
    29
 73
    25
 74
     0
 42
0.0000000001
 43
0.0000000001
 40
0.0
 40
0.0
 40
0.0
 40
0.0
 40
1.0
 40
1.0
 40
1.0
 40
2.0
 40
2.0
 40
2.0
 40
3.0
 40
3.0
 40
3.0
 40
4.0
 40
4.0
 40
4.0
 40
5.0
 40
5.0
 40
5.0
 40
6.0
 40
6.0
 40
6.0
 40
7.0
 40
7.0
 40
7.0
 40
8.0
 40
8.0
 40
8.0
 40
8.0
 10
695.6668133117323
 20
-586.6313227178759
 30
0.0
 10
695.4211866222809
 20
-586.6313227178759
 30
0.0
 10
695.1740633497974
 20
-586.5939081421806
 30
0.0
 10
694.9329264094265
 20
-586.5179565535154
 30
0.0
 10
693.6527867019409
 20
-586.1146274274976
 30
0.0
 10
692.9394778162701
 20
-584.7452539569713
 30
0.0
 10
693.3424327965301
 20
-583.4653013223628
 30
0.0
 10
693.3424327965301
 20
-583.4653013223628
 30
0.0
 10
693.3424327965301
 20
-583.4649271766058
 30
0.0
 10
693.3424327965301
 20
-583.4649271766058
 30
0.0
 10
693.7457619225473
 20
-582.1849745419966
 30
0.0
 10
695.1155095388307
 20
-581.4718527292058
 30
0.0
 10
696.3950880276827
 20
-581.8748077094658
 30
0.0
 10
697.0152346198672
 20
-582.0701117946039
 30
0.0
 10
697.5222021205667
 20
-582.4951413745266
 30
0.0
 10
697.8226411634194
 20
-583.0716999860269
 30
0.0
 10
698.1230802062676
 20
-583.6482585975233
 30
0.0
 10
698.1810727985979
 20
-584.3071292755545
 30
0.0
 10
697.9857687134598
 20
-584.9274629406184
 30
0.0
 10
697.7904646283179
 20
-585.5474224599227
 30
0.0
 10
697.3652479755184
 20
-586.0543899606223
 30
0.0
 10
696.7886893640186
 20
-586.354829003475
 30
0.0
 10
696.4364311338282
 20
-586.5385345701459
 30
0.0
 10
696.0531188058082
 20
-586.6313227178759
 30
0.0
 10
695.6668133117323
 20
-586.6313227178759
 30
0.0
  0
HATCH
  5
99
330
8B
100
AcDbEntity
  8
Guides
 62
   254
420
 14869218
440
 33554687
100
AcDbHatch
 10
0.0
 20
0.0
 30
0.0
210
0.0
220
0.0
230
1.0
  2
SOLID
 70
     1
 71
     1
 91
        2
 92
        1
 93
        1
 72
     4
 94
        3
 73
     0
 74
     0
 95
       26
 96
       22
 40
0.0
 40
0.0
 40
0.0
 40
0.0
 40
1.0
 40
1.0
 40
1.0
 40
2.0
 40
2.0
 40
2.0
 40
3.0
 40
3.0
 40
3.0
 40
4.0
 40
4.0
 40
4.0
 40
5.0
 40
5.0
 40
5.0
 40
6.0
 40
6.0
 40
6.0
 40
7.0
 40
7.0
 40
7.0
 40
7.0
 10
694.3631024215559
 20
-583.7863183818459
 10
694.1371183843446
 20
-584.5039299437202
 10
694.5368931256687
 20
-585.2713028912744
 10
695.2543176146705
 20
-585.4972869284896
 10
695.6013378042626
 20
-585.6069116352806
 10
695.9709938121505
 20
-585.5743609544259
 10
696.2944428190562
 20
-585.4059953637873
 10
696.6175176802042
 20
-585.2376297731491
 10
696.8556614545199
 20
-584.9536531436043
 10
696.965099088434
 20
-584.606071735375
 10
697.0745367223481
 20
-584.258490327149
 10
697.0421731143703
 20
-583.8892084650142
 10
696.8738075237316
 20
-583.5663206767463
 10
696.7054419330935
 20
-583.2430587427209
 10
696.4212782306718
 20
-583.0047278955256
 10
696.0736968224425
 20
-582.8954773344916
 10
695.3558981876881
 20
-582.6683708600058
 10
694.5888993858903
 20
-583.069080965728
 10
694.3631024215559
 20
-583.7866925276023
 10
694.3631024215559
 20
-583.7866925276023
 10
694.3631024215559
 20
-583.7863183818459
 10
694.3631024215559
 20
-583.7863183818459
 97
        0
 97
        1
330
97
 92
        1
 93
        1
 72
     4
 94
        3
 73
     0
 74
     0
 95
       29
 96
       25
 40
0.0
 40
0.0
 40
0.0
 40
0.0
 40
1.0
 40
1.0
 40
1.0
 40
2.0
 40
2.0
 40
2.0
 40
3.0
 40
3.0
 40
3.0
 40
4.0
 40
4.0
 40
4.0
 40
5.0
 40
5.0
 40
5.0
 40
6.0
 40
6.0
 40
6.0
 40
7.0
 40
7.0
 40
7.0
 40
8.0
 40
8.0
 40
8.0
 40
8.0
 10
695.6668133117323
 20
-586.6313227178759
 10
695.4211866222809
 20
-586.6313227178759
 10
695.1740633497974
 20
-586.5939081421806
 10
694.9329264094265
 20
-586.5179565535154
 10
693.6527867019409
 20
-586.1146274274976
 10
692.9394778162701
 20
-584.7452539569713
 10
693.3424327965301
 20
-583.4653013223628
 10
693.3424327965301
 20
-583.4653013223628
 10
693.3424327965301
 20
-583.4649271766058
 10
693.3424327965301
 20
-583.4649271766058
 10
693.7457619225473
 20
-582.1849745419966
 10
695.1155095388307
 20
-581.4718527292058
 10
696.3950880276827
 20
-581.8748077094658
 10
697.0152346198672
 20
-582.0701117946039
 10
697.5222021205667
 20
-582.4951413745266
 10
697.8226411634194
 20
-583.0716999860269
 10
698.1230802062676
 20
-583.6482585975233
 10
698.1810727985979
 20
-584.3071292755545
 10
697.9857687134598
 20
-584.9274629406184
 10
697.7904646283179
 20
-585.5474224599227
 10
697.3652479755184
 20
-586.0543899606223
 10
696.7886893640186
 20
-586.354829003475
 10
696.4364311338282
 20
-586.5385345701459
 10
696.0531188058082
 20
-586.6313227178759
 10
695.6668133117323
 20
-586.6313227178759
 97
        0
 97
        1
330
98
 75
     2
 76
     1
 98
        1
 10
0.0
 20
0.0
450
        0
451
        0
460
0.0
461
0.0
452
        0
462
0.0
453
        0
470

  0
ENDBLK
  5
8E
330
8B
100
AcDbEntity
  8
0
100
AcDbBlockEnd
  0
BLOCK
  5
91
330
8F
100
AcDbEntity
  8
0
100
AcDbBlockBegin
  2
Block_3
 70
     0
 10
0.0
 20
0.0
 30
0.0
  3
Block_3
  1

  0
SPLINE
  5
93
330
8F
100
AcDbEntity
  8
Guides
100
AcDbSpline
210
0.0
220
0.0
230
1.0
 70
     9
 71
     3
 72
    29
 73
    25
 74
     0
 42
0.0000000001
 43
0.0000000001
 40
0.0
 40
0.0
 40
0.0
 40
0.0
 40
1.0
 40
1.0
 40
1.0
 40
2.0
 40
2.0
 40
2.0
 40
3.0
 40
3.0
 40
3.0
 40
4.0
 40
4.0
 40
4.0
 40
5.0
 40
5.0
 40
5.0
 40
6.0
 40
6.0
 40
6.0
 40
7.0
 40
7.0
 40
7.0
 40
8.0
 40
8.0
 40
8.0
 40
8.0
 10
682.1363953863025
 20
-580.0665446007964
 30
0.0
 10
681.0092893346101
 20
-577.9032399545267
 30
0.0
 10
680.7905903668377
 20
-575.4305226699886
 30
0.0
 10
681.5205415046212
 20
-573.1044372620441
 30
0.0
 10
681.6221287577437
 20
-572.7812011781386
 30
0.0
 10
681.4419717957093
 20
-572.4366055022284
 30
0.0
 10
681.1185203933406
 20
-572.3348029306392
 30
0.0
 10
680.7954565642094
 20
-572.2338185692254
 30
0.0
 10
680.4501288055059
 20
-572.4130065981544
 30
0.0
 10
680.3487353390063
 20
-572.7370178285422
 30
0.0
 10
679.5207497028188
 20
-575.3755303333059
 30
0.0
 10
679.7687965777567
 20
-578.1800964404626
 30
0.0
 10
681.0472499804888
 20
-580.6337795724427
 30
0.0
 10
682.8942302656722
 20
-584.1787828267648
 30
0.0
 10
686.5150256206698
 20
-586.2119059273851
 30
0.0
 10
690.257411314448
 20
-586.2115183541442
 30
0.0
 10
690.8988880938015
 20
-586.2115183541442
 30
0.0
 10
691.5434869909405
 20
-586.1475687691999
 30
0.0
 10
692.1835426684032
 20
-586.0240620960537
 30
0.0
 10
691.989863706595
 20
-585.6552646243577
 30
0.0
 10
691.8573351896467
 20
-585.2555474206797
 30
0.0
 10
691.7876366016108
 20
-584.8409301790298
 30
0.0
 10
687.9806123037874
 20
-585.4944647925817
 30
0.0
 10
684.0164701199924
 20
-583.6750668031291
 30
0.0
 10
682.1363953863025
 20
-580.0665446007964
 30
0.0
  0
HATCH
  5
94
330
8F
100
AcDbEntity
  8
Guides
 62
   254
420
 14869218
440
 33554687
100
AcDbHatch
 10
0.0
 20
0.0
 30
0.0
210
0.0
220
0.0
230
1.0
  2
SOLID
 70
     1
 71
     1
 91
        1
 92
        1
 93
        1
 72
     4
 94
        3
 73
     0
 74
     0
 95
       29
 96
       25
 40
0.0
 40
0.0
 40
0.0
 40
0.0
 40
1.0
 40
1.0
 40
1.0
 40
2.0
 40
2.0
 40
2.0
 40
3.0
 40
3.0
 40
3.0
 40
4.0
 40
4.0
 40
4.0
 40
5.0
 40
5.0
 40
5.0
 40
6.0
 40
6.0
 40
6.0
 40
7.0
 40
7.0
 40
7.0
 40
8.0
 40
8.0
 40
8.0
 40
8.0
 10
682.1363953863025
 20
-580.0665446007964
 10
681.0092893346101
 20
-577.9032399545267
 10
680.7905903668377
 20
-575.4305226699886
 10
681.5205415046212
 20
-573.1044372620441
 10
681.6221287577437
 20
-572.7812011781386
 10
681.4419717957093
 20
-572.4366055022284
 10
681.1185203933406
 20
-572.3348029306392
 10
680.7954565642094
 20
-572.2338185692254
 10
680.4501288055059
 20
-572.4130065981544
 10
680.3487353390063
 20
-572.7370178285422
 10
679.5207497028188
 20
-575.3755303333059
 10
679.7687965777567
 20
-578.1800964404626
 10
681.0472499804888
 20
-580.6337795724427
 10
682.8942302656722
 20
-584.1787828267648
 10
686.5150256206698
 20
-586.2119059273851
 10
690.257411314448
 20
-586.2115183541442
 10
690.8988880938015
 20
-586.2115183541442
 10
691.5434869909405
 20
-586.1475687691999
 10
692.1835426684032
 20
-586.0240620960537
 10
691.989863706595
 20
-585.6552646243577
 10
691.8573351896467
 20
-585.2555474206797
 10
691.7876366016108
 20
-584.8409301790298
 10
687.9806123037874
 20
-585.4944647925817
 10
684.0164701199924
 20
-583.6750668031291
 10
682.1363953863025
 20
-580.0665446007964
 97
        0
 97
        1
330
93
 75
     2
 76
     1
 98
        1
 10
0.0
 20
0.0
450
        0
451
        0
460
0.0
461
0.0
452
        0
462
0.0
453
        0
470

  0
SPLINE
  5
95
330
8F
100
AcDbEntity
  8
Guides
100
AcDbSpline
210
0.0
220
0.0
230
1.0
 70
     9
 71
     3
 72
    26
 73
    22
 74
     0
 42
0.0000000001
 43
0.0000000001
 40
0.0
 40
0.0
 40
0.0
 40
0.0
 40
1.0
 40
1.0
 40
1.0
 40
2.0
 40
2.0
 40
2.0
 40
3.0
 40
3.0
 40
3.0
 40
4.0
 40
4.0
 40
4.0
 40
5.0
 40
5.0
 40
5.0
 40
6.0
 40
6.0
 40
6.0
 40
7.0
 40
7.0
 40
7.0
 40
7.0
 10
698.7410235424167
 20
-581.7448228664359
 30
0.0
 10
700.8518766099221
 20
-578.6842861647289
 30
0.0
 10
701.2523474282377
 20
-574.5861728302499
 30
0.0
 10
699.4166928944594
 20
-571.0631320596445
 30
0.0
 10
696.7754027814594
 20
-565.9934156709399
 30
0.0
 10
690.5067716320397
 20
-564.0161031171807
 30
0.0
 10
685.4417922496254
 20
-566.6553046410416
 30
0.0
 10
685.1411646048444
 20
-566.8117119760719
 30
0.0
 10
685.0242466768131
 20
-567.1824903776738
 30
0.0
 10
685.1809985213921
 20
-567.4832902772291
 30
0.0
 10
685.3379656844374
 20
-567.7844777500252
 30
0.0
 10
685.7083565127985
 20
-567.9023430793169
 30
0.0
 10
686.0093717308203
 20
-567.7440409417696
 30
0.0
 10
690.4736771835366
 20
-565.4183431070626
 30
0.0
 10
695.9992443004806
 20
-567.1619059321476
 30
0.0
 10
698.3275474886458
 20
-571.6303239675986
 30
0.0
 10
699.9185787111232
 20
-574.684056605724
 30
0.0
 10
699.6039768977795
 20
-578.227681821852
 30
0.0
 10
697.8245420159512
 20
-580.910291548827
 30
0.0
 10
698.1720229593354
 20
-581.1379692967091
 30
0.0
 10
698.4815432568365
 20
-581.4177971775004
 30
0.0
 10
698.7410235424167
 20
-581.7448228664359
 30
0.0
  0
HATCH
  5
96
330
8F
100
AcDbEntity
  8
Guides
 62
   254
420
 14869218
440
 33554687
100
AcDbHatch
 10
0.0
 20
0.0
 30
0.0
210
0.0
220
0.0
230
1.0
  2
SOLID
 70
     1
 71
     1
 91
        1
 92
        1
 93
        1
 72
     4
 94
        3
 73
     0
 74
     0
 95
       26
 96
       22
 40
0.0
 40
0.0
 40
0.0
 40
0.0
 40
1.0
 40
1.0
 40
1.0
 40
2.0
 40
2.0
 40
2.0
 40
3.0
 40
3.0
 40
3.0
 40
4.0
 40
4.0
 40
4.0
 40
5.0
 40
5.0
 40
5.0
 40
6.0
 40
6.0
 40
6.0
 40
7.0
 40
7.0
 40
7.0
 40
7.0
 10
698.7410235424167
 20
-581.7448228664359
 10
700.8518766099221
 20
-578.6842861647289
 10
701.2523474282377
 20
-574.5861728302499
 10
699.4166928944594
 20
-571.0631320596445
 10
696.7754027814594
 20
-565.9934156709399
 10
690.5067716320397
 20
-564.0161031171807
 10
685.4417922496254
 20
-566.6553046410416
 10
685.1411646048444
 20
-566.8117119760719
 10
685.0242466768131
 20
-567.1824903776738
 10
685.1809985213921
 20
-567.4832902772291
 10
685.3379656844374
 20
-567.7844777500252
 10
685.7083565127985
 20
-567.9023430793169
 10
686.0093717308203
 20
-567.7440409417696
 10
690.4736771835366
 20
-565.4183431070626
 10
695.9992443004806
 20
-567.1619059321476
 10
698.3275474886458
 20
-571.6303239675986
 10
699.9185787111232
 20
-574.684056605724
 10
699.6039768977795
 20
-578.227681821852
 10
697.8245420159512
 20
-580.910291548827
 10
698.1720229593354
 20
-581.1379692967091
 10
698.4815432568365
 20
-581.4177971775004
 10
698.7410235424167
 20
-581.7448228664359
 97
        0
 97
        1
330
95
 75
     2
 76
     1
 98
        1
 10
0.0
 20
0.0
450
        0
451
        0
460
0.0
461
0.0
452
        0
462
0.0
453
        0
470

  0
ENDBLK
  5
92
330
8F
100
AcDbEntity
  8
0
100
AcDbBlockEnd
  0
BLOCK
  5
9C
330
9A
100
AcDbEntity
  8
0
100
AcDbBlockBegin
  2
Block_4
 70
     0
 10
0.0
 20
0.0
 30
0.0
  3
Block_4
  1

  0
LWPOLYLINE
  5
9E
330
9A
100
AcDbEntity
  8
Guides
100
AcDbPolyline
 90
        3
 70
     1
 43
0.0
 10
692.3134443000451
 20
-579.1542402526099
 10
693.8491817399843
 20
-581.6807440904102
 10
692.3134443000451
 20
-579.1542402526099
  0
HATCH
  5
9F
330
9A
100
AcDbEntity
  8
Guides
 62
   254
420
 14869218
440
 33554687
100
AcDbHatch
 10
0.0
 20
0.0
 30
0.0
210
0.0
220
0.0
230
1.0
  2
SOLID
 70
     1
 71
     1
 91
        1
 92
        1
 93
        2
 72
     1
 10
692.3134443000451
 20
-579.1542402526099
 11
693.8491817399843
 21
-581.6807440904102
 72
     1
 10
693.8491817399843
 20
-581.6807440904102
 11
692.3134443000451
 21
-579.1542402526099
 97
        1
330
9E
 75
     2
 76
     1
 98
        1
 10
0.0
 20
0.0
450
        0
451
        0
460
0.0
461
0.0
452
        0
462
0.0
453
        0
470

  0
LWPOLYLINE
  5
A0
330
9A
100
AcDbEntity
  8
Guides
100
AcDbPolyline
 90
        3
 70
     1
 43
0.0
 10
688.2557462419775
 20
-572.4788079219226
 10
686.7214729676215
 20
-569.9547156509582
 10
688.2557462419775
 20
-572.4788079219226
  0
HATCH
  5
A1
330
9A
100
AcDbEntity
  8
Guides
 62
   254
420
 14869218
440
 33554687
100
AcDbHatch
 10
0.0
 20
0.0
 30
0.0
210
0.0
220
0.0
230
1.0
  2
SOLID
 70
     1
 71
     1
 91
        1
 92
        1
 93
        2
 72
     1
 10
688.2557462419775
 20
-572.4788079219226
 11
686.7214729676215
 21
-569.9547156509582
 72
     1
 10
686.7214729676215
 20
-569.9547156509582
 11
688.2557462419775
 21
-572.4788079219226
 97
        1
330
A0
 75
     2
 76
     1
 98
        1
 10
0.0
 20
0.0
450
        0
451
        0
460
0.0
461
0.0
452
        0
462
0.0
453
        0
470

  0
SPLINE
  5
A2
330
9A
100
AcDbEntity
  8
Guides
100
AcDbSpline
210
0.0
220
0.0
230
1.0
 70
     9
 71
     3
 72
    20
 73
    16
 74
     0
 42
0.0000000001
 43
0.0000000001
 40
0.0
 40
0.0
 40
0.0
 40
0.0
 40
1.0
 40
1.0
 40
1.0
 40
2.0
 40
2.0
 40
2.0
 40
3.0
 40
3.0
 40
3.0
 40
4.0
 40
4.0
 40
4.0
 40
5.0
 40
5.0
 40
5.0
 40
5.0
 10
689.1124338299253
 20
-579.5945234556248
 30
0.0
 10
689.1124338299253
 20
-579.5945234556248
 30
0.0
 10
688.4837254357158
 20
-582.4839681027961
 30
0.0
 10
688.4837254357158
 20
-582.4839681027961
 30
0.0
 10
688.7580411637269
 20
-582.5558414073566
 30
0.0
 10
689.0389025731638
 20
-582.6135898204306
 30
0.0
 10
689.3272785971235
 20
-582.6519165077021
 30
0.0
 10
690.9661105194568
 20
-582.8698187971443
 30
0.0
 10
692.5464619459299
 20
-582.4899108925102
 30
0.0
 10
693.8491817399843
 20
-581.6807440904102
 30
0.0
 10
693.8491817399843
 20
-581.6807440904102
 30
0.0
 10
692.3134443000451
 20
-579.1542402526099
 30
0.0
 10
692.3134443000451
 20
-579.1542402526099
 30
0.0
 10
691.3259507428912
 20
-579.7767690067947
 30
0.0
 10
690.1595706026669
 20
-579.9067352339737
 30
0.0
 10
689.1124338299253
 20
-579.5945234556248
 30
0.0
  0
HATCH
  5
A3
330
9A
100
AcDbEntity
  8
Guides
 62
   254
420
 14869218
440
 33554687
100
AcDbHatch
 10
0.0
 20
0.0
 30
0.0
210
0.0
220
0.0
230
1.0
  2
SOLID
 70
     1
 71
     1
 91
        1
 92
        1
 93
        1
 72
     4
 94
        3
 73
     0
 74
     0
 95
       20
 96
       16
 40
0.0
 40
0.0
 40
0.0
 40
0.0
 40
1.0
 40
1.0
 40
1.0
 40
2.0
 40
2.0
 40
2.0
 40
3.0
 40
3.0
 40
3.0
 40
4.0
 40
4.0
 40
4.0
 40
5.0
 40
5.0
 40
5.0
 40
5.0
 10
689.1124338299253
 20
-579.5945234556248
 10
689.1124338299253
 20
-579.5945234556248
 10
688.4837254357158
 20
-582.4839681027961
 10
688.4837254357158
 20
-582.4839681027961
 10
688.7580411637269
 20
-582.5558414073566
 10
689.0389025731638
 20
-582.6135898204306
 10
689.3272785971235
 20
-582.6519165077021
 10
690.9661105194568
 20
-582.8698187971443
 10
692.5464619459299
 20
-582.4899108925102
 10
693.8491817399843
 20
-581.6807440904102
 10
693.8491817399843
 20
-581.6807440904102
 10
692.3134443000451
 20
-579.1542402526099
 10
692.3134443000451
 20
-579.1542402526099
 10
691.3259507428912
 20
-579.7767690067947
 10
690.1595706026669
 20
-579.9067352339737
 10
689.1124338299253
 20
-579.5945234556248
 97
        0
 97
        1
330
A2
 75
     2
 76
     1
 98
        1
 10
0.0
 20
0.0
450
        0
451
        0
460
0.0
461
0.0
452
        0
462
0.0
453
        0
470

  0
SPLINE
  5
A4
330
9A
100
AcDbEntity
  8
Guides
100
AcDbSpline
210
0.0
220
0.0
230
1.0
 70
     9
 71
     3
 72
    26
 73
    22
 74
     0
 42
0.0000000001
 43
0.0000000001
 40
0.0
 40
0.0
 40
0.0
 40
0.0
 40
1.0
 40
1.0
 40
1.0
 40
2.0
 40
2.0
 40
2.0
 40
3.0
 40
3.0
 40
3.0
 40
4.0
 40
4.0
 40
4.0
 40
5.0
 40
5.0
 40
5.0
 40
6.0
 40
6.0
 40
6.0
 40
7.0
 40
7.0
 40
7.0
 40
7.0
 10
687.0086862718574
 20
-578.064168977384
 30
0.0
 10
685.785311333197
 20
-576.2841742675406
 30
0.0
 10
686.2365542462278
 20
-573.8493530333403
 30
0.0
 10
688.0166135516083
 20
-572.6259996265281
 30
0.0
 10
688.0946449643492
 20
-572.5723422643473
 30
0.0
 10
688.1753678579372
 20
-572.5260057300706
 30
0.0
 10
688.2557462419775
 20
-572.4788079219226
 30
0.0
 10
688.2557462419775
 20
-572.4788079219226
 30
0.0
 10
686.7214729676215
 20
-569.9547156509582
 30
0.0
 10
686.7214729676215
 20
-569.9547156509582
 30
0.0
 10
684.9828839991452
 20
-570.9915602009403
 30
0.0
 10
683.7166822172347
 20
-572.7825792163327
 30
0.0
 10
683.4291674671425
 20
-574.9449795250387
 30
0.0
 10
682.9680199045969
 20
-578.4135447232812
 30
0.0
 10
685.1844005531845
 20
-581.61890462645
 30
0.0
 10
688.4837254357158
 20
-582.4839681027961
 30
0.0
 10
688.4837254357158
 20
-582.4839681027961
 30
0.0
 10
689.1124338299253
 20
-579.5945234556248
 30
0.0
 10
689.1124338299253
 20
-579.5945234556248
 30
0.0
 10
688.2862138051771
 20
-579.3481560647365
 30
0.0
 10
687.5350537983113
 20
-578.830056767448
 30
0.0
 10
687.0086862718574
 20
-578.064168977384
 30
0.0
  0
HATCH
  5
A5
330
9A
100
AcDbEntity
  8
Guides
 62
   254
420
 14869218
440
 33554687
100
AcDbHatch
 10
0.0
 20
0.0
 30
0.0
210
0.0
220
0.0
230
1.0
  2
SOLID
 70
     1
 71
     1
 91
        1
 92
        1
 93
        1
 72
     4
 94
        3
 73
     0
 74
     0
 95
       26
 96
       22
 40
0.0
 40
0.0
 40
0.0
 40
0.0
 40
1.0
 40
1.0
 40
1.0
 40
2.0
 40
2.0
 40
2.0
 40
3.0
 40
3.0
 40
3.0
 40
4.0
 40
4.0
 40
4.0
 40
5.0
 40
5.0
 40
5.0
 40
6.0
 40
6.0
 40
6.0
 40
7.0
 40
7.0
 40
7.0
 40
7.0
 10
687.0086862718574
 20
-578.064168977384
 10
685.785311333197
 20
-576.2841742675406
 10
686.2365542462278
 20
-573.8493530333403
 10
688.0166135516083
 20
-572.6259996265281
 10
688.0946449643492
 20
-572.5723422643473
 10
688.1753678579372
 20
-572.5260057300706
 10
688.2557462419775
 20
-572.4788079219226
 10
688.2557462419775
 20
-572.4788079219226
 10
686.7214729676215
 20
-569.9547156509582
 10
686.7214729676215
 20
-569.9547156509582
 10
684.9828839991452
 20
-570.9915602009403
 10
683.7166822172347
 20
-572.7825792163327
 10
683.4291674671425
 20
-574.9449795250387
 10
682.9680199045969
 20
-578.4135447232812
 10
685.1844005531845
 20
-581.61890462645
 10
688.4837254357158
 20
-582.4839681027961
 10
688.4837254357158
 20
-582.4839681027961
 10
689.1124338299253
 20
-579.5945234556248
 10
689.1124338299253
 20
-579.5945234556248
 10
688.2862138051771
 20
-579.3481560647365
 10
687.5350537983113
 20
-578.830056767448
 10
687.0086862718574
 20
-578.064168977384
 97
        0
 97
        1
330
A4
 75
     2
 76
     1
 98
        1
 10
0.0
 20
0.0
450
        0
451
        0
460
0.0
461
0.0
452
        0
462
0.0
453
        0
470

  0
SPLINE
  5
A6
330
9A
100
AcDbEntity
  8
Guides
100
AcDbSpline
210
0.0
220
0.0
230
1.0
 70
     9
 71
     3
 72
    29
 73
    25
 74
     0
 42
0.0000000001
 43
0.0000000001
 40
0.0
 40
0.0
 40
0.0
 40
0.0
 40
1.0
 40
1.0
 40
1.0
 40
2.0
 40
2.0
 40
2.0
 40
3.0
 40
3.0
 40
3.0
 40
4.0
 40
4.0
 40
4.0
 40
5.0
 40
5.0
 40
5.0
 40
6.0
 40
6.0
 40
6.0
 40
7.0
 40
7.0
 40
7.0
 40
8.0
 40
8.0
 40
8.0
 40
8.0
 10
691.136082917961
 20
-569.046889926902
 30
0.0
 10
689.5416281318469
 20
-568.8349304271739
 30
0.0
 10
688.0033714658381
 20
-569.1902058990884
 30
0.0
 10
686.7214729676215
 20
-569.9547156509582
 30
0.0
 10
686.7214729676215
 20
-569.9547156509582
 30
0.0
 10
688.2557462419775
 20
-572.4788079219226
 30
0.0
 10
688.2557462419775
 20
-572.4788079219226
 30
0.0
 10
690.0092137165845
 20
-571.4488104992182
 30
0.0
 10
692.2850437941405
 20
-571.9318990136392
 30
0.0
 10
693.4548044343085
 20
-573.6339053744308
 30
0.0
 10
694.6782009048136
 20
-575.4139431479664
 30
0.0
 10
694.2269364599419
 20
-577.8487213184745
 30
0.0
 10
692.4468986864062
 20
-579.0721177889791
 30
0.0
 10
692.4033612922102
 20
-579.1020039923155
 30
0.0
 10
692.3577353088793
 20
-579.1262919154864
 30
0.0
 10
692.3134443000451
 20
-579.1542402526099
 30
0.0
 10
692.3134443000451
 20
-579.1542402526099
 30
0.0
 10
693.8491817399843
 20
-581.6807440904102
 30
0.0
 10
693.8491817399843
 20
-581.6807440904102
 30
0.0
 10
695.5328214354707
 20
-580.6348992284775
 30
0.0
 10
696.7525790238716
 20
-578.8719146775937
 30
0.0
 10
697.0341940479426
 20
-576.7538269095693
 30
0.0
 10
697.5336682977629
 20
-572.9968641555152
 30
0.0
 10
694.8930026083188
 20
-569.5463857085709
 30
0.0
 10
691.136082917961
 20
-569.046889926902
 30
0.0
  0
HATCH
  5
A7
330
9A
100
AcDbEntity
  8
Guides
 62
   254
420
 14869218
440
 33554687
100
AcDbHatch
 10
0.0
 20
0.0
 30
0.0
210
0.0
220
0.0
230
1.0
  2
SOLID
 70
     1
 71
     1
 91
        1
 92
        1
 93
        1
 72
     4
 94
        3
 73
     0
 74
     0
 95
       29
 96
       25
 40
0.0
 40
0.0
 40
0.0
 40
0.0
 40
1.0
 40
1.0
 40
1.0
 40
2.0
 40
2.0
 40
2.0
 40
3.0
 40
3.0
 40
3.0
 40
4.0
 40
4.0
 40
4.0
 40
5.0
 40
5.0
 40
5.0
 40
6.0
 40
6.0
 40
6.0
 40
7.0
 40
7.0
 40
7.0
 40
8.0
 40
8.0
 40
8.0
 40
8.0
 10
691.136082917961
 20
-569.046889926902
 10
689.5416281318469
 20
-568.8349304271739
 10
688.0033714658381
 20
-569.1902058990884
 10
686.7214729676215
 20
-569.9547156509582
 10
686.7214729676215
 20
-569.9547156509582
 10
688.2557462419775
 20
-572.4788079219226
 10
688.2557462419775
 20
-572.4788079219226
 10
690.0092137165845
 20
-571.4488104992182
 10
692.2850437941405
 20
-571.9318990136392
 10
693.4548044343085
 20
-573.6339053744308
 10
694.6782009048136
 20
-575.4139431479664
 10
694.2269364599419
 20
-577.8487213184745
 10
692.4468986864062
 20
-579.0721177889791
 10
692.4033612922102
 20
-579.1020039923155
 10
692.3577353088793
 20
-579.1262919154864
 10
692.3134443000451
 20
-579.1542402526099
 10
692.3134443000451
 20
-579.1542402526099
 10
693.8491817399843
 20
-581.6807440904102
 10
693.8491817399843
 20
-581.6807440904102
 10
695.5328214354707
 20
-580.6348992284775
 10
696.7525790238716
 20
-578.8719146775937
 10
697.0341940479426
 20
-576.7538269095693
 10
697.5336682977629
 20
-572.9968641555152
 10
694.8930026083188
 20
-569.5463857085709
 10
691.136082917961
 20
-569.046889926902
 97
        0
 97
        1
330
A6
 75
     2
 76
     1
 98
        1
 10
0.0
 20
0.0
450
        0
451
        0
460
0.0
461
0.0
452
        0
462
0.0
453
        0
470

  0
LWPOLYLINE
  5
A8
330
9A
100
AcDbEntity
  8
Guides
100
AcDbPolyline
 90
        3
 70
     1
 43
0.0
 10
690.0267621717105
 20
-575.3923251737985
 10
690.0267191080182
 20
-575.3922821101024
 10
690.0267621717105
 20
-575.3923251737985
  0
HATCH
  5
A9
330
9A
100
AcDbEntity
  8
Guides
 62
   254
420
 14869218
440
 33554687
100
AcDbHatch
 10
0.0
 20
0.0
 30
0.0
210
0.0
220
0.0
230
1.0
  2
SOLID
 70
     1
 71
     1
 91
        1
 92
        1
 93
        2
 72
     1
 10
690.0267621717105
 20
-575.3923251737985
 11
690.0267191080182
 21
-575.3922821101024
 72
     1
 10
690.0267191080182
 20
-575.3922821101024
 11
690.0267621717105
 21
-575.3923251737985
 97
        1
330
A8
 75
     2
 76
     1
 98
        1
 10
0.0
 20
0.0
450
        0
451
        0
460
0.0
461
0.0
452
        0
462
0.0
453
        0
470

  0
ENDBLK
  5
9D
330
9A
100
AcDbEntity
  8
0
100
AcDbBlockEnd
  0
BLOCK
  5
AC
330
AA
100
AcDbEntity
  8
0
100
AcDbBlockBegin
  2
Block_5
 70
     0
 10
0.0
 20
0.0
 30
0.0
  3
Block_5
  1

  0
INSERT
  5
AF
330
AA
100
AcDbEntity
  8
Guides
100
AcDbBlockReference
  2
Block_6
 10
0.0
 20
0.0
 30
0.0
  0
INSERT
  5
BD
330
AA
100
AcDbEntity
  8
Guides
100
AcDbBlockReference
  2
Block_7
 10
0.0
 20
0.0
 30
0.0
  0
INSERT
  5
CC
330
AA
100
AcDbEntity
  8
Guides
100
AcDbBlockReference
  2
Block_9
 10
0.0
 20
0.0
 30
0.0
  0
ENDBLK
  5
AD
330
AA
100
AcDbEntity
  8
0
100
AcDbBlockEnd
  0
BLOCK
  5
B0
330
AE
100
AcDbEntity
  8
0
100
AcDbBlockBegin
  2
Block_6
 70
     0
 10
0.0
 20
0.0
 30
0.0
  3
Block_6
  1

  0
SPLINE
  5
B2
330
AE
100
AcDbEntity
  8
Guides
100
AcDbSpline
210
0.0
220
0.0
230
1.0
 70
     9
 71
     3
 72
    29
 73
    25
 74
     0
 42
0.0000000001
 43
0.0000000001
 40
0.0
 40
0.0
 40
0.0
 40
0.0
 40
1.0
 40
1.0
 40
1.0
 40
2.0
 40
2.0
 40
2.0
 40
3.0
 40
3.0
 40
3.0
 40
4.0
 40
4.0
 40
4.0
 40
5.0
 40
5.0
 40
5.0
 40
6.0
 40
6.0
 40
6.0
 40
7.0
 40
7.0
 40
7.0
 40
8.0
 40
8.0
 40
8.0
 40
8.0
 10
497.6251843464193
 20
-564.0172903898953
 30
0.0
 10
497.5675658998467
 20
-564.0172903898953
 30
0.0
 10
497.5178045141667
 20
-564.0056918714326
 30
0.0
 10
497.4680431284907
 20
-563.9866104378259
 30
0.0
 10
497.4182817428114
 20
-563.9637875466498
 30
0.0
 10
497.3722618147048
 20
-563.936849052146
 30
0.0
 10
497.3339118746151
 20
-563.8986861849365
 30
0.0
 10
497.2573990673128
 20
-563.8182448471878
 30
0.0
 10
497.2151205967762
 20
-563.7183479300748
 30
0.0
 10
497.2151205967762
 20
-563.6076007860093
 30
0.0
 10
497.2151205967762
 20
-563.5002209537568
 30
0.0
 10
497.2573990673128
 20
-563.3928411215075
 30
0.0
 10
497.3339118746151
 20
-563.3161412413283
 30
0.0
 10
497.4871245620942
 20
-563.1668570842967
 30
0.0
 10
497.7591285274147
 20
-563.1631156267229
 30
0.0
 10
497.9125282877738
 20
-563.3161412413283
 30
0.0
 10
497.9890410950762
 20
-563.3928411215075
 30
0.0
 10
498.031319565616
 20
-563.5002209537568
 30
0.0
 10
498.031319565616
 20
-563.6076007860093
 30
0.0
 10
498.031319565616
 20
-563.7183479300748
 30
0.0
 10
497.9890410950762
 20
-563.8182448471878
 30
0.0
 10
497.9125282877738
 20
-563.8986861849365
 30
0.0
 10
497.835828407594
 20
-563.9753860651165
 30
0.0
 10
497.7323771057917
 20
-564.0172903898953
 30
0.0
 10
497.6251843464193
 20
-564.0172903898953
 30
0.0
  0
HATCH
  5
B3
330
AE
100
AcDbEntity
  8
Guides
 62
   254
420
 14869218
440
 33554687
100
AcDbHatch
 10
0.0
 20
0.0
 30
0.0
210
0.0
220
0.0
230
1.0
  2
SOLID
 70
     1
 71
     1
 91
        1
 92
        1
 93
        1
 72
     4
 94
        3
 73
     0
 74
     0
 95
       29
 96
       25
 40
0.0
 40
0.0
 40
0.0
 40
0.0
 40
1.0
 40
1.0
 40
1.0
 40
2.0
 40
2.0
 40
2.0
 40
3.0
 40
3.0
 40
3.0
 40
4.0
 40
4.0
 40
4.0
 40
5.0
 40
5.0
 40
5.0
 40
6.0
 40
6.0
 40
6.0
 40
7.0
 40
7.0
 40
7.0
 40
8.0
 40
8.0
 40
8.0
 40
8.0
 10
497.6251843464193
 20
-564.0172903898953
 10
497.5675658998467
 20
-564.0172903898953
 10
497.5178045141667
 20
-564.0056918714326
 10
497.4680431284907
 20
-563.9866104378259
 10
497.4182817428114
 20
-563.9637875466498
 10
497.3722618147048
 20
-563.936849052146
 10
497.3339118746151
 20
-563.8986861849365
 10
497.2573990673128
 20
-563.8182448471878
 10
497.2151205967762
 20
-563.7183479300748
 10
497.2151205967762
 20
-563.6076007860093
 10
497.2151205967762
 20
-563.5002209537568
 10
497.2573990673128
 20
-563.3928411215075
 10
497.3339118746151
 20
-563.3161412413283
 10
497.4871245620942
 20
-563.1668570842967
 10
497.7591285274147
 20
-563.1631156267229
 10
497.9125282877738
 20
-563.3161412413283
 10
497.9890410950762
 20
-563.3928411215075
 10
498.031319565616
 20
-563.5002209537568
 10
498.031319565616
 20
-563.6076007860093
 10
498.031319565616
 20
-563.7183479300748
 10
497.9890410950762
 20
-563.8182448471878
 10
497.9125282877738
 20
-563.8986861849365
 10
497.835828407594
 20
-563.9753860651165
 10
497.7323771057917
 20
-564.0172903898953
 10
497.6251843464193
 20
-564.0172903898953
 97
        0
 97
        1
330
B2
 75
     2
 76
     1
 98
        1
 10
0.0
 20
0.0
450
        0
451
        0
460
0.0
461
0.0
452
        0
462
0.0
453
        0
470

  0
SPLINE
  5
B4
330
AE
100
AcDbEntity
  8
Guides
100
AcDbSpline
210
0.0
220
0.0
230
1.0
 70
     9
 71
     3
 72
    32
 73
    28
 74
     0
 42
0.0000000001
 43
0.0000000001
 40
0.0
 40
0.0
 40
0.0
 40
0.0
 40
1.0
 40
1.0
 40
1.0
 40
2.0
 40
2.0
 40
2.0
 40
3.0
 40
3.0
 40
3.0
 40
4.0
 40
4.0
 40
4.0
 40
5.0
 40
5.0
 40
5.0
 40
6.0
 40
6.0
 40
6.0
 40
7.0
 40
7.0
 40
7.0
 40
8.0
 40
8.0
 40
8.0
 40
9.0
 40
9.0
 40
9.0
 40
9.0
 10
487.2506758828696
 20
-569.2652406971063
 30
0.0
 10
487.0477018097113
 20
-569.1694593833242
 30
0.0
 10
486.9595904839456
 20
-568.924019766746
 30
0.0
 10
487.0553717977315
 20
-568.7212327664678
 30
0.0
 10
487.0553717977315
 20
-568.7212327664678
 30
0.0
 10
487.0553717977315
 20
-568.7212327664678
 30
0.0
 10
487.0553717977315
 20
-568.7212327664678
 30
0.0
 10
487.1548945690837
 20
-568.5180716204293
 30
0.0
 10
487.4001471127818
 20
-568.4297732217835
 30
0.0
 10
487.6031211859401
 20
-568.5255545355694
 30
0.0
 10
487.6031211859401
 20
-568.5255545355694
 30
0.0
 10
487.6031211859401
 20
-568.5255545355694
 30
0.0
 10
487.6031211859401
 20
-568.5255545355694
 30
0.0
 10
487.8062823319786
 20
-568.6213358493547
 30
0.0
 10
487.8943936577442
 20
-568.8667754659298
 30
0.0
 10
487.7946838135113
 20
-569.0695624662112
 30
0.0
 10
487.7946838135113
 20
-569.0695624662112
 30
0.0
 10
487.7946838135113
 20
-569.0695624662112
 30
0.0
 10
487.7946838135113
 20
-569.0695624662112
 30
0.0
 10
487.7258409942292
 20
-569.2192207690003
 30
0.0
 10
487.5801112218871
 20
-569.307145021889
 30
0.0
 10
487.4268985344048
 20
-569.307145021889
 30
0.0
 10
487.4268985344048
 20
-569.307145021889
 30
0.0
 10
487.4268985344048
 20
-569.307145021889
 30
0.0
 10
487.4268985344048
 20
-569.307145021889
 30
0.0
 10
487.3694671607085
 20
-569.307145021889
 30
0.0
 10
487.308107256566
 20
-569.2918050458525
 30
0.0
 10
487.2506758828696
 20
-569.2652406971063
 30
0.0
  0
HATCH
  5
B5
330
AE
100
AcDbEntity
  8
Guides
 62
   254
420
 14869218
440
 33554687
100
AcDbHatch
 10
0.0
 20
0.0
 30
0.0
210
0.0
220
0.0
230
1.0
  2
SOLID
 70
     1
 71
     1
 91
        1
 92
        1
 93
        1
 72
     4
 94
        3
 73
     0
 74
     0
 95
       32
 96
       28
 40
0.0
 40
0.0
 40
0.0
 40
0.0
 40
1.0
 40
1.0
 40
1.0
 40
2.0
 40
2.0
 40
2.0
 40
3.0
 40
3.0
 40
3.0
 40
4.0
 40
4.0
 40
4.0
 40
5.0
 40
5.0
 40
5.0
 40
6.0
 40
6.0
 40
6.0
 40
7.0
 40
7.0
 40
7.0
 40
8.0
 40
8.0
 40
8.0
 40
9.0
 40
9.0
 40
9.0
 40
9.0
 10
487.2506758828696
 20
-569.2652406971063
 10
487.0477018097113
 20
-569.1694593833242
 10
486.9595904839456
 20
-568.924019766746
 10
487.0553717977315
 20
-568.7212327664678
 10
487.0553717977315
 20
-568.7212327664678
 10
487.0553717977315
 20
-568.7212327664678
 10
487.0553717977315
 20
-568.7212327664678
 10
487.1548945690837
 20
-568.5180716204293
 10
487.4001471127818
 20
-568.4297732217835
 10
487.6031211859401
 20
-568.5255545355694
 10
487.6031211859401
 20
-568.5255545355694
 10
487.6031211859401
 20
-568.5255545355694
 10
487.6031211859401
 20
-568.5255545355694
 10
487.8062823319786
 20
-568.6213358493547
 10
487.8943936577442
 20
-568.8667754659298
 10
487.7946838135113
 20
-569.0695624662112
 10
487.7946838135113
 20
-569.0695624662112
 10
487.7946838135113
 20
-569.0695624662112
 10
487.7946838135113
 20
-569.0695624662112
 10
487.7258409942292
 20
-569.2192207690003
 10
487.5801112218871
 20
-569.307145021889
 10
487.4268985344048
 20
-569.307145021889
 10
487.4268985344048
 20
-569.307145021889
 10
487.4268985344048
 20
-569.307145021889
 10
487.4268985344048
 20
-569.307145021889
 10
487.3694671607085
 20
-569.307145021889
 10
487.308107256566
 20
-569.2918050458525
 10
487.2506758828696
 20
-569.2652406971063
 97
        0
 97
        1
330
B4
 75
     2
 76
     1
 98
        1
 10
0.0
 20
0.0
450
        0
451
        0
460
0.0
461
0.0
452
        0
462
0.0
453
        0
470

  0
SPLINE
  5
B6
330
AE
100
AcDbEntity
  8
Guides
100
AcDbSpline
210
0.0
220
0.0
230
1.0
 70
     9
 71
     3
 72
    32
 73
    28
 74
     0
 42
0.0000000001
 43
0.0000000001
 40
0.0
 40
0.0
 40
0.0
 40
0.0
 40
1.0
 40
1.0
 40
1.0
 40
2.0
 40
2.0
 40
2.0
 40
3.0
 40
3.0
 40
3.0
 40
4.0
 40
4.0
 40
4.0
 40
5.0
 40
5.0
 40
5.0
 40
6.0
 40
6.0
 40
6.0
 40
7.0
 40
7.0
 40
7.0
 40
8.0
 40
8.0
 40
8.0
 40
9.0
 40
9.0
 40
9.0
 40
9.0
 10
487.9326129910021
 20
-567.916715434748
 30
0.0
 10
487.7487203514505
 20
-567.7902541688927
 30
0.0
 10
487.7027004233444
 20
-567.5335901796081
 30
0.0
 10
487.8329031467698
 20
-567.3495104671757
 30
0.0
 10
487.8329031467698
 20
-567.3495104671757
 30
0.0
 10
487.8329031467698
 20
-567.3495104671757
 30
0.0
 10
487.8329031467698
 20
-567.3495104671757
 30
0.0
 10
487.9632929430753
 20
-567.1616892971744
 30
0.0
 10
488.2160284019097
 20
-567.1156693690678
 30
0.0
 10
488.4038495719116
 20
-567.2462462382502
 30
0.0
 10
488.4038495719116
 20
-567.2462462382502
 30
0.0
 10
488.4038495719116
 20
-567.2462462382502
 30
0.0
 10
488.4038495719116
 20
-567.2462462382502
 30
0.0
 10
488.5877422114664
 20
-567.3764489616795
 30
0.0
 10
488.6337621395731
 20
-567.6331129509634
 30
0.0
 10
488.5033723432669
 20
-567.8168185176388
 30
0.0
 10
488.5033723432669
 20
-567.8168185176388
 30
0.0
 10
488.5033723432669
 20
-567.8168185176388
 30
0.0
 10
488.5033723432669
 20
-567.8168185176388
 30
0.0
 10
488.4229310055176
 20
-567.9320554107846
 30
0.0
 10
488.296469739659
 20
-567.993041169174
 30
0.0
 10
488.1700084738031
 20
-567.993041169174
 30
0.0
 10
488.1700084738031
 20
-567.993041169174
 30
0.0
 10
488.1700084738031
 20
-567.993041169174
 30
0.0
 10
488.1700084738031
 20
-567.993041169174
 30
0.0
 10
488.0858256784843
 20
-567.993041169174
 30
0.0
 10
488.0053843407351
 20
-567.9664768204272
 30
0.0
 10
487.9326129910021
 20
-567.916715434748
 30
0.0
  0
HATCH
  5
B7
330
AE
100
AcDbEntity
  8
Guides
 62
   254
420
 14869218
440
 33554687
100
AcDbHatch
 10
0.0
 20
0.0
 30
0.0
210
0.0
220
0.0
230
1.0
  2
SOLID
 70
     1
 71
     1
 91
        1
 92
        1
 93
        1
 72
     4
 94
        3
 73
     0
 74
     0
 95
       32
 96
       28
 40
0.0
 40
0.0
 40
0.0
 40
0.0
 40
1.0
 40
1.0
 40
1.0
 40
2.0
 40
2.0
 40
2.0
 40
3.0
 40
3.0
 40
3.0
 40
4.0
 40
4.0
 40
4.0
 40
5.0
 40
5.0
 40
5.0
 40
6.0
 40
6.0
 40
6.0
 40
7.0
 40
7.0
 40
7.0
 40
8.0
 40
8.0
 40
8.0
 40
9.0
 40
9.0
 40
9.0
 40
9.0
 10
487.9326129910021
 20
-567.916715434748
 10
487.7487203514505
 20
-567.7902541688927
 10
487.7027004233444
 20
-567.5335901796081
 10
487.8329031467698
 20
-567.3495104671757
 10
487.8329031467698
 20
-567.3495104671757
 10
487.8329031467698
 20
-567.3495104671757
 10
487.8329031467698
 20
-567.3495104671757
 10
487.9632929430753
 20
-567.1616892971744
 10
488.2160284019097
 20
-567.1156693690678
 10
488.4038495719116
 20
-567.2462462382502
 10
488.4038495719116
 20
-567.2462462382502
 10
488.4038495719116
 20
-567.2462462382502
 10
488.4038495719116
 20
-567.2462462382502
 10
488.5877422114664
 20
-567.3764489616795
 10
488.6337621395731
 20
-567.6331129509634
 10
488.5033723432669
 20
-567.8168185176388
 10
488.5033723432669
 20
-567.8168185176388
 10
488.5033723432669
 20
-567.8168185176388
 10
488.5033723432669
 20
-567.8168185176388
 10
488.4229310055176
 20
-567.9320554107846
 10
488.296469739659
 20
-567.993041169174
 10
488.1700084738031
 20
-567.993041169174
 10
488.1700084738031
 20
-567.993041169174
 10
488.1700084738031
 20
-567.993041169174
 10
488.1700084738031
 20
-567.993041169174
 10
488.0858256784843
 20
-567.993041169174
 10
488.0053843407351
 20
-567.9664768204272
 10
487.9326129910021
 20
-567.916715434748
 97
        0
 97
        1
330
B6
 75
     2
 76
     1
 98
        1
 10
0.0
 20
0.0
450
        0
451
        0
460
0.0
461
0.0
452
        0
462
0.0
453
        0
470

  0
SPLINE
  5
B8
330
AE
100
AcDbEntity
  8
Guides
100
AcDbSpline
210
0.0
220
0.0
230
1.0
 70
     9
 71
     3
 72
    38
 73
    34
 74
     0
 42
0.0000000001
 43
0.0000000001
 40
0.0
 40
0.0
 40
0.0
 40
0.0
 40
1.0
 40
1.0
 40
1.0
 40
2.0
 40
2.0
 40
2.0
 40
3.0
 40
3.0
 40
3.0
 40
4.0
 40
4.0
 40
4.0
 40
5.0
 40
5.0
 40
5.0
 40
6.0
 40
6.0
 40
6.0
 40
7.0
 40
7.0
 40
7.0
 40
8.0
 40
8.0
 40
8.0
 40
9.0
 40
9.0
 40
9.0
 40
10.0
 40
10.0
 40
10.0
 40
11.0
 40
11.0
 40
11.0
 40
11.0
 10
488.758569090436
 20
-566.7946444682946
 30
0.0
 10
488.5976864149373
 20
-566.633761792792
 30
0.0
 10
488.5937578844871
 20
-566.3770978035113
 30
0.0
 10
488.7548276328659
 20
-566.2120995246823
 30
0.0
 10
488.7548276328659
 20
-566.2120995246823
 30
0.0
 10
488.7548276328659
 20
-566.2120995246823
 30
0.0
 10
488.7548276328659
 20
-566.2120995246823
 30
0.0
 10
488.7548276328659
 20
-566.2120995246823
 30
0.0
 10
488.7548276328659
 20
-566.2120995246823
 30
0.0
 10
488.7548276328659
 20
-566.2120995246823
 30
0.0
 10
488.7548276328659
 20
-566.2120995246823
 30
0.0
 10
488.7548276328659
 20
-566.2120995246823
 30
0.0
 10
488.7548276328659
 20
-566.2120995246823
 30
0.0
 10
488.9117817779143
 20
-566.0512168491838
 30
0.0
 10
489.1723742976491
 20
-566.0512168491838
 30
0.0
 10
489.3332569731477
 20
-566.2083580671162
 30
0.0
 10
489.3332569731477
 20
-566.2083580671162
 30
0.0
 10
489.3332569731477
 20
-566.2083580671162
 30
0.0
 10
489.3332569731477
 20
-566.2083580671162
 30
0.0
 10
489.4941396486464
 20
-566.3654992850447
 30
0.0
 10
489.4980681790927
 20
-566.6259047318955
 30
0.0
 10
489.3371855035941
 20
-566.7867874073973
 30
0.0
 10
489.3371855035941
 20
-566.7867874073973
 30
0.0
 10
489.3371855035941
 20
-566.7867874073973
 30
0.0
 10
489.3371855035941
 20
-566.7867874073973
 30
0.0
 10
489.2565570929685
 20
-566.8713443484738
 30
0.0
 10
489.1532928640424
 20
-566.9095072156833
 30
0.0
 10
489.0459130317899
 20
-566.9095072156833
 30
0.0
 10
489.0459130317899
 20
-566.9095072156833
 30
0.0
 10
489.0459130317899
 20
-566.9095072156833
 30
0.0
 10
489.0459130317899
 20
-566.9095072156833
 30
0.0
 10
488.9424617299876
 20
-566.9095072156833
 30
0.0
 10
488.8390104281814
 20
-566.8713443484738
 30
0.0
 10
488.758569090436
 20
-566.7946444682946
 30
0.0
  0
HATCH
  5
B9
330
AE
100
AcDbEntity
  8
Guides
 62
   254
420
 14869218
440
 33554687
100
AcDbHatch
 10
0.0
 20
0.0
 30
0.0
210
0.0
220
0.0
230
1.0
  2
SOLID
 70
     1
 71
     1
 91
        1
 92
        1
 93
        1
 72
     4
 94
        3
 73
     0
 74
     0
 95
       38
 96
       34
 40
0.0
 40
0.0
 40
0.0
 40
0.0
 40
1.0
 40
1.0
 40
1.0
 40
2.0
 40
2.0
 40
2.0
 40
3.0
 40
3.0
 40
3.0
 40
4.0
 40
4.0
 40
4.0
 40
5.0
 40
5.0
 40
5.0
 40
6.0
 40
6.0
 40
6.0
 40
7.0
 40
7.0
 40
7.0
 40
8.0
 40
8.0
 40
8.0
 40
9.0
 40
9.0
 40
9.0
 40
10.0
 40
10.0
 40
10.0
 40
11.0
 40
11.0
 40
11.0
 40
11.0
 10
488.758569090436
 20
-566.7946444682946
 10
488.5976864149373
 20
-566.633761792792
 10
488.5937578844871
 20
-566.3770978035113
 10
488.7548276328659
 20
-566.2120995246823
 10
488.7548276328659
 20
-566.2120995246823
 10
488.7548276328659
 20
-566.2120995246823
 10
488.7548276328659
 20
-566.2120995246823
 10
488.7548276328659
 20
-566.2120995246823
 10
488.7548276328659
 20
-566.2120995246823
 10
488.7548276328659
 20
-566.2120995246823
 10
488.7548276328659
 20
-566.2120995246823
 10
488.7548276328659
 20
-566.2120995246823
 10
488.7548276328659
 20
-566.2120995246823
 10
488.9117817779143
 20
-566.0512168491838
 10
489.1723742976491
 20
-566.0512168491838
 10
489.3332569731477
 20
-566.2083580671162
 10
489.3332569731477
 20
-566.2083580671162
 10
489.3332569731477
 20
-566.2083580671162
 10
489.3332569731477
 20
-566.2083580671162
 10
489.4941396486464
 20
-566.3654992850447
 10
489.4980681790927
 20
-566.6259047318955
 10
489.3371855035941
 20
-566.7867874073973
 10
489.3371855035941
 20
-566.7867874073973
 10
489.3371855035941
 20
-566.7867874073973
 10
489.3371855035941
 20
-566.7867874073973
 10
489.2565570929685
 20
-566.8713443484738
 10
489.1532928640424
 20
-566.9095072156833
 10
489.0459130317899
 20
-566.9095072156833
 10
489.0459130317899
 20
-566.9095072156833
 10
489.0459130317899
 20
-566.9095072156833
 10
489.0459130317899
 20
-566.9095072156833
 10
488.9424617299876
 20
-566.9095072156833
 10
488.8390104281814
 20
-566.8713443484738
 10
488.758569090436
 20
-566.7946444682946
 97
        0
 97
        1
330
B8
 75
     2
 76
     1
 98
        1
 10
0.0
 20
0.0
450
        0
451
        0
460
0.0
461
0.0
452
        0
462
0.0
453
        0
470

  0
SPLINE
  5
BA
330
AE
100
AcDbEntity
  8
Guides
100
AcDbSpline
210
0.0
220
0.0
230
1.0
 70
     9
 71
     3
 72
    32
 73
    28
 74
     0
 42
0.0000000001
 43
0.0000000001
 40
0.0
 40
0.0
 40
0.0
 40
0.0
 40
1.0
 40
1.0
 40
1.0
 40
2.0
 40
2.0
 40
2.0
 40
3.0
 40
3.0
 40
3.0
 40
4.0
 40
4.0
 40
4.0
 40
5.0
 40
5.0
 40
5.0
 40
6.0
 40
6.0
 40
6.0
 40
7.0
 40
7.0
 40
7.0
 40
8.0
 40
8.0
 40
8.0
 40
9.0
 40
9.0
 40
9.0
 40
9.0
 10
490.0745125303936
 20
-565.9140014693085
 30
0.0
 10
490.0208226142667
 20
-565.9140014693085
 30
0.0
 10
489.9671326981404
 20
-565.9024029508421
 30
0.0
 10
489.9173713124644
 20
-565.883321517236
 30
0.0
 10
489.8676099267851
 20
-565.8642400836294
 30
0.0
 10
489.8253314562485
 20
-565.8335601315593
 30
0.0
 10
489.7871685890358
 20
-565.7953972643467
 30
0.0
 10
489.7065401784096
 20
-565.7145817808403
 30
0.0
 10
489.6644487807499
 20
-565.6150590094848
 30
0.0
 10
489.6644487807499
 20
-565.5039377196654
 30
0.0
 10
489.6644487807499
 20
-565.39693203317
 30
0.0
 10
489.7104687088566
 20
-565.2932936584876
 30
0.0
 10
489.7871685890358
 20
-565.2165937783084
 30
0.0
 10
489.940381276518
 20
-565.0635681637062
 30
0.0
 10
490.2084567113884
 20
-565.0635681637062
 30
0.0
 10
490.3655979293169
 20
-565.2165937783084
 30
0.0
 10
490.4422978094968
 20
-565.2895522009175
 30
0.0
 10
490.484389207156
 20
-565.39693203317
 30
0.0
 10
490.484389207156
 20
-565.5039377196654
 30
0.0
 10
490.484389207156
 20
-565.6150590094848
 30
0.0
 10
490.4422978094968
 20
-565.7186973841673
 30
0.0
 10
490.3655979293169
 20
-565.7953972643467
 30
0.0
 10
490.3272479892273
 20
-565.8335601315593
 30
0.0
 10
490.2812280611213
 20
-565.8642400836294
 30
0.0
 10
490.2314666754413
 20
-565.883321517236
 30
0.0
 10
490.1817052897653
 20
-565.9024029508421
 30
0.0
 10
490.1319439040892
 20
-565.9140014693085
 30
0.0
 10
490.0745125303936
 20
-565.9140014693085
 30
0.0
  0
HATCH
  5
BB
330
AE
100
AcDbEntity
  8
Guides
 62
   254
420
 14869218
440
 33554687
100
AcDbHatch
 10
0.0
 20
0.0
 30
0.0
210
0.0
220
0.0
230
1.0
  2
SOLID
 70
     1
 71
     1
 91
        1
 92
        1
 93
        1
 72
     4
 94
        3
 73
     0
 74
     0
 95
       32
 96
       28
 40
0.0
 40
0.0
 40
0.0
 40
0.0
 40
1.0
 40
1.0
 40
1.0
 40
2.0
 40
2.0
 40
2.0
 40
3.0
 40
3.0
 40
3.0
 40
4.0
 40
4.0
 40
4.0
 40
5.0
 40
5.0
 40
5.0
 40
6.0
 40
6.0
 40
6.0
 40
7.0
 40
7.0
 40
7.0
 40
8.0
 40
8.0
 40
8.0
 40
9.0
 40
9.0
 40
9.0
 40
9.0
 10
490.0745125303936
 20
-565.9140014693085
 10
490.0208226142667
 20
-565.9140014693085
 10
489.9671326981404
 20
-565.9024029508421
 10
489.9173713124644
 20
-565.883321517236
 10
489.8676099267851
 20
-565.8642400836294
 10
489.8253314562485
 20
-565.8335601315593
 10
489.7871685890358
 20
-565.7953972643467
 10
489.7065401784096
 20
-565.7145817808403
 10
489.6644487807499
 20
-565.6150590094848
 10
489.6644487807499
 20
-565.5039377196654
 10
489.6644487807499
 20
-565.39693203317
 10
489.7104687088566
 20
-565.2932936584876
 10
489.7871685890358
 20
-565.2165937783084
 10
489.940381276518
 20
-565.0635681637062
 10
490.2084567113884
 20
-565.0635681637062
 10
490.3655979293169
 20
-565.2165937783084
 10
490.4422978094968
 20
-565.2895522009175
 10
490.484389207156
 20
-565.39693203317
 10
490.484389207156
 20
-565.5039377196654
 10
490.484389207156
 20
-565.6150590094848
 10
490.4422978094968
 20
-565.7186973841673
 10
490.3655979293169
 20
-565.7953972643467
 10
490.3272479892273
 20
-565.8335601315593
 10
490.2812280611213
 20
-565.8642400836294
 10
490.2314666754413
 20
-565.883321517236
 10
490.1817052897653
 20
-565.9024029508421
 10
490.1319439040892
 20
-565.9140014693085
 10
490.0745125303936
 20
-565.9140014693085
 97
        0
 97
        1
330
BA
 75
     2
 76
     1
 98
        1
 10
0.0
 20
0.0
450
        0
451
        0
460
0.0
461
0.0
452
        0
462
0.0
453
        0
470

  0
ENDBLK
  5
B1
330
AE
100
AcDbEntity
  8
0
100
AcDbBlockEnd
  0
BLOCK
  5
BE
330
BC
100
AcDbEntity
  8
0
100
AcDbBlockBegin
  2
Block_7
 70
     0
 10
0.0
 20
0.0
 30
0.0
  3
Block_7
  1

  0
INSERT
  5
C1
330
BC
100
AcDbEntity
  8
Guides
100
AcDbBlockReference
  2
Block_8
 10
0.0
 20
0.0
 30
0.0
  0
SPLINE
  5
C8
330
BC
100
AcDbEntity
  8
Guides
100
AcDbSpline
210
0.0
220
0.0
230
1.0
 70
     9
 71
     3
 72
    26
 73
    22
 74
     0
 42
0.0000000001
 43
0.0000000001
 40
0.0
 40
0.0
 40
0.0
 40
0.0
 40
1.0
 40
1.0
 40
1.0
 40
2.0
 40
2.0
 40
2.0
 40
3.0
 40
3.0
 40
3.0
 40
4.0
 40
4.0
 40
4.0
 40
5.0
 40
5.0
 40
5.0
 40
6.0
 40
6.0
 40
6.0
 40
7.0
 40
7.0
 40
7.0
 40
7.0
 10
500.1946303324394
 20
-581.172621638676
 30
0.0
 10
499.9686462952281
 20
-581.8902332005502
 30
0.0
 10
500.3684210365521
 20
-582.6576061481045
 30
0.0
 10
501.0858455255501
 20
-582.8835901853195
 30
0.0
 10
501.432865715146
 20
-582.9932148921106
 30
0.0
 10
501.802521723034
 20
-582.9606642112558
 30
0.0
 10
502.1259707299397
 20
-582.7922986206171
 30
0.0
 10
502.4490455910877
 20
-582.6239330299792
 30
0.0
 10
502.6871893654034
 20
-582.3399564004342
 30
0.0
 10
502.7966269993175
 20
-581.992374992205
 30
0.0
 10
502.9060646332316
 20
-581.6447935839789
 30
0.0
 10
502.8737010252538
 20
-581.2755117218443
 30
0.0
 10
502.7053354346151
 20
-580.9526239335764
 30
0.0
 10
502.5369698439771
 20
-580.6293619995509
 30
0.0
 10
502.2528061415552
 20
-580.3910311523557
 30
0.0
 10
501.905224733326
 20
-580.2817805913216
 30
0.0
 10
501.1874260985716
 20
-580.0546741168359
 30
0.0
 10
500.4204272967738
 20
-580.4553842225581
 30
0.0
 10
500.1946303324394
 20
-581.1729957844323
 30
0.0
 10
500.1946303324394
 20
-581.1729957844323
 30
0.0
 10
500.1946303324394
 20
-581.172621638676
 30
0.0
 10
500.1946303324394
 20
-581.172621638676
 30
0.0
  0
SPLINE
  5
C9
330
BC
100
AcDbEntity
  8
Guides
100
AcDbSpline
210
0.0
220
0.0
230
1.0
 70
     9
 71
     3
 72
    29
 73
    25
 74
     0
 42
0.0000000001
 43
0.0000000001
 40
0.0
 40
0.0
 40
0.0
 40
0.0
 40
1.0
 40
1.0
 40
1.0
 40
2.0
 40
2.0
 40
2.0
 40
3.0
 40
3.0
 40
3.0
 40
4.0
 40
4.0
 40
4.0
 40
5.0
 40
5.0
 40
5.0
 40
6.0
 40
6.0
 40
6.0
 40
7.0
 40
7.0
 40
7.0
 40
8.0
 40
8.0
 40
8.0
 40
8.0
 10
501.4983412226158
 20
-584.0176259747059
 30
0.0
 10
501.2527145331605
 20
-584.0176259747059
 30
0.0
 10
501.005591260681
 20
-583.9802113990105
 30
0.0
 10
500.76445432031
 20
-583.9042598103453
 30
0.0
 10
499.4843146128244
 20
-583.5009306843276
 30
0.0
 10
498.7710057271529
 20
-582.1315572138013
 30
0.0
 10
499.1739607074136
 20
-580.8516045791927
 30
0.0
 10
499.1739607074136
 20
-580.8516045791927
 30
0.0
 10
499.1739607074136
 20
-580.8512304334357
 30
0.0
 10
499.1739607074136
 20
-580.8512304334357
 30
0.0
 10
499.5772898334307
 20
-579.5712777988264
 30
0.0
 10
500.9470374497141
 20
-578.8581559860357
 30
0.0
 10
502.2266159385662
 20
-579.2611109662958
 30
0.0
 10
502.8467625307507
 20
-579.4564150514339
 30
0.0
 10
503.3537300314502
 20
-579.8814446313565
 30
0.0
 10
503.6541690743029
 20
-580.4580032428568
 30
0.0
 10
503.954608117151
 20
-581.0345618543533
 30
0.0
 10
504.0126007094814
 20
-581.6934325323838
 30
0.0
 10
503.8172966243433
 20
-582.3137661974484
 30
0.0
 10
503.6219925392014
 20
-582.9337257167527
 30
0.0
 10
503.1967758863986
 20
-583.4406932174523
 30
0.0
 10
502.6202172749021
 20
-583.741132260305
 30
0.0
 10
502.2679590447117
 20
-583.9248378269758
 30
0.0
 10
501.8846467166917
 20
-584.0176259747059
 30
0.0
 10
501.4983412226158
 20
-584.0176259747059
 30
0.0
  0
HATCH
  5
CA
330
BC
100
AcDbEntity
  8
Guides
 62
   254
420
 14869218
440
 33554687
100
AcDbHatch
 10
0.0
 20
0.0
 30
0.0
210
0.0
220
0.0
230
1.0
  2
SOLID
 70
     1
 71
     1
 91
        2
 92
        1
 93
        1
 72
     4
 94
        3
 73
     0
 74
     0
 95
       26
 96
       22
 40
0.0
 40
0.0
 40
0.0
 40
0.0
 40
1.0
 40
1.0
 40
1.0
 40
2.0
 40
2.0
 40
2.0
 40
3.0
 40
3.0
 40
3.0
 40
4.0
 40
4.0
 40
4.0
 40
5.0
 40
5.0
 40
5.0
 40
6.0
 40
6.0
 40
6.0
 40
7.0
 40
7.0
 40
7.0
 40
7.0
 10
500.1946303324394
 20
-581.172621638676
 10
499.9686462952281
 20
-581.8902332005502
 10
500.3684210365521
 20
-582.6576061481045
 10
501.0858455255501
 20
-582.8835901853195
 10
501.432865715146
 20
-582.9932148921106
 10
501.802521723034
 20
-582.9606642112558
 10
502.1259707299397
 20
-582.7922986206171
 10
502.4490455910877
 20
-582.6239330299792
 10
502.6871893654034
 20
-582.3399564004342
 10
502.7966269993175
 20
-581.992374992205
 10
502.9060646332316
 20
-581.6447935839789
 10
502.8737010252538
 20
-581.2755117218443
 10
502.7053354346151
 20
-580.9526239335764
 10
502.5369698439771
 20
-580.6293619995509
 10
502.2528061415552
 20
-580.3910311523557
 10
501.905224733326
 20
-580.2817805913216
 10
501.1874260985716
 20
-580.0546741168359
 10
500.4204272967738
 20
-580.4553842225581
 10
500.1946303324394
 20
-581.1729957844323
 10
500.1946303324394
 20
-581.1729957844323
 10
500.1946303324394
 20
-581.172621638676
 10
500.1946303324394
 20
-581.172621638676
 97
        0
 97
        1
330
C8
 92
        1
 93
        1
 72
     4
 94
        3
 73
     0
 74
     0
 95
       29
 96
       25
 40
0.0
 40
0.0
 40
0.0
 40
0.0
 40
1.0
 40
1.0
 40
1.0
 40
2.0
 40
2.0
 40
2.0
 40
3.0
 40
3.0
 40
3.0
 40
4.0
 40
4.0
 40
4.0
 40
5.0
 40
5.0
 40
5.0
 40
6.0
 40
6.0
 40
6.0
 40
7.0
 40
7.0
 40
7.0
 40
8.0
 40
8.0
 40
8.0
 40
8.0
 10
501.4983412226158
 20
-584.0176259747059
 10
501.2527145331605
 20
-584.0176259747059
 10
501.005591260681
 20
-583.9802113990105
 10
500.76445432031
 20
-583.9042598103453
 10
499.4843146128244
 20
-583.5009306843276
 10
498.7710057271529
 20
-582.1315572138013
 10
499.1739607074136
 20
-580.8516045791927
 10
499.1739607074136
 20
-580.8516045791927
 10
499.1739607074136
 20
-580.8512304334357
 10
499.1739607074136
 20
-580.8512304334357
 10
499.5772898334307
 20
-579.5712777988264
 10
500.9470374497141
 20
-578.8581559860357
 10
502.2266159385662
 20
-579.2611109662958
 10
502.8467625307507
 20
-579.4564150514339
 10
503.3537300314502
 20
-579.8814446313565
 10
503.6541690743029
 20
-580.4580032428568
 10
503.954608117151
 20
-581.0345618543533
 10
504.0126007094814
 20
-581.6934325323838
 10
503.8172966243433
 20
-582.3137661974484
 10
503.6219925392014
 20
-582.9337257167527
 10
503.1967758863986
 20
-583.4406932174523
 10
502.6202172749021
 20
-583.741132260305
 10
502.2679590447117
 20
-583.9248378269758
 10
501.8846467166917
 20
-584.0176259747059
 10
501.4983412226158
 20
-584.0176259747059
 97
        0
 97
        1
330
C9
 75
     2
 76
     1
 98
        1
 10
0.0
 20
0.0
450
        0
451
        0
460
0.0
461
0.0
452
        0
462
0.0
453
        0
470

  0
ENDBLK
  5
BF
330
BC
100
AcDbEntity
  8
0
100
AcDbBlockEnd
  0
BLOCK
  5
C2
330
C0
100
AcDbEntity
  8
0
100
AcDbBlockBegin
  2
Block_8
 70
     0
 10
0.0
 20
0.0
 30
0.0
  3
Block_8
  1

  0
SPLINE
  5
C4
330
C0
100
AcDbEntity
  8
Guides
100
AcDbSpline
210
0.0
220
0.0
230
1.0
 70
     9
 71
     3
 72
    29
 73
    25
 74
     0
 42
0.0000000001
 43
0.0000000001
 40
0.0
 40
0.0
 40
0.0
 40
0.0
 40
1.0
 40
1.0
 40
1.0
 40
2.0
 40
2.0
 40
2.0
 40
3.0
 40
3.0
 40
3.0
 40
4.0
 40
4.0
 40
4.0
 40
5.0
 40
5.0
 40
5.0
 40
6.0
 40
6.0
 40
6.0
 40
7.0
 40
7.0
 40
7.0
 40
8.0
 40
8.0
 40
8.0
 40
8.0
 10
487.9679232971859
 20
-577.4528478576264
 30
0.0
 10
486.8408172454936
 20
-575.2895432113567
 30
0.0
 10
486.6221182777212
 20
-572.8168259268186
 30
0.0
 10
487.3520694155046
 20
-570.490740518874
 30
0.0
 10
487.4536566686266
 20
-570.1675044349685
 30
0.0
 10
487.2734997065929
 20
-569.8229087590584
 30
0.0
 10
486.9500483042209
 20
-569.7211061874693
 30
0.0
 10
486.6269844750928
 20
-569.6201218260553
 30
0.0
 10
486.2816567163894
 20
-569.7993098549845
 30
0.0
 10
486.1802632498899
 20
-570.1233210853722
 30
0.0
 10
485.3522776137023
 20
-572.761833590136
 30
0.0
 10
485.6003244886403
 20
-575.5663996972926
 30
0.0
 10
486.8787778913723
 20
-578.0200828292728
 30
0.0
 10
488.7257581765551
 20
-581.5650860835948
 30
0.0
 10
492.3465535315527
 20
-583.5982091842151
 30
0.0
 10
496.0889392253315
 20
-583.5978216109743
 30
0.0
 10
496.730416004685
 20
-583.5978216109743
 30
0.0
 10
497.3750149018234
 20
-583.5338720260299
 30
0.0
 10
498.0150705792866
 20
-583.4103653528837
 30
0.0
 10
497.8213916174753
 20
-583.0415678811878
 30
0.0
 10
497.6888631005295
 20
-582.6418506775097
 30
0.0
 10
497.6191645124911
 20
-582.2272334358599
 30
0.0
 10
493.8121402146709
 20
-582.8807680494118
 30
0.0
 10
489.8479980308752
 20
-581.0613700599591
 30
0.0
 10
487.9679232971859
 20
-577.4528478576264
 30
0.0
  0
HATCH
  5
C5
330
C0
100
AcDbEntity
  8
Guides
 62
   254
420
 14869218
440
 33554687
100
AcDbHatch
 10
0.0
 20
0.0
 30
0.0
210
0.0
220
0.0
230
1.0
  2
SOLID
 70
     1
 71
     1
 91
        1
 92
        1
 93
        1
 72
     4
 94
        3
 73
     0
 74
     0
 95
       29
 96
       25
 40
0.0
 40
0.0
 40
0.0
 40
0.0
 40
1.0
 40
1.0
 40
1.0
 40
2.0
 40
2.0
 40
2.0
 40
3.0
 40
3.0
 40
3.0
 40
4.0
 40
4.0
 40
4.0
 40
5.0
 40
5.0
 40
5.0
 40
6.0
 40
6.0
 40
6.0
 40
7.0
 40
7.0
 40
7.0
 40
8.0
 40
8.0
 40
8.0
 40
8.0
 10
487.9679232971859
 20
-577.4528478576264
 10
486.8408172454936
 20
-575.2895432113567
 10
486.6221182777212
 20
-572.8168259268186
 10
487.3520694155046
 20
-570.490740518874
 10
487.4536566686266
 20
-570.1675044349685
 10
487.2734997065929
 20
-569.8229087590584
 10
486.9500483042209
 20
-569.7211061874693
 10
486.6269844750928
 20
-569.6201218260553
 10
486.2816567163894
 20
-569.7993098549845
 10
486.1802632498899
 20
-570.1233210853722
 10
485.3522776137023
 20
-572.761833590136
 10
485.6003244886403
 20
-575.5663996972926
 10
486.8787778913723
 20
-578.0200828292728
 10
488.7257581765551
 20
-581.5650860835948
 10
492.3465535315527
 20
-583.5982091842151
 10
496.0889392253315
 20
-583.5978216109743
 10
496.730416004685
 20
-583.5978216109743
 10
497.3750149018234
 20
-583.5338720260299
 10
498.0150705792866
 20
-583.4103653528837
 10
497.8213916174753
 20
-583.0415678811878
 10
497.6888631005295
 20
-582.6418506775097
 10
497.6191645124911
 20
-582.2272334358599
 10
493.8121402146709
 20
-582.8807680494118
 10
489.8479980308752
 20
-581.0613700599591
 10
487.9679232971859
 20
-577.4528478576264
 97
        0
 97
        1
330
C4
 75
     2
 76
     1
 98
        1
 10
0.0
 20
0.0
450
        0
451
        0
460
0.0
461
0.0
452
        0
462
0.0
453
        0
470

  0
SPLINE
  5
C6
330
C0
100
AcDbEntity
  8
Guides
100
AcDbSpline
210
0.0
220
0.0
230
1.0
 70
     9
 71
     3
 72
    26
 73
    22
 74
     0
 42
0.0000000001
 43
0.0000000001
 40
0.0
 40
0.0
 40
0.0
 40
0.0
 40
1.0
 40
1.0
 40
1.0
 40
2.0
 40
2.0
 40
2.0
 40
3.0
 40
3.0
 40
3.0
 40
4.0
 40
4.0
 40
4.0
 40
5.0
 40
5.0
 40
5.0
 40
6.0
 40
6.0
 40
6.0
 40
7.0
 40
7.0
 40
7.0
 40
7.0
 10
504.5725514533002
 20
-579.1311261232658
 30
0.0
 10
506.6834045208057
 20
-576.070589421559
 30
0.0
 10
507.0838753391179
 20
-571.97247608708
 30
0.0
 10
505.2482208053429
 20
-568.4494353164744
 30
0.0
 10
502.6069306923428
 20
-563.3797189277698
 30
0.0
 10
496.3382995429232
 20
-561.4024063740107
 30
0.0
 10
491.2733201605089
 20
-564.0416078978716
 30
0.0
 10
490.9726925157279
 20
-564.1980152329019
 30
0.0
 10
490.8557745876966
 20
-564.5687936345039
 30
0.0
 10
491.0125264322755
 20
-564.8695935340591
 30
0.0
 10
491.1694935953209
 20
-565.170781006855
 30
0.0
 10
491.5398844236814
 20
-565.2886463361467
 30
0.0
 10
491.8408996417038
 20
-565.1303441985995
 30
0.0
 10
496.3052050944168
 20
-562.8046463638926
 30
0.0
 10
501.8307722113641
 20
-564.5482091889776
 30
0.0
 10
504.1590753995293
 20
-569.0166272244286
 30
0.0
 10
505.7501066220035
 20
-572.070359862554
 30
0.0
 10
505.4355048086624
 20
-575.613985078682
 30
0.0
 10
503.6560699268347
 20
-578.296594805657
 30
0.0
 10
504.0035508702183
 20
-578.5242725535391
 30
0.0
 10
504.3130711677199
 20
-578.8041004343305
 30
0.0
 10
504.5725514533002
 20
-579.1311261232658
 30
0.0
  0
HATCH
  5
C7
330
C0
100
AcDbEntity
  8
Guides
 62
   254
420
 14869218
440
 33554687
100
AcDbHatch
 10
0.0
 20
0.0
 30
0.0
210
0.0
220
0.0
230
1.0
  2
SOLID
 70
     1
 71
     1
 91
        1
 92
        1
 93
        1
 72
     4
 94
        3
 73
     0
 74
     0
 95
       26
 96
       22
 40
0.0
 40
0.0
 40
0.0
 40
0.0
 40
1.0
 40
1.0
 40
1.0
 40
2.0
 40
2.0
 40
2.0
 40
3.0
 40
3.0
 40
3.0
 40
4.0
 40
4.0
 40
4.0
 40
5.0
 40
5.0
 40
5.0
 40
6.0
 40
6.0
 40
6.0
 40
7.0
 40
7.0
 40
7.0
 40
7.0
 10
504.5725514533002
 20
-579.1311261232658
 10
506.6834045208057
 20
-576.070589421559
 10
507.0838753391179
 20
-571.97247608708
 10
505.2482208053429
 20
-568.4494353164744
 10
502.6069306923428
 20
-563.3797189277698
 10
496.3382995429232
 20
-561.4024063740107
 10
491.2733201605089
 20
-564.0416078978716
 10
490.9726925157279
 20
-564.1980152329019
 10
490.8557745876966
 20
-564.5687936345039
 10
491.0125264322755
 20
-564.8695935340591
 10
491.1694935953209
 20
-565.170781006855
 10
491.5398844236814
 20
-565.2886463361467
 10
491.8408996417038
 20
-565.1303441985995
 10
496.3052050944168
 20
-562.8046463638926
 10
501.8307722113641
 20
-564.5482091889776
 10
504.1590753995293
 20
-569.0166272244286
 10
505.7501066220035
 20
-572.070359862554
 10
505.4355048086624
 20
-575.613985078682
 10
503.6560699268347
 20
-578.296594805657
 10
504.0035508702183
 20
-578.5242725535391
 10
504.3130711677199
 20
-578.8041004343305
 10
504.5725514533002
 20
-579.1311261232658
 97
        0
 97
        1
330
C6
 75
     2
 76
     1
 98
        1
 10
0.0
 20
0.0
450
        0
451
        0
460
0.0
461
0.0
452
        0
462
0.0
453
        0
470

  0
ENDBLK
  5
C3
330
C0
100
AcDbEntity
  8
0
100
AcDbBlockEnd
  0
BLOCK
  5
CD
330
CB
100
AcDbEntity
  8
0
100
AcDbBlockBegin
  2
Block_9
 70
     0
 10
0.0
 20
0.0
 30
0.0
  3
Block_9
  1

  0
LWPOLYLINE
  5
CF
330
CB
100
AcDbEntity
  8
Guides
100
AcDbPolyline
 90
        3
 70
     1
 43
0.0
 10
498.1449722109286
 20
-576.5405435094399
 10
499.6807096508645
 20
-579.0670473472402
 10
498.1449722109286
 20
-576.5405435094399
  0
HATCH
  5
D0
330
CB
100
AcDbEntity
  8
Guides
 62
   254
420
 14869218
440
 33554687
100
AcDbHatch
 10
0.0
 20
0.0
 30
0.0
210
0.0
220
0.0
230
1.0
  2
SOLID
 70
     1
 71
     1
 91
        1
 92
        1
 93
        2
 72
     1
 10
498.1449722109286
 20
-576.5405435094399
 11
499.6807096508645
 21
-579.0670473472402
 72
     1
 10
499.6807096508645
 20
-579.0670473472402
 11
498.1449722109286
 21
-576.5405435094399
 97
        1
330
CF
 75
     2
 76
     1
 98
        1
 10
0.0
 20
0.0
450
        0
451
        0
460
0.0
461
0.0
452
        0
462
0.0
453
        0
470

  0
LWPOLYLINE
  5
D1
330
CB
100
AcDbEntity
  8
Guides
100
AcDbPolyline
 90
        3
 70
     1
 43
0.0
 10
494.087274152861
 20
-569.8651111787527
 10
492.553000878505
 20
-567.3410189077883
 10
494.087274152861
 20
-569.8651111787527
  0
HATCH
  5
D2
330
CB
100
AcDbEntity
  8
Guides
 62
   254
420
 14869218
440
 33554687
100
AcDbHatch
 10
0.0
 20
0.0
 30
0.0
210
0.0
220
0.0
230
1.0
  2
SOLID
 70
     1
 71
     1
 91
        1
 92
        1
 93
        2
 72
     1
 10
494.087274152861
 20
-569.8651111787527
 11
492.553000878505
 21
-567.3410189077883
 72
     1
 10
492.553000878505
 20
-567.3410189077883
 11
494.087274152861
 21
-569.8651111787527
 97
        1
330
D1
 75
     2
 76
     1
 98
        1
 10
0.0
 20
0.0
450
        0
451
        0
460
0.0
461
0.0
452
        0
462
0.0
453
        0
470

  0
SPLINE
  5
D3
330
CB
100
AcDbEntity
  8
Guides
100
AcDbSpline
210
0.0
220
0.0
230
1.0
 70
     9
 71
     3
 72
    20
 73
    16
 74
     0
 42
0.0000000001
 43
0.0000000001
 40
0.0
 40
0.0
 40
0.0
 40
0.0
 40
1.0
 40
1.0
 40
1.0
 40
2.0
 40
2.0
 40
2.0
 40
3.0
 40
3.0
 40
3.0
 40
4.0
 40
4.0
 40
4.0
 40
5.0
 40
5.0
 40
5.0
 40
5.0
 10
494.9439617408087
 20
-576.9808267124549
 30
0.0
 10
494.9439617408087
 20
-576.9808267124549
 30
0.0
 10
494.3152533465987
 20
-579.8702713596262
 30
0.0
 10
494.3152533465987
 20
-579.8702713596262
 30
0.0
 10
494.5895690746104
 20
-579.9421446641867
 30
0.0
 10
494.8704304840467
 20
-579.9998930772606
 30
0.0
 10
495.158806508007
 20
-580.0382197645322
 30
0.0
 10
496.7976384303403
 20
-580.2561220539741
 30
0.0
 10
498.3779898568134
 20
-579.8762141493401
 30
0.0
 10
499.6807096508645
 20
-579.0670473472402
 30
0.0
 10
499.6807096508645
 20
-579.0670473472402
 30
0.0
 10
498.1449722109286
 20
-576.5405435094399
 30
0.0
 10
498.1449722109286
 20
-576.5405435094399
 30
0.0
 10
497.1574786537747
 20
-577.1630722636245
 30
0.0
 10
495.9910985135504
 20
-577.2930384908037
 30
0.0
 10
494.9439617408087
 20
-576.9808267124549
 30
0.0
  0
HATCH
  5
D4
330
CB
100
AcDbEntity
  8
Guides
 62
   254
420
 14869218
440
 33554687
100
AcDbHatch
 10
0.0
 20
0.0
 30
0.0
210
0.0
220
0.0
230
1.0
  2
SOLID
 70
     1
 71
     1
 91
        1
 92
        1
 93
        1
 72
     4
 94
        3
 73
     0
 74
     0
 95
       20
 96
       16
 40
0.0
 40
0.0
 40
0.0
 40
0.0
 40
1.0
 40
1.0
 40
1.0
 40
2.0
 40
2.0
 40
2.0
 40
3.0
 40
3.0
 40
3.0
 40
4.0
 40
4.0
 40
4.0
 40
5.0
 40
5.0
 40
5.0
 40
5.0
 10
494.9439617408087
 20
-576.9808267124549
 10
494.9439617408087
 20
-576.9808267124549
 10
494.3152533465987
 20
-579.8702713596262
 10
494.3152533465987
 20
-579.8702713596262
 10
494.5895690746104
 20
-579.9421446641867
 10
494.8704304840467
 20
-579.9998930772606
 10
495.158806508007
 20
-580.0382197645322
 10
496.7976384303403
 20
-580.2561220539741
 10
498.3779898568134
 20
-579.8762141493401
 10
499.6807096508645
 20
-579.0670473472402
 10
499.6807096508645
 20
-579.0670473472402
 10
498.1449722109286
 20
-576.5405435094399
 10
498.1449722109286
 20
-576.5405435094399
 10
497.1574786537747
 20
-577.1630722636245
 10
495.9910985135504
 20
-577.2930384908037
 10
494.9439617408087
 20
-576.9808267124549
 97
        0
 97
        1
330
D3
 75
     2
 76
     1
 98
        1
 10
0.0
 20
0.0
450
        0
451
        0
460
0.0
461
0.0
452
        0
462
0.0
453
        0
470

  0
SPLINE
  5
D5
330
CB
100
AcDbEntity
  8
Guides
100
AcDbSpline
210
0.0
220
0.0
230
1.0
 70
     9
 71
     3
 72
    26
 73
    22
 74
     0
 42
0.0000000001
 43
0.0000000001
 40
0.0
 40
0.0
 40
0.0
 40
0.0
 40
1.0
 40
1.0
 40
1.0
 40
2.0
 40
2.0
 40
2.0
 40
3.0
 40
3.0
 40
3.0
 40
4.0
 40
4.0
 40
4.0
 40
5.0
 40
5.0
 40
5.0
 40
6.0
 40
6.0
 40
6.0
 40
7.0
 40
7.0
 40
7.0
 40
7.0
 10
492.8402141827409
 20
-575.4504722342139
 30
0.0
 10
491.6168392440806
 20
-573.6704775243707
 30
0.0
 10
492.068082157108
 20
-571.2356562901703
 30
0.0
 10
493.8481414624917
 20
-570.012302883358
 30
0.0
 10
493.9261728752327
 20
-569.9586455211772
 30
0.0
 10
494.0068957688207
 20
-569.9123089869005
 30
0.0
 10
494.087274152861
 20
-569.8651111787527
 30
0.0
 10
494.087274152861
 20
-569.8651111787527
 30
0.0
 10
492.553000878505
 20
-567.3410189077883
 30
0.0
 10
492.553000878505
 20
-567.3410189077883
 30
0.0
 10
490.8144119100255
 20
-568.3778634577703
 30
0.0
 10
489.5482101281181
 20
-570.1688824731627
 30
0.0
 10
489.2606953780259
 20
-572.3312827818688
 30
0.0
 10
488.7995478154772
 20
-575.7998479801113
 30
0.0
 10
491.0159284640679
 20
-579.00520788328
 30
0.0
 10
494.3152533465987
 20
-579.8702713596262
 30
0.0
 10
494.3152533465987
 20
-579.8702713596262
 30
0.0
 10
494.9439617408087
 20
-576.9808267124549
 30
0.0
 10
494.9439617408087
 20
-576.9808267124549
 30
0.0
 10
494.1177417160574
 20
-576.7344593215666
 30
0.0
 10
493.3665817091948
 20
-576.2163600242779
 30
0.0
 10
492.8402141827409
 20
-575.4504722342139
 30
0.0
  0
HATCH
  5
D6
330
CB
100
AcDbEntity
  8
Guides
 62
   254
420
 14869218
440
 33554687
100
AcDbHatch
 10
0.0
 20
0.0
 30
0.0
210
0.0
220
0.0
230
1.0
  2
SOLID
 70
     1
 71
     1
 91
        1
 92
        1
 93
        1
 72
     4
 94
        3
 73
     0
 74
     0
 95
       26
 96
       22
 40
0.0
 40
0.0
 40
0.0
 40
0.0
 40
1.0
 40
1.0
 40
1.0
 40
2.0
 40
2.0
 40
2.0
 40
3.0
 40
3.0
 40
3.0
 40
4.0
 40
4.0
 40
4.0
 40
5.0
 40
5.0
 40
5.0
 40
6.0
 40
6.0
 40
6.0
 40
7.0
 40
7.0
 40
7.0
 40
7.0
 10
492.8402141827409
 20
-575.4504722342139
 10
491.6168392440806
 20
-573.6704775243707
 10
492.068082157108
 20
-571.2356562901703
 10
493.8481414624917
 20
-570.012302883358
 10
493.9261728752327
 20
-569.9586455211772
 10
494.0068957688207
 20
-569.9123089869005
 10
494.087274152861
 20
-569.8651111787527
 10
494.087274152861
 20
-569.8651111787527
 10
492.553000878505
 20
-567.3410189077883
 10
492.553000878505
 20
-567.3410189077883
 10
490.8144119100255
 20
-568.3778634577703
 10
489.5482101281181
 20
-570.1688824731627
 10
489.2606953780259
 20
-572.3312827818688
 10
488.7995478154772
 20
-575.7998479801113
 10
491.0159284640679
 20
-579.00520788328
 10
494.3152533465987
 20
-579.8702713596262
 10
494.3152533465987
 20
-579.8702713596262
 10
494.9439617408087
 20
-576.9808267124549
 10
494.9439617408087
 20
-576.9808267124549
 10
494.1177417160574
 20
-576.7344593215666
 10
493.3665817091948
 20
-576.2163600242779
 10
492.8402141827409
 20
-575.4504722342139
 97
        0
 97
        1
330
D5
 75
     2
 76
     1
 98
        1
 10
0.0
 20
0.0
450
        0
451
        0
460
0.0
461
0.0
452
        0
462
0.0
453
        0
470

  0
SPLINE
  5
D7
330
CB
100
AcDbEntity
  8
Guides
100
AcDbSpline
210
0.0
220
0.0
230
1.0
 70
     9
 71
     3
 72
    29
 73
    25
 74
     0
 42
0.0000000001
 43
0.0000000001
 40
0.0
 40
0.0
 40
0.0
 40
0.0
 40
1.0
 40
1.0
 40
1.0
 40
2.0
 40
2.0
 40
2.0
 40
3.0
 40
3.0
 40
3.0
 40
4.0
 40
4.0
 40
4.0
 40
5.0
 40
5.0
 40
5.0
 40
6.0
 40
6.0
 40
6.0
 40
7.0
 40
7.0
 40
7.0
 40
8.0
 40
8.0
 40
8.0
 40
8.0
 10
496.9676108288445
 20
-566.4331931837319
 30
0.0
 10
495.3731560427305
 20
-566.221233684004
 30
0.0
 10
493.8348993767184
 20
-566.5765091559184
 30
0.0
 10
492.553000878505
 20
-567.3410189077883
 30
0.0
 10
492.553000878505
 20
-567.3410189077883
 30
0.0
 10
494.087274152861
 20
-569.8651111787527
 30
0.0
 10
494.087274152861
 20
-569.8651111787527
 30
0.0
 10
495.8407416274673
 20
-568.8351137560482
 30
0.0
 10
498.1165717050234
 20
-569.3182022704693
 30
0.0
 10
499.2863323451919
 20
-571.0202086312608
 30
0.0
 10
500.509728815697
 20
-572.8002464047965
 30
0.0
 10
500.0584643708222
 20
-575.2350245753046
 30
0.0
 10
498.2784265972898
 20
-576.458421045809
 30
0.0
 10
498.2348892030936
 20
-576.4883072491455
 30
0.0
 10
498.1892632197621
 20
-576.5125951723165
 30
0.0
 10
498.1449722109286
 20
-576.5405435094399
 30
0.0
 10
498.1449722109286
 20
-576.5405435094399
 30
0.0
 10
499.6807096508645
 20
-579.0670473472402
 30
0.0
 10
499.6807096508645
 20
-579.0670473472402
 30
0.0
 10
501.3643493463542
 20
-578.0212024853073
 30
0.0
 10
502.584106934755
 20
-576.2582179344238
 30
0.0
 10
502.8657219588261
 20
-574.1401301663992
 30
0.0
 10
503.3651962086463
 20
-570.3831674123452
 30
0.0
 10
500.7245305192023
 20
-566.9326889654009
 30
0.0
 10
496.9676108288445
 20
-566.4331931837319
 30
0.0
  0
HATCH
  5
D8
330
CB
100
AcDbEntity
  8
Guides
 62
   254
420
 14869218
440
 33554687
100
AcDbHatch
 10
0.0
 20
0.0
 30
0.0
210
0.0
220
0.0
230
1.0
  2
SOLID
 70
     1
 71
     1
 91
        1
 92
        1
 93
        1
 72
     4
 94
        3
 73
     0
 74
     0
 95
       29
 96
       25
 40
0.0
 40
0.0
 40
0.0
 40
0.0
 40
1.0
 40
1.0
 40
1.0
 40
2.0
 40
2.0
 40
2.0
 40
3.0
 40
3.0
 40
3.0
 40
4.0
 40
4.0
 40
4.0
 40
5.0
 40
5.0
 40
5.0
 40
6.0
 40
6.0
 40
6.0
 40
7.0
 40
7.0
 40
7.0
 40
8.0
 40
8.0
 40
8.0
 40
8.0
 10
496.9676108288445
 20
-566.4331931837319
 10
495.3731560427305
 20
-566.221233684004
 10
493.8348993767184
 20
-566.5765091559184
 10
492.553000878505
 20
-567.3410189077883
 10
492.553000878505
 20
-567.3410189077883
 10
494.087274152861
 20
-569.8651111787527
 10
494.087274152861
 20
-569.8651111787527
 10
495.8407416274673
 20
-568.8351137560482
 10
498.1165717050234
 20
-569.3182022704693
 10
499.2863323451919
 20
-571.0202086312608
 10
500.509728815697
 20
-572.8002464047965
 10
500.0584643708222
 20
-575.2350245753046
 10
498.2784265972898
 20
-576.458421045809
 10
498.2348892030936
 20
-576.4883072491455
 10
498.1892632197621
 20
-576.5125951723165
 10
498.1449722109286
 20
-576.5405435094399
 10
498.1449722109286
 20
-576.5405435094399
 10
499.6807096508645
 20
-579.0670473472402
 10
499.6807096508645
 20
-579.0670473472402
 10
501.3643493463542
 20
-578.0212024853073
 10
502.584106934755
 20
-576.2582179344238
 10
502.8657219588261
 20
-574.1401301663992
 10
503.3651962086463
 20
-570.3831674123452
 10
500.7245305192023
 20
-566.9326889654009
 10
496.9676108288445
 20
-566.4331931837319
 97
        0
 97
        1
330
D7
 75
     2
 76
     1
 98
        1
 10
0.0
 20
0.0
450
        0
451
        0
460
0.0
461
0.0
452
        0
462
0.0
453
        0
470

  0
LWPOLYLINE
  5
D9
330
CB
100
AcDbEntity
  8
Guides
100
AcDbPolyline
 90
        3
 70
     1
 43
0.0
 10
495.858290082594
 20
-572.7786284306285
 10
495.8582470189017
 20
-572.7785853669323
 10
495.858290082594
 20
-572.7786284306285
  0
HATCH
  5
DA
330
CB
100
AcDbEntity
  8
Guides
 62
   254
420
 14869218
440
 33554687
100
AcDbHatch
 10
0.0
 20
0.0
 30
0.0
210
0.0
220
0.0
230
1.0
  2
SOLID
 70
     1
 71
     1
 91
        1
 92
        1
 93
        2
 72
     1
 10
495.858290082594
 20
-572.7786284306285
 11
495.8582470189017
 21
-572.7785853669323
 72
     1
 10
495.8582470189017
 20
-572.7785853669323
 11
495.858290082594
 21
-572.7786284306285
 97
        1
330
D9
 75
     2
 76
     1
 98
        1
 10
0.0
 20
0.0
450
        0
451
        0
460
0.0
461
0.0
452
        0
462
0.0
453
        0
470

  0
ENDBLK
  5
CE
330
CB
100
AcDbEntity
  8
0
100
AcDbBlockEnd
  0
BLOCK
  5
DD
330
DB
100
AcDbEntity
  8
0
100
AcDbBlockBegin
  2
Block_10
 70
     0
 10
0.0
 20
0.0
 30
0.0
  3
Block_10
  1

  0
INSERT
  5
E0
330
DB
100
AcDbEntity
  8
Guides
100
AcDbBlockReference
  2
Block_11
 10
0.0
 20
0.0
 30
0.0
  0
INSERT
  5
EE
330
DB
100
AcDbEntity
  8
Guides
100
AcDbBlockReference
  2
Block_12
 10
0.0
 20
0.0
 30
0.0
  0
INSERT
  5
FD
330
DB
100
AcDbEntity
  8
Guides
100
AcDbBlockReference
  2
Block_14
 10
0.0
 20
0.0
 30
0.0
  0
ENDBLK
  5
DE
330
DB
100
AcDbEntity
  8
0
100
AcDbBlockEnd
  0
BLOCK
  5
E1
330
DF
100
AcDbEntity
  8
0
100
AcDbBlockBegin
  2
Block_11
 70
     0
 10
0.0
 20
0.0
 30
0.0
  3
Block_11
  1

  0
SPLINE
  5
E3
330
DF
100
AcDbEntity
  8
Guides
100
AcDbSpline
210
0.0
220
0.0
230
1.0
 70
     9
 71
     3
 72
    29
 73
    25
 74
     0
 42
0.0000000001
 43
0.0000000001
 40
0.0
 40
0.0
 40
0.0
 40
0.0
 40
1.0
 40
1.0
 40
1.0
 40
2.0
 40
2.0
 40
2.0
 40
3.0
 40
3.0
 40
3.0
 40
4.0
 40
4.0
 40
4.0
 40
5.0
 40
5.0
 40
5.0
 40
6.0
 40
6.0
 40
6.0
 40
7.0
 40
7.0
 40
7.0
 40
8.0
 40
8.0
 40
8.0
 40
8.0
 10
504.5330230288255
 20
-514.4080110250781
 30
0.0
 10
504.4922806345319
 20
-514.4487534193717
 30
0.0
 10
504.4488926302206
 20
-514.4757386415674
 30
0.0
 10
504.4002134058683
 20
-514.4974326437242
 30
0.0
 10
504.3488885714983
 20
-514.516481035861
 30
0.0
 10
504.2972991761259
 20
-514.5299736469565
 30
0.0
 10
504.2431964512376
 20
-514.5301059274581
 30
0.0
 10
504.1322131109356
 20
-514.5273280369391
 30
0.0
 10
504.0316799302114
 20
-514.4865856426455
 30
0.0
 10
503.9533698736465
 20
-514.4082755860806
 30
0.0
 10
503.877440866096
 20
-514.3323465785339
 30
0.0
 10
503.8314072517642
 20
-514.2265221777716
 30
0.0
 10
503.8312749712664
 20
-514.118184447487
 30
0.0
 10
503.8340528617847
 20
-513.9042868774459
 30
0.0
 10
504.0237431001526
 20
-513.7093054190366
 30
0.0
 10
504.2404185607153
 20
-513.709040858038
 30
0.0
 10
504.3487562909968
 20
-513.7091731385358
 30
0.0
 10
504.454580691759
 20
-513.7552067528676
 30
0.0
 10
504.530509699309
 20
-513.8311357604175
 30
0.0
 10
504.6088197558745
 20
-513.9094458169831
 30
0.0
 10
504.6495621501682
 20
-514.0099789977065
 30
0.0
 10
504.6523400406866
 20
-514.1209623380092
 30
0.0
 10
504.6523400406866
 20
-514.2294323487915
 30
0.0
 10
504.6088197558707
 20
-514.3322142980323
 30
0.0
 10
504.5330230288255
 20
-514.4080110250781
 30
0.0
  0
HATCH
  5
E4
330
DF
100
AcDbEntity
  8
Guides
 62
   254
420
 14869218
440
 33554687
100
AcDbHatch
 10
0.0
 20
0.0
 30
0.0
210
0.0
220
0.0
230
1.0
  2
SOLID
 70
     1
 71
     1
 91
        1
 92
        1
 93
        1
 72
     4
 94
        3
 73
     0
 74
     0
 95
       29
 96
       25
 40
0.0
 40
0.0
 40
0.0
 40
0.0
 40
1.0
 40
1.0
 40
1.0
 40
2.0
 40
2.0
 40
2.0
 40
3.0
 40
3.0
 40
3.0
 40
4.0
 40
4.0
 40
4.0
 40
5.0
 40
5.0
 40
5.0
 40
6.0
 40
6.0
 40
6.0
 40
7.0
 40
7.0
 40
7.0
 40
8.0
 40
8.0
 40
8.0
 40
8.0
 10
504.5330230288255
 20
-514.4080110250781
 10
504.4922806345319
 20
-514.4487534193717
 10
504.4488926302206
 20
-514.4757386415674
 10
504.4002134058683
 20
-514.4974326437242
 10
504.3488885714983
 20
-514.516481035861
 10
504.2972991761259
 20
-514.5299736469565
 10
504.2431964512376
 20
-514.5301059274581
 10
504.1322131109356
 20
-514.5273280369391
 10
504.0316799302114
 20
-514.4865856426455
 10
503.9533698736465
 20
-514.4082755860806
 10
503.877440866096
 20
-514.3323465785339
 10
503.8314072517642
 20
-514.2265221777716
 10
503.8312749712664
 20
-514.118184447487
 10
503.8340528617847
 20
-513.9042868774459
 10
504.0237431001526
 20
-513.7093054190366
 10
504.2404185607153
 20
-513.709040858038
 10
504.3487562909968
 20
-513.7091731385358
 10
504.454580691759
 20
-513.7552067528676
 10
504.530509699309
 20
-513.8311357604175
 10
504.6088197558745
 20
-513.9094458169831
 10
504.6495621501682
 20
-514.0099789977065
 10
504.6523400406866
 20
-514.1209623380092
 10
504.6523400406866
 20
-514.2294323487915
 10
504.6088197558707
 20
-514.3322142980323
 10
504.5330230288255
 20
-514.4080110250781
 97
        0
 97
        1
330
E3
 75
     2
 76
     1
 98
        1
 10
0.0
 20
0.0
450
        0
451
        0
460
0.0
461
0.0
452
        0
462
0.0
453
        0
470

  0
SPLINE
  5
E5
330
DF
100
AcDbEntity
  8
Guides
100
AcDbSpline
210
0.0
220
0.0
230
1.0
 70
     9
 71
     3
 72
    32
 73
    28
 74
     0
 42
0.0000000001
 43
0.0000000001
 40
0.0
 40
0.0
 40
0.0
 40
0.0
 40
1.0
 40
1.0
 40
1.0
 40
2.0
 40
2.0
 40
2.0
 40
3.0
 40
3.0
 40
3.0
 40
4.0
 40
4.0
 40
4.0
 40
5.0
 40
5.0
 40
5.0
 40
6.0
 40
6.0
 40
6.0
 40
7.0
 40
7.0
 40
7.0
 40
8.0
 40
8.0
 40
8.0
 40
9.0
 40
9.0
 40
9.0
 40
9.0
 10
500.9079989923328
 20
-525.4547575606903
 30
0.0
 10
500.6967470323091
 20
-525.530554287736
 30
0.0
 10
500.4608908991086
 20
-525.4193063864347
 30
0.0
 10
500.3852264525638
 20
-525.208186706912
 30
0.0
 10
500.3852264525638
 20
-525.208186706912
 30
0.0
 10
500.3852264525638
 20
-525.208186706912
 30
0.0
 10
500.3852264525638
 20
-525.208186706912
 30
0.0
 10
500.3119430550306
 20
-524.9941568563667
 30
0.0
 10
500.4229263953333
 20
-524.7583007231661
 30
0.0
 10
500.634178355357
 20
-524.6825039961171
 30
0.0
 10
500.634178355357
 20
-524.6825039961171
 30
0.0
 10
500.634178355357
 20
-524.6825039961171
 30
0.0
 10
500.634178355357
 20
-524.6825039961171
 30
0.0
 10
500.8455625958816
 20
-524.6065749885697
 30
0.0
 10
501.0814187290822
 20
-524.7178228898749
 30
0.0
 10
501.1543052851118
 20
-524.9317204599154
 30
0.0
 10
501.1543052851118
 20
-524.9317204599154
 30
0.0
 10
501.1543052851118
 20
-524.9317204599154
 30
0.0
 10
501.1543052851118
 20
-524.9317204599154
 30
0.0
 10
501.2114504615211
 20
-525.0862240850302
 30
0.0
 10
501.1705757867258
 20
-525.2514424307221
 30
0.0
 10
501.0622380564483
 20
-525.3597801610035
 30
0.0
 10
501.0622380564483
 20
-525.3597801610035
 30
0.0
 10
501.0622380564483
 20
-525.3597801610035
 30
0.0
 10
501.0622380564483
 20
-525.3597801610035
 30
0.0
 10
501.0216279426523
 20
-525.4003902747995
 30
0.0
 10
500.9673929372625
 20
-525.4329312780319
 30
0.0
 10
500.9079989923328
 20
-525.4547575606903
 30
0.0
  0
HATCH
  5
E6
330
DF
100
AcDbEntity
  8
Guides
 62
   254
420
 14869218
440
 33554687
100
AcDbHatch
 10
0.0
 20
0.0
 30
0.0
210
0.0
220
0.0
230
1.0
  2
SOLID
 70
     1
 71
     1
 91
        1
 92
        1
 93
        1
 72
     4
 94
        3
 73
     0
 74
     0
 95
       32
 96
       28
 40
0.0
 40
0.0
 40
0.0
 40
0.0
 40
1.0
 40
1.0
 40
1.0
 40
2.0
 40
2.0
 40
2.0
 40
3.0
 40
3.0
 40
3.0
 40
4.0
 40
4.0
 40
4.0
 40
5.0
 40
5.0
 40
5.0
 40
6.0
 40
6.0
 40
6.0
 40
7.0
 40
7.0
 40
7.0
 40
8.0
 40
8.0
 40
8.0
 40
9.0
 40
9.0
 40
9.0
 40
9.0
 10
500.9079989923328
 20
-525.4547575606903
 10
500.6967470323091
 20
-525.530554287736
 10
500.4608908991086
 20
-525.4193063864347
 10
500.3852264525638
 20
-525.208186706912
 10
500.3852264525638
 20
-525.208186706912
 10
500.3852264525638
 20
-525.208186706912
 10
500.3852264525638
 20
-525.208186706912
 10
500.3119430550306
 20
-524.9941568563667
 10
500.4229263953333
 20
-524.7583007231661
 10
500.634178355357
 20
-524.6825039961171
 10
500.634178355357
 20
-524.6825039961171
 10
500.634178355357
 20
-524.6825039961171
 10
500.634178355357
 20
-524.6825039961171
 10
500.8455625958816
 20
-524.6065749885697
 10
501.0814187290822
 20
-524.7178228898749
 10
501.1543052851118
 20
-524.9317204599154
 10
501.1543052851118
 20
-524.9317204599154
 10
501.1543052851118
 20
-524.9317204599154
 10
501.1543052851118
 20
-524.9317204599154
 10
501.2114504615211
 20
-525.0862240850302
 10
501.1705757867258
 20
-525.2514424307221
 10
501.0622380564483
 20
-525.3597801610035
 10
501.0622380564483
 20
-525.3597801610035
 10
501.0622380564483
 20
-525.3597801610035
 10
501.0622380564483
 20
-525.3597801610035
 10
501.0216279426523
 20
-525.4003902747995
 10
500.9673929372625
 20
-525.4329312780319
 10
500.9079989923328
 20
-525.4547575606903
 97
        0
 97
        1
330
E5
 75
     2
 76
     1
 98
        1
 10
0.0
 20
0.0
450
        0
451
        0
460
0.0
461
0.0
452
        0
462
0.0
453
        0
470

  0
SPLINE
  5
E7
330
DF
100
AcDbEntity
  8
Guides
100
AcDbSpline
210
0.0
220
0.0
230
1.0
 70
     9
 71
     3
 72
    32
 73
    28
 74
     0
 42
0.0000000001
 43
0.0000000001
 40
0.0
 40
0.0
 40
0.0
 40
0.0
 40
1.0
 40
1.0
 40
1.0
 40
2.0
 40
2.0
 40
2.0
 40
3.0
 40
3.0
 40
3.0
 40
4.0
 40
4.0
 40
4.0
 40
5.0
 40
5.0
 40
5.0
 40
6.0
 40
6.0
 40
6.0
 40
7.0
 40
7.0
 40
7.0
 40
8.0
 40
8.0
 40
8.0
 40
9.0
 40
9.0
 40
9.0
 40
9.0
 10
500.436649988219
 20
-524.0190038495714
 30
0.0
 10
500.2171966371411
 20
-524.0596139633634
 30
0.0
 10
500.0031667865951
 20
-523.9106661192892
 30
0.0
 10
499.9650700023188
 20
-523.6884348776859
 30
0.0
 10
499.9650700023188
 20
-523.6884348776859
 30
0.0
 10
499.9650700023188
 20
-523.6884348776859
 30
0.0
 10
499.9650700023188
 20
-523.6884348776859
 30
0.0
 10
499.9244598885261
 20
-523.4634257455641
 30
0.0
 10
500.0706298420819
 20
-523.2521737855404
 30
0.0
 10
500.2957712547052
 20
-523.211695952246
 30
0.0
 10
500.2957712547052
 20
-523.211695952246
 30
0.0
 10
500.2957712547052
 20
-523.211695952246
 30
0.0
 10
500.2957712547052
 20
-523.211695952246
 30
0.0
 10
500.5178702158071
 20
-523.1737314484739
 30
0.0
 10
500.731900066353
 20
-523.322679292548
 30
0.0
 10
500.7696000091258
 20
-523.5447782536505
 30
0.0
 10
500.7696000091258
 20
-523.5447782536505
 30
0.0
 10
500.7696000091258
 20
-523.5447782536505
 30
0.0
 10
500.7696000091258
 20
-523.5447782536505
 30
0.0
 10
500.7942041822994
 20
-523.6831436576478
 30
0.0
 10
500.7479060069683
 20
-523.8156887196064
 30
0.0
 10
500.6584843883222
 20
-523.9051103382526
 30
0.0
 10
500.6584843883222
 20
-523.9051103382526
 30
0.0
 10
500.6584843883222
 20
-523.9051103382526
 30
0.0
 10
500.6584843883222
 20
-523.9051103382526
 30
0.0
 10
500.5989581628949
 20
-523.9646365636805
 30
0.0
 10
500.5232937163468
 20
-524.0027333479529
 30
0.0
 10
500.436649988219
 20
-524.0190038495714
 30
0.0
  0
HATCH
  5
E8
330
DF
100
AcDbEntity
  8
Guides
 62
   254
420
 14869218
440
 33554687
100
AcDbHatch
 10
0.0
 20
0.0
 30
0.0
210
0.0
220
0.0
230
1.0
  2
SOLID
 70
     1
 71
     1
 91
        1
 92
        1
 93
        1
 72
     4
 94
        3
 73
     0
 74
     0
 95
       32
 96
       28
 40
0.0
 40
0.0
 40
0.0
 40
0.0
 40
1.0
 40
1.0
 40
1.0
 40
2.0
 40
2.0
 40
2.0
 40
3.0
 40
3.0
 40
3.0
 40
4.0
 40
4.0
 40
4.0
 40
5.0
 40
5.0
 40
5.0
 40
6.0
 40
6.0
 40
6.0
 40
7.0
 40
7.0
 40
7.0
 40
8.0
 40
8.0
 40
8.0
 40
9.0
 40
9.0
 40
9.0
 40
9.0
 10
500.436649988219
 20
-524.0190038495714
 10
500.2171966371411
 20
-524.0596139633634
 10
500.0031667865951
 20
-523.9106661192892
 10
499.9650700023188
 20
-523.6884348776859
 10
499.9650700023188
 20
-523.6884348776859
 10
499.9650700023188
 20
-523.6884348776859
 10
499.9650700023188
 20
-523.6884348776859
 10
499.9244598885261
 20
-523.4634257455641
 10
500.0706298420819
 20
-523.2521737855404
 10
500.2957712547052
 20
-523.211695952246
 10
500.2957712547052
 20
-523.211695952246
 10
500.2957712547052
 20
-523.211695952246
 10
500.2957712547052
 20
-523.211695952246
 10
500.5178702158071
 20
-523.1737314484739
 10
500.731900066353
 20
-523.322679292548
 10
500.7696000091258
 20
-523.5447782536505
 10
500.7696000091258
 20
-523.5447782536505
 10
500.7696000091258
 20
-523.5447782536505
 10
500.7696000091258
 20
-523.5447782536505
 10
500.7942041822994
 20
-523.6831436576478
 10
500.7479060069683
 20
-523.8156887196064
 10
500.6584843883222
 20
-523.9051103382526
 10
500.6584843883222
 20
-523.9051103382526
 10
500.6584843883222
 20
-523.9051103382526
 10
500.6584843883222
 20
-523.9051103382526
 10
500.5989581628949
 20
-523.9646365636805
 10
500.5232937163468
 20
-524.0027333479529
 10
500.436649988219
 20
-524.0190038495714
 97
        0
 97
        1
330
E7
 75
     2
 76
     1
 98
        1
 10
0.0
 20
0.0
450
        0
451
        0
460
0.0
461
0.0
452
        0
462
0.0
453
        0
470

  0
SPLINE
  5
E9
330
DF
100
AcDbEntity
  8
Guides
100
AcDbSpline
210
0.0
220
0.0
230
1.0
 70
     9
 71
     3
 72
    38
 73
    34
 74
     0
 42
0.0000000001
 43
0.0000000001
 40
0.0
 40
0.0
 40
0.0
 40
0.0
 40
1.0
 40
1.0
 40
1.0
 40
2.0
 40
2.0
 40
2.0
 40
3.0
 40
3.0
 40
3.0
 40
4.0
 40
4.0
 40
4.0
 40
5.0
 40
5.0
 40
5.0
 40
6.0
 40
6.0
 40
6.0
 40
7.0
 40
7.0
 40
7.0
 40
8.0
 40
8.0
 40
8.0
 40
9.0
 40
9.0
 40
9.0
 40
10.0
 40
10.0
 40
10.0
 40
11.0
 40
11.0
 40
11.0
 40
11.0
 10
500.2272651577402
 20
-522.6415407013464
 30
0.0
 10
499.9997426960947
 20
-522.6415407013464
 30
0.0
 10
499.8154759582705
 20
-522.4628297445583
 30
0.0
 10
499.8126980677483
 20
-522.2322648313927
 30
0.0
 10
499.8126980677483
 20
-522.2322648313927
 30
0.0
 10
499.8126980677483
 20
-522.2322648313927
 30
0.0
 10
499.8126980677483
 20
-522.2322648313927
 30
0.0
 10
499.8126980677483
 20
-522.2322648313927
 30
0.0
 10
499.8126980677483
 20
-522.2322648313927
 30
0.0
 10
499.8126980677483
 20
-522.2322648313927
 30
0.0
 10
499.8126980677483
 20
-522.2322648313927
 30
0.0
 10
499.8126980677483
 20
-522.2322648313927
 30
0.0
 10
499.8126980677483
 20
-522.2322648313927
 30
0.0
 10
499.809920177226
 20
-522.0075202602727
 30
0.0
 10
499.9941869150547
 20
-521.8232535224447
 30
0.0
 10
500.2190637666788
 20
-521.8206079124272
 30
0.0
 10
500.2190637666788
 20
-521.8206079124272
 30
0.0
 10
500.2190637666788
 20
-521.8206079124272
 30
0.0
 10
500.2190637666788
 20
-521.8206079124272
 30
0.0
 10
500.4439406183029
 20
-521.8179623024066
 30
0.0
 10
500.6308529661485
 20
-521.9993188692114
 30
0.0
 10
500.6308529661523
 20
-522.2268413308569
 30
0.0
 10
500.6308529661523
 20
-522.2268413308569
 30
0.0
 10
500.6308529661523
 20
-522.2268413308569
 30
0.0
 10
500.6308529661523
 20
-522.2268413308569
 30
0.0
 10
500.6336308566707
 20
-522.3436450131981
 30
0.0
 10
500.5875972423357
 20
-522.4436490719206
 30
0.0
 10
500.5116682347884
 20
-522.5195780794678
 30
0.0
 10
500.5116682347884
 20
-522.5195780794678
 30
0.0
 10
500.5116682347884
 20
-522.5195780794678
 30
0.0
 10
500.5116682347884
 20
-522.5195780794678
 30
0.0
 10
500.4385171177601
 20
-522.5927291964962
 30
0.0
 10
500.3383807785399
 20
-522.638895091329
 30
0.0
 10
500.2272651577402
 20
-522.6415407013464
 30
0.0
  0
HATCH
  5
EA
330
DF
100
AcDbEntity
  8
Guides
 62
   254
420
 14869218
440
 33554687
100
AcDbHatch
 10
0.0
 20
0.0
 30
0.0
210
0.0
220
0.0
230
1.0
  2
SOLID
 70
     1
 71
     1
 91
        1
 92
        1
 93
        1
 72
     4
 94
        3
 73
     0
 74
     0
 95
       38
 96
       34
 40
0.0
 40
0.0
 40
0.0
 40
0.0
 40
1.0
 40
1.0
 40
1.0
 40
2.0
 40
2.0
 40
2.0
 40
3.0
 40
3.0
 40
3.0
 40
4.0
 40
4.0
 40
4.0
 40
5.0
 40
5.0
 40
5.0
 40
6.0
 40
6.0
 40
6.0
 40
7.0
 40
7.0
 40
7.0
 40
8.0
 40
8.0
 40
8.0
 40
9.0
 40
9.0
 40
9.0
 40
10.0
 40
10.0
 40
10.0
 40
11.0
 40
11.0
 40
11.0
 40
11.0
 10
500.2272651577402
 20
-522.6415407013464
 10
499.9997426960947
 20
-522.6415407013464
 10
499.8154759582705
 20
-522.4628297445583
 10
499.8126980677483
 20
-522.2322648313927
 10
499.8126980677483
 20
-522.2322648313927
 10
499.8126980677483
 20
-522.2322648313927
 10
499.8126980677483
 20
-522.2322648313927
 10
499.8126980677483
 20
-522.2322648313927
 10
499.8126980677483
 20
-522.2322648313927
 10
499.8126980677483
 20
-522.2322648313927
 10
499.8126980677483
 20
-522.2322648313927
 10
499.8126980677483
 20
-522.2322648313927
 10
499.8126980677483
 20
-522.2322648313927
 10
499.809920177226
 20
-522.0075202602727
 10
499.9941869150547
 20
-521.8232535224447
 10
500.2190637666788
 20
-521.8206079124272
 10
500.2190637666788
 20
-521.8206079124272
 10
500.2190637666788
 20
-521.8206079124272
 10
500.2190637666788
 20
-521.8206079124272
 10
500.4439406183029
 20
-521.8179623024066
 10
500.6308529661485
 20
-521.9993188692114
 10
500.6308529661523
 20
-522.2268413308569
 10
500.6308529661523
 20
-522.2268413308569
 10
500.6308529661523
 20
-522.2268413308569
 10
500.6308529661523
 20
-522.2268413308569
 10
500.6336308566707
 20
-522.3436450131981
 10
500.5875972423357
 20
-522.4436490719206
 10
500.5116682347884
 20
-522.5195780794678
 10
500.5116682347884
 20
-522.5195780794678
 10
500.5116682347884
 20
-522.5195780794678
 10
500.5116682347884
 20
-522.5195780794678
 10
500.4385171177601
 20
-522.5927291964962
 10
500.3383807785399
 20
-522.638895091329
 10
500.2272651577402
 20
-522.6415407013464
 97
        0
 97
        1
330
E9
 75
     2
 76
     1
 98
        1
 10
0.0
 20
0.0
450
        0
451
        0
460
0.0
461
0.0
452
        0
462
0.0
453
        0
470

  0
SPLINE
  5
EB
330
DF
100
AcDbEntity
  8
Guides
100
AcDbSpline
210
0.0
220
0.0
230
1.0
 70
     9
 71
     3
 72
    32
 73
    28
 74
     0
 42
0.0000000001
 43
0.0000000001
 40
0.0
 40
0.0
 40
0.0
 40
0.0
 40
1.0
 40
1.0
 40
1.0
 40
2.0
 40
2.0
 40
2.0
 40
3.0
 40
3.0
 40
3.0
 40
4.0
 40
4.0
 40
4.0
 40
5.0
 40
5.0
 40
5.0
 40
6.0
 40
6.0
 40
6.0
 40
7.0
 40
7.0
 40
7.0
 40
8.0
 40
8.0
 40
8.0
 40
9.0
 40
9.0
 40
9.0
 40
9.0
 10
500.5350690514029
 20
-521.0883195349106
 30
0.0
 10
500.4971045476309
 20
-521.126284038682
 30
0.0
 10
500.4509386527981
 20
-521.156047151396
 30
0.0
 10
500.4022594284457
 20
-521.1777411535528
 30
0.0
 10
500.3535802040933
 20
-521.1994351557065
 30
0.0
 10
500.301990808724
 20
-521.2076365467678
 30
0.0
 10
500.2480203643335
 20
-521.2076365467678
 30
0.0
 10
500.133862292009
 20
-521.2075042662669
 30
0.0
 10
500.0337259527857
 20
-521.1668941524741
 30
0.0
 10
499.9551513352215
 20
-521.0883195349106
 30
0.0
 10
499.8794868886734
 20
-521.0126550883625
 30
0.0
 10
499.8387444943797
 20
-520.906830687597
 30
0.0
 10
499.8387444943797
 20
-520.7983606768179
 30
0.0
 10
499.8388767748813
 20
-520.5818174967529
 30
0.0
 10
500.0284347327506
 20
-520.392259538886
 30
0.0
 10
500.247755803331
 20
-520.3893493678666
 30
0.0
 10
500.3535802040933
 20
-520.386703757846
 30
0.0
 10
500.4592723243572
 20
-520.4328696526787
 30
0.0
 10
500.5349367709053
 20
-520.5085340992268
 30
0.0
 10
500.6135113884695
 20
-520.587108716791
 30
0.0
 10
500.6570316732847
 20
-520.6901552270343
 30
0.0
 10
500.6570316732847
 20
-520.7986252378166
 30
0.0
 10
500.6568993927837
 20
-520.8527279627087
 30
0.0
 10
500.646052391705
 20
-520.906962968098
 30
0.0
 10
500.6243583895481
 20
-520.955642192451
 30
0.0
 10
500.6026643873907
 20
-521.0043214168035
 30
0.0
 10
500.5756791651989
 20
-521.0477094211146
 30
0.0
 10
500.5350690514029
 20
-521.0883195349106
 30
0.0
  0
HATCH
  5
EC
330
DF
100
AcDbEntity
  8
Guides
 62
   254
420
 14869218
440
 33554687
100
AcDbHatch
 10
0.0
 20
0.0
 30
0.0
210
0.0
220
0.0
230
1.0
  2
SOLID
 70
     1
 71
     1
 91
        1
 92
        1
 93
        1
 72
     4
 94
        3
 73
     0
 74
     0
 95
       32
 96
       28
 40
0.0
 40
0.0
 40
0.0
 40
0.0
 40
1.0
 40
1.0
 40
1.0
 40
2.0
 40
2.0
 40
2.0
 40
3.0
 40
3.0
 40
3.0
 40
4.0
 40
4.0
 40
4.0
 40
5.0
 40
5.0
 40
5.0
 40
6.0
 40
6.0
 40
6.0
 40
7.0
 40
7.0
 40
7.0
 40
8.0
 40
8.0
 40
8.0
 40
9.0
 40
9.0
 40
9.0
 40
9.0
 10
500.5350690514029
 20
-521.0883195349106
 10
500.4971045476309
 20
-521.126284038682
 10
500.4509386527981
 20
-521.156047151396
 10
500.4022594284457
 20
-521.1777411535528
 10
500.3535802040933
 20
-521.1994351557065
 10
500.301990808724
 20
-521.2076365467678
 10
500.2480203643335
 20
-521.2076365467678
 10
500.133862292009
 20
-521.2075042662669
 10
500.0337259527857
 20
-521.1668941524741
 10
499.9551513352215
 20
-521.0883195349106
 10
499.8794868886734
 20
-521.0126550883625
 10
499.8387444943797
 20
-520.906830687597
 10
499.8387444943797
 20
-520.7983606768179
 10
499.8388767748813
 20
-520.5818174967529
 10
500.0284347327506
 20
-520.392259538886
 10
500.247755803331
 20
-520.3893493678666
 10
500.3535802040933
 20
-520.386703757846
 10
500.4592723243572
 20
-520.4328696526787
 10
500.5349367709053
 20
-520.5085340992268
 10
500.6135113884695
 20
-520.587108716791
 10
500.6570316732847
 20
-520.6901552270343
 10
500.6570316732847
 20
-520.7986252378166
 10
500.6568993927837
 20
-520.8527279627087
 10
500.646052391705
 20
-520.906962968098
 10
500.6243583895481
 20
-520.955642192451
 10
500.6026643873907
 20
-521.0043214168035
 10
500.5756791651989
 20
-521.0477094211146
 10
500.5350690514029
 20
-521.0883195349106
 97
        0
 97
        1
330
EB
 75
     2
 76
     1
 98
        1
 10
0.0
 20
0.0
450
        0
451
        0
460
0.0
461
0.0
452
        0
462
0.0
453
        0
470

  0
ENDBLK
  5
E2
330
DF
100
AcDbEntity
  8
0
100
AcDbBlockEnd
  0
BLOCK
  5
EF
330
ED
100
AcDbEntity
  8
0
100
AcDbBlockBegin
  2
Block_12
 70
     0
 10
0.0
 20
0.0
 30
0.0
  3
Block_12
  1

  0
INSERT
  5
F2
330
ED
100
AcDbEntity
  8
Guides
100
AcDbBlockReference
  2
Block_13
 10
0.0
 20
0.0
 30
0.0
  0
SPLINE
  5
F9
330
ED
100
AcDbEntity
  8
Guides
100
AcDbSpline
210
0.0
220
0.0
230
1.0
 70
     9
 71
     3
 72
    26
 73
    22
 74
     0
 42
0.0000000001
 43
0.0000000001
 40
0.0
 40
0.0
 40
0.0
 40
0.0
 40
1.0
 40
1.0
 40
1.0
 40
2.0
 40
2.0
 40
2.0
 40
3.0
 40
3.0
 40
3.0
 40
4.0
 40
4.0
 40
4.0
 40
5.0
 40
5.0
 40
5.0
 40
6.0
 40
6.0
 40
6.0
 40
7.0
 40
7.0
 40
7.0
 40
7.0
 10
518.4805467689474
 20
-524.7217894039858
 30
0.0
 10
518.8281799254542
 20
-525.3890122507978
 30
0.0
 10
519.6534779709095
 20
-525.6489434351739
 30
0.0
 10
520.3205685372206
 20
-525.3014425591686
 30
0.0
 10
520.6434652400491
 20
-525.1335786034553
 30
0.0
 10
520.8818347027688
 20
-524.849175526404
 30
0.0
 10
520.9914952380627
 20
-524.5014100893961
 30
0.0
 10
521.1008912123503
 20
-524.1539092133868
 30
0.0
 10
521.0684824896195
 20
-523.784714335224
 30
0.0
 10
520.9000894119019
 20
-523.461553071393
 30
0.0
 10
520.7316963341914
 20
-523.138391807562
 30
0.0
 10
520.4476900986395
 20
-522.9001546253433
 30
0.0
 10
520.1003215031319
 20
-522.7908909315566
 30
0.0
 10
519.7526883466251
 20
-522.6813626767681
 30
0.0
 10
519.3832289074597
 20
-522.7137713994957
 30
0.0
 10
519.0601999241302
 20
-522.8822967577143
 30
0.0
 10
518.3920511138097
 20
-523.2292685117146
 30
0.0
 10
518.133045892942
 20
-524.054963398674
 30
0.0
 10
518.4808113299498
 20
-524.7220539649882
 30
0.0
 10
518.4808113299498
 20
-524.7220539649882
 30
0.0
 10
518.4805467689474
 20
-524.7217894039858
 30
0.0
 10
518.4805467689474
 20
-524.7217894039858
 30
0.0
  0
SPLINE
  5
FA
330
ED
100
AcDbEntity
  8
Guides
100
AcDbSpline
210
0.0
220
0.0
230
1.0
 70
     9
 71
     3
 72
    29
 73
    25
 74
     0
 42
0.0000000001
 43
0.0000000001
 40
0.0
 40
0.0
 40
0.0
 40
0.0
 40
1.0
 40
1.0
 40
1.0
 40
2.0
 40
2.0
 40
2.0
 40
3.0
 40
3.0
 40
3.0
 40
4.0
 40
4.0
 40
4.0
 40
5.0
 40
5.0
 40
5.0
 40
6.0
 40
6.0
 40
6.0
 40
7.0
 40
7.0
 40
7.0
 40
8.0
 40
8.0
 40
8.0
 40
8.0
 10
521.414131438611
 20
-525.8116484513461
 30
0.0
 10
521.2404471408592
 20
-525.9853327490979
 30
0.0
 10
521.0392484989068
 20
-526.1336191906694
 30
0.0
 10
520.8150330497886
 20
-526.2504228730114
 30
0.0
 10
519.6246408217008
 20
-526.870421580987
 30
0.0
 10
518.1519620045772
 20
-526.4065138641399
 30
0.0
 10
517.5318310161038
 20
-525.2165184775531
 30
0.0
 10
517.5318310161038
 20
-525.2165184775531
 30
0.0
 10
517.5315664551013
 20
-525.2162539165505
 30
0.0
 10
517.5315664551013
 20
-525.2162539165505
 30
0.0
 10
516.9117000276298
 20
-524.0259939689637
 30
0.0
 10
517.3760045859804
 20
-522.5531828713392
 30
0.0
 10
518.5657354115623
 20
-521.9333164438677
 30
0.0
 10
519.1423461152203
 20
-521.6329074262004
 30
0.0
 10
519.8013675709743
 20
-521.5749685667804
 30
0.0
 10
520.4214985594514
 20
-521.770214586192
 30
0.0
 10
521.0416295479249
 20
-521.9654606055997
 30
0.0
 10
521.5485284275796
 20
-522.390345574666
 30
0.0
 10
521.8490697257478
 20
-522.9670885588283
 30
0.0
 10
522.1493464629142
 20
-523.5435669819854
 30
0.0
 10
522.2071530418332
 20
-524.2027207182409
 30
0.0
 10
522.0119070224249
 20
-524.8228517067143
 30
0.0
 10
521.8927222910615
 20
-525.2018353419458
 30
0.0
 10
521.6872906730809
 20
-525.5384892168763
 30
0.0
 10
521.414131438611
 20
-525.8116484513461
 30
0.0
  0
HATCH
  5
FB
330
ED
100
AcDbEntity
  8
Guides
 62
   254
420
 14869218
440
 33554687
100
AcDbHatch
 10
0.0
 20
0.0
 30
0.0
210
0.0
220
0.0
230
1.0
  2
SOLID
 70
     1
 71
     1
 91
        2
 92
        1
 93
        1
 72
     4
 94
        3
 73
     0
 74
     0
 95
       26
 96
       22
 40
0.0
 40
0.0
 40
0.0
 40
0.0
 40
1.0
 40
1.0
 40
1.0
 40
2.0
 40
2.0
 40
2.0
 40
3.0
 40
3.0
 40
3.0
 40
4.0
 40
4.0
 40
4.0
 40
5.0
 40
5.0
 40
5.0
 40
6.0
 40
6.0
 40
6.0
 40
7.0
 40
7.0
 40
7.0
 40
7.0
 10
518.4805467689474
 20
-524.7217894039858
 10
518.8281799254542
 20
-525.3890122507978
 10
519.6534779709095
 20
-525.6489434351739
 10
520.3205685372206
 20
-525.3014425591686
 10
520.6434652400491
 20
-525.1335786034553
 10
520.8818347027688
 20
-524.849175526404
 10
520.9914952380627
 20
-524.5014100893961
 10
521.1008912123503
 20
-524.1539092133868
 10
521.0684824896195
 20
-523.784714335224
 10
520.9000894119019
 20
-523.461553071393
 10
520.7316963341914
 20
-523.138391807562
 10
520.4476900986395
 20
-522.9001546253433
 10
520.1003215031319
 20
-522.7908909315566
 10
519.7526883466251
 20
-522.6813626767681
 10
519.3832289074597
 20
-522.7137713994957
 10
519.0601999241302
 20
-522.8822967577143
 10
518.3920511138097
 20
-523.2292685117146
 10
518.133045892942
 20
-524.054963398674
 10
518.4808113299498
 20
-524.7220539649882
 10
518.4808113299498
 20
-524.7220539649882
 10
518.4805467689474
 20
-524.7217894039858
 10
518.4805467689474
 20
-524.7217894039858
 97
        0
 97
        1
330
F9
 92
        1
 93
        1
 72
     4
 94
        3
 73
     0
 74
     0
 95
       29
 96
       25
 40
0.0
 40
0.0
 40
0.0
 40
0.0
 40
1.0
 40
1.0
 40
1.0
 40
2.0
 40
2.0
 40
2.0
 40
3.0
 40
3.0
 40
3.0
 40
4.0
 40
4.0
 40
4.0
 40
5.0
 40
5.0
 40
5.0
 40
6.0
 40
6.0
 40
6.0
 40
7.0
 40
7.0
 40
7.0
 40
8.0
 40
8.0
 40
8.0
 40
8.0
 10
521.414131438611
 20
-525.8116484513461
 10
521.2404471408592
 20
-525.9853327490979
 10
521.0392484989068
 20
-526.1336191906694
 10
520.8150330497886
 20
-526.2504228730114
 10
519.6246408217008
 20
-526.870421580987
 10
518.1519620045772
 20
-526.4065138641399
 10
517.5318310161038
 20
-525.2165184775531
 10
517.5318310161038
 20
-525.2165184775531
 10
517.5315664551013
 20
-525.2162539165505
 10
517.5315664551013
 20
-525.2162539165505
 10
516.9117000276298
 20
-524.0259939689637
 10
517.3760045859804
 20
-522.5531828713392
 10
518.5657354115623
 20
-521.9333164438677
 10
519.1423461152203
 20
-521.6329074262004
 10
519.8013675709743
 20
-521.5749685667804
 10
520.4214985594514
 20
-521.770214586192
 10
521.0416295479249
 20
-521.9654606055997
 10
521.5485284275796
 20
-522.390345574666
 10
521.8490697257478
 20
-522.9670885588283
 10
522.1493464629142
 20
-523.5435669819854
 10
522.2071530418332
 20
-524.2027207182409
 10
522.0119070224249
 20
-524.8228517067143
 10
521.8927222910615
 20
-525.2018353419458
 10
521.6872906730809
 20
-525.5384892168763
 10
521.414131438611
 20
-525.8116484513461
 97
        0
 97
        1
330
FA
 75
     2
 76
     1
 98
        1
 10
0.0
 20
0.0
450
        0
451
        0
460
0.0
461
0.0
452
        0
462
0.0
453
        0
470

  0
ENDBLK
  5
F0
330
ED
100
AcDbEntity
  8
0
100
AcDbBlockEnd
  0
BLOCK
  5
F3
330
F1
100
AcDbEntity
  8
0
100
AcDbBlockBegin
  2
Block_13
 70
     0
 10
0.0
 20
0.0
 30
0.0
  3
Block_13
  1

  0
SPLINE
  5
F5
330
F1
100
AcDbEntity
  8
Guides
100
AcDbSpline
210
0.0
220
0.0
230
1.0
 70
     9
 71
     3
 72
    29
 73
    25
 74
     0
 42
0.0000000001
 43
0.0000000001
 40
0.0
 40
0.0
 40
0.0
 40
0.0
 40
1.0
 40
1.0
 40
1.0
 40
2.0
 40
2.0
 40
2.0
 40
3.0
 40
3.0
 40
3.0
 40
4.0
 40
4.0
 40
4.0
 40
5.0
 40
5.0
 40
5.0
 40
6.0
 40
6.0
 40
6.0
 40
7.0
 40
7.0
 40
7.0
 40
8.0
 40
8.0
 40
8.0
 40
8.0
 10
507.2046820476789
 20
-530.7370995951323
 30
0.0
 10
504.878010330261
 20
-530.0043965422526
 30
0.0
 10
502.9748916472547
 20
-528.4105649055492
 30
0.0
 10
501.8462542811427
 20
-526.2496207405106
 30
0.0
 10
501.6895248898531
 20
-525.9492252780926
 30
0.0
 10
501.3184687411176
 20
-525.8329495484209
 30
0.0
 10
501.0177687724022
 20
-525.9896789397071
 30
0.0
 10
500.7179214213215
 20
-526.1467128372906
 30
0.0
 10
500.6004428917744
 20
-526.5176015075637
 30
0.0
 10
500.7578574222291
 20
-526.8184080534832
 30
0.0
 10
502.0380932485226
 20
-529.2695923959199
 30
0.0
 10
504.1966165884995
 20
-531.0773244812532
 30
0.0
 10
506.8356356405066
 20
-531.9083373922601
 30
0.0
 10
510.6483437653356
 20
-533.10902094835
 30
0.0
 10
514.6462678455788
 20
-531.9863671309788
 30
0.0
 10
517.2922600917985
 20
-529.3398267734217
 30
0.0
 10
517.7458526724541
 20
-528.8862341927694
 30
0.0
 10
518.1564337385988
 20
-528.3852147562907
 30
0.0
 10
518.5216890423661
 20
-527.845294640314
 30
0.0
 10
518.1239581419744
 20
-527.7214671544611
 30
0.0
 10
517.7476035836639
 20
-527.5325362222186
 30
0.0
 10
517.4051405762574
 20
-527.2886419032897
 30
0.0
 10
515.1752866361073
 20
-530.4427333574042
 30
0.0
 10
511.0857061603399
 20
-531.9592965211346
 30
0.0
 10
507.2046820476789
 20
-530.7370995951323
 30
0.0
  0
HATCH
  5
F6
330
F1
100
AcDbEntity
  8
Guides
 62
   254
420
 14869218
440
 33554687
100
AcDbHatch
 10
0.0
 20
0.0
 30
0.0
210
0.0
220
0.0
230
1.0
  2
SOLID
 70
     1
 71
     1
 91
        1
 92
        1
 93
        1
 72
     4
 94
        3
 73
     0
 74
     0
 95
       29
 96
       25
 40
0.0
 40
0.0
 40
0.0
 40
0.0
 40
1.0
 40
1.0
 40
1.0
 40
2.0
 40
2.0
 40
2.0
 40
3.0
 40
3.0
 40
3.0
 40
4.0
 40
4.0
 40
4.0
 40
5.0
 40
5.0
 40
5.0
 40
6.0
 40
6.0
 40
6.0
 40
7.0
 40
7.0
 40
7.0
 40
8.0
 40
8.0
 40
8.0
 40
8.0
 10
507.2046820476789
 20
-530.7370995951323
 10
504.878010330261
 20
-530.0043965422526
 10
502.9748916472547
 20
-528.4105649055492
 10
501.8462542811427
 20
-526.2496207405106
 10
501.6895248898531
 20
-525.9492252780926
 10
501.3184687411176
 20
-525.8329495484209
 10
501.0177687724022
 20
-525.9896789397071
 10
500.7179214213215
 20
-526.1467128372906
 10
500.6004428917744
 20
-526.5176015075637
 10
500.7578574222291
 20
-526.8184080534832
 10
502.0380932485226
 20
-529.2695923959199
 10
504.1966165884995
 20
-531.0773244812532
 10
506.8356356405066
 20
-531.9083373922601
 10
510.6483437653356
 20
-533.10902094835
 10
514.6462678455788
 20
-531.9863671309788
 10
517.2922600917985
 20
-529.3398267734217
 10
517.7458526724541
 20
-528.8862341927694
 10
518.1564337385988
 20
-528.3852147562907
 10
518.5216890423661
 20
-527.845294640314
 10
518.1239581419744
 20
-527.7214671544611
 10
517.7476035836639
 20
-527.5325362222186
 10
517.4051405762574
 20
-527.2886419032897
 10
515.1752866361073
 20
-530.4427333574042
 10
511.0857061603399
 20
-531.9592965211346
 10
507.2046820476789
 20
-530.7370995951323
 97
        0
 97
        1
330
F5
 75
     2
 76
     1
 98
        1
 10
0.0
 20
0.0
450
        0
451
        0
460
0.0
461
0.0
452
        0
462
0.0
453
        0
470

  0
SPLINE
  5
F7
330
F1
100
AcDbEntity
  8
Guides
100
AcDbSpline
210
0.0
220
0.0
230
1.0
 70
     9
 71
     3
 72
    26
 73
    22
 74
     0
 42
0.0000000001
 43
0.0000000001
 40
0.0
 40
0.0
 40
0.0
 40
0.0
 40
1.0
 40
1.0
 40
1.0
 40
2.0
 40
2.0
 40
2.0
 40
3.0
 40
3.0
 40
3.0
 40
4.0
 40
4.0
 40
4.0
 40
5.0
 40
5.0
 40
5.0
 40
6.0
 40
6.0
 40
6.0
 40
7.0
 40
7.0
 40
7.0
 40
7.0
 10
520.1326491582982
 20
-520.1825763692148
 30
0.0
 10
519.4611214205759
 20
-516.5258515952473
 30
0.0
 10
516.8464933229909
 20
-513.3448722350684
 30
0.0
 10
513.0573235349516
 20
-512.1517099845253
 30
0.0
 10
507.604818547822
 20
-510.4345532973647
 30
0.0
 10
501.7740558380193
 20
-513.4689737765882
 30
0.0
 10
500.0587718645834
 20
-518.9166523389009
 30
0.0
 10
499.9567927055766
 20
-519.2398248723659
 30
0.0
 10
500.1362991679131
 20
-519.5846782542099
 30
0.0
 10
500.4598371089319
 20
-519.6865356106992
 30
0.0
 10
500.783801358771
 20
-519.78851476971
 30
0.0
 10
501.1290505987999
 20
-519.6099522768961
 30
0.0
 10
501.2299639857705
 20
-519.2851658600559
 30
0.0
 10
502.7421879347586
 20
-514.48390849124
 30
0.0
 10
507.8822390100949
 20
-511.8096276099899
 30
0.0
 10
512.6882466771482
 20
-513.322917331022
 30
0.0
 10
515.9725906999906
 20
-514.3572034208814
 30
0.0
 10
518.255855044708
 20
-517.0853819167779
 30
0.0
 10
518.8944961023115
 20
-520.2405239176151
 30
0.0
 10
519.3011947131617
 20
-520.1558102656725
 30
0.0
 10
519.7179268065132
 20
-520.1348145564663
 30
0.0
 10
520.1326491582982
 20
-520.1825763692148
 30
0.0
  0
HATCH
  5
F8
330
F1
100
AcDbEntity
  8
Guides
 62
   254
420
 14869218
440
 33554687
100
AcDbHatch
 10
0.0
 20
0.0
 30
0.0
210
0.0
220
0.0
230
1.0
  2
SOLID
 70
     1
 71
     1
 91
        1
 92
        1
 93
        1
 72
     4
 94
        3
 73
     0
 74
     0
 95
       26
 96
       22
 40
0.0
 40
0.0
 40
0.0
 40
0.0
 40
1.0
 40
1.0
 40
1.0
 40
2.0
 40
2.0
 40
2.0
 40
3.0
 40
3.0
 40
3.0
 40
4.0
 40
4.0
 40
4.0
 40
5.0
 40
5.0
 40
5.0
 40
6.0
 40
6.0
 40
6.0
 40
7.0
 40
7.0
 40
7.0
 40
7.0
 10
520.1326491582982
 20
-520.1825763692148
 10
519.4611214205759
 20
-516.5258515952473
 10
516.8464933229909
 20
-513.3448722350684
 10
513.0573235349516
 20
-512.1517099845253
 10
507.604818547822
 20
-510.4345532973647
 10
501.7740558380193
 20
-513.4689737765882
 10
500.0587718645834
 20
-518.9166523389009
 10
499.9567927055766
 20
-519.2398248723659
 10
500.1362991679131
 20
-519.5846782542099
 10
500.4598371089319
 20
-519.6865356106992
 10
500.783801358771
 20
-519.78851476971
 10
501.1290505987999
 20
-519.6099522768961
 10
501.2299639857705
 20
-519.2851658600559
 10
502.7421879347586
 20
-514.48390849124
 10
507.8822390100949
 20
-511.8096276099899
 10
512.6882466771482
 20
-513.322917331022
 10
515.9725906999906
 20
-514.3572034208814
 10
518.255855044708
 20
-517.0853819167779
 10
518.8944961023115
 20
-520.2405239176151
 10
519.3011947131617
 20
-520.1558102656725
 10
519.7179268065132
 20
-520.1348145564663
 10
520.1326491582982
 20
-520.1825763692148
 97
        0
 97
        1
330
F7
 75
     2
 76
     1
 98
        1
 10
0.0
 20
0.0
450
        0
451
        0
460
0.0
461
0.0
452
        0
462
0.0
453
        0
470

  0
ENDBLK
  5
F4
330
F1
100
AcDbEntity
  8
0
100
AcDbBlockEnd
  0
BLOCK
  5
FE
330
FC
100
AcDbEntity
  8
0
100
AcDbBlockBegin
  2
Block_14
 70
     0
 10
0.0
 20
0.0
 30
0.0
  3
Block_14
  1

  0
LWPOLYLINE
  5
100
330
FC
100
AcDbEntity
  8
Guides
100
AcDbPolyline
 90
        3
 70
     1
 43
0.0
 10
513.7558457559457
 20
-522.8957427046501
 10
516.6282841102497
 20
-523.5963203431526
 10
513.7558457559457
 20
-522.8957427046501
  0
HATCH
  5
101
330
FC
100
AcDbEntity
  8
Guides
 62
   254
420
 14869218
440
 33554687
100
AcDbHatch
 10
0.0
 20
0.0
 30
0.0
210
0.0
220
0.0
230
1.0
  2
SOLID
 70
     1
 71
     1
 91
        1
 92
        1
 93
        2
 72
     1
 10
513.7558457559457
 20
-522.8957427046501
 11
516.6282841102497
 21
-523.5963203431526
 72
     1
 10
516.6282841102497
 20
-523.5963203431526
 11
513.7558457559457
 21
-522.8957427046501
 97
        1
330
100
 75
     2
 76
     1
 98
        1
 10
0.0
 20
0.0
450
        0
451
        0
460
0.0
461
0.0
452
        0
462
0.0
453
        0
470

  0
LWPOLYLINE
  5
102
330
FC
100
AcDbEntity
  8
Guides
100
AcDbPolyline
 90
        3
 70
     1
 43
0.0
 10
506.1663764746973
 20
-521.0447250491379
 10
503.296678677067
 20
-520.3448173244878
 10
506.1663764746973
 20
-521.0447250491379
  0
HATCH
  5
103
330
FC
100
AcDbEntity
  8
Guides
 62
   254
420
 14869218
440
 33554687
100
AcDbHatch
 10
0.0
 20
0.0
 30
0.0
210
0.0
220
0.0
230
1.0
  2
SOLID
 70
     1
 71
     1
 91
        1
 92
        1
 93
        2
 72
     1
 10
506.1663764746973
 20
-521.0447250491379
 11
503.296678677067
 21
-520.3448173244878
 72
     1
 10
503.296678677067
 20
-520.3448173244878
 11
506.1663764746973
 21
-521.0447250491379
 97
        1
330
102
 75
     2
 76
     1
 98
        1
 10
0.0
 20
0.0
450
        0
451
        0
460
0.0
461
0.0
452
        0
462
0.0
453
        0
470

  0
SPLINE
  5
104
330
FC
100
AcDbEntity
  8
Guides
100
AcDbSpline
210
0.0
220
0.0
230
1.0
 70
     9
 71
     3
 72
    20
 73
    16
 74
     0
 42
0.0000000001
 43
0.0000000001
 40
0.0
 40
0.0
 40
0.0
 40
0.0
 40
1.0
 40
1.0
 40
1.0
 40
2.0
 40
2.0
 40
2.0
 40
3.0
 40
3.0
 40
3.0
 40
4.0
 40
4.0
 40
4.0
 40
5.0
 40
5.0
 40
5.0
 40
5.0
 10
511.8037167843665
 20
-525.4705261532141
 30
0.0
 10
511.8037167843665
 20
-525.4705261532141
 30
0.0
 10
513.4022987193106
 20
-527.9582360260288
 30
0.0
 10
513.4022987193106
 20
-527.9582360260288
 30
0.0
 10
513.647091331817
 20
-527.8150876156066
 30
0.0
 10
513.8865246334899
 20
-527.6573229029081
 30
0.0
 10
514.1175383360351
 20
-527.4805113213041
 30
0.0
 10
515.4304476880422
 20
-526.4757623422964
 30
0.0
 10
516.2792894427647
 20
-525.0896496763882
 30
0.0
 10
516.6282841102497
 20
-523.5963203431526
 30
0.0
 10
516.6282841102497
 20
-523.5963203431526
 30
0.0
 10
513.7558457559457
 20
-522.8957427046501
 30
0.0
 10
513.7558457559457
 20
-522.8957427046501
 30
0.0
 10
513.4977766688701
 20
-524.0342003988595
 30
0.0
 10
512.7649213628417
 20
-524.9508557060147
 30
0.0
 10
511.8037167843665
 20
-525.4705261532141
 30
0.0
  0
HATCH
  5
105
330
FC
100
AcDbEntity
  8
Guides
 62
   254
420
 14869218
440
 33554687
100
AcDbHatch
 10
0.0
 20
0.0
 30
0.0
210
0.0
220
0.0
230
1.0
  2
SOLID
 70
     1
 71
     1
 91
        1
 92
        1
 93
        1
 72
     4
 94
        3
 73
     0
 74
     0
 95
       20
 96
       16
 40
0.0
 40
0.0
 40
0.0
 40
0.0
 40
1.0
 40
1.0
 40
1.0
 40
2.0
 40
2.0
 40
2.0
 40
3.0
 40
3.0
 40
3.0
 40
4.0
 40
4.0
 40
4.0
 40
5.0
 40
5.0
 40
5.0
 40
5.0
 10
511.8037167843665
 20
-525.4705261532141
 10
511.8037167843665
 20
-525.4705261532141
 10
513.4022987193106
 20
-527.9582360260288
 10
513.4022987193106
 20
-527.9582360260288
 10
513.647091331817
 20
-527.8150876156066
 10
513.8865246334899
 20
-527.6573229029081
 10
514.1175383360351
 20
-527.4805113213041
 10
515.4304476880422
 20
-526.4757623422964
 10
516.2792894427647
 20
-525.0896496763882
 10
516.6282841102497
 20
-523.5963203431526
 10
516.6282841102497
 20
-523.5963203431526
 10
513.7558457559457
 20
-522.8957427046501
 10
513.7558457559457
 20
-522.8957427046501
 10
513.4977766688701
 20
-524.0342003988595
 10
512.7649213628417
 20
-524.9508557060147
 10
511.8037167843665
 20
-525.4705261532141
 97
        0
 97
        1
330
104
 75
     2
 76
     1
 98
        1
 10
0.0
 20
0.0
450
        0
451
        0
460
0.0
461
0.0
452
        0
462
0.0
453
        0
470

  0
SPLINE
  5
106
330
FC
100
AcDbEntity
  8
Guides
100
AcDbSpline
210
0.0
220
0.0
230
1.0
 70
     9
 71
     3
 72
    26
 73
    22
 74
     0
 42
0.0000000001
 43
0.0000000001
 40
0.0
 40
0.0
 40
0.0
 40
0.0
 40
1.0
 40
1.0
 40
1.0
 40
2.0
 40
2.0
 40
2.0
 40
3.0
 40
3.0
 40
3.0
 40
4.0
 40
4.0
 40
4.0
 40
5.0
 40
5.0
 40
5.0
 40
6.0
 40
6.0
 40
6.0
 40
7.0
 40
7.0
 40
7.0
 40
7.0
 10
509.2340185909693
 20
-525.8759762882463
 30
0.0
 10
507.1103155461052
 20
-525.4823866734989
 30
0.0
 10
505.7077138641884
 20
-523.4416311440544
 30
0.0
 10
506.1013643801943
 20
-521.3178976485624
 30
0.0
 10
506.1185994366311
 20
-521.2247796228093
 30
0.0
 10
506.1429142644801
 20
-521.1349350397508
 30
0.0
 10
506.1663764746973
 20
-521.0447250491379
 30
0.0
 10
506.1663764746973
 20
-521.0447250491379
 30
0.0
 10
503.296678677067
 20
-520.3448173244878
 30
0.0
 10
503.296678677067
 20
-520.3448173244878
 30
0.0
 10
502.8004704400887
 20
-522.3073451861235
 30
0.0
 10
503.1715722647688
 20
-524.4691267434811
 30
0.0
 10
504.4973165572117
 20
-526.2014782948866
 30
0.0
 10
506.6238819612715
 20
-528.9802048361548
 30
0.0
 10
510.4576314712554
 20
-529.6795187735228
 30
0.0
 10
513.4022987193106
 20
-527.9582360260288
 30
0.0
 10
513.4022987193106
 20
-527.9582360260288
 30
0.0
 10
511.8037167843665
 20
-525.4705261532141
 30
0.0
 10
511.8037167843665
 20
-525.4705261532141
 30
0.0
 10
511.0452829493539
 20
-525.8805438827066
 30
0.0
 10
510.1477810883047
 20
-526.0453426908766
 30
0.0
 10
509.2340185909693
 20
-525.8759762882463
 30
0.0
  0
HATCH
  5
107
330
FC
100
AcDbEntity
  8
Guides
 62
   254
420
 14869218
440
 33554687
100
AcDbHatch
 10
0.0
 20
0.0
 30
0.0
210
0.0
220
0.0
230
1.0
  2
SOLID
 70
     1
 71
     1
 91
        1
 92
        1
 93
        1
 72
     4
 94
        3
 73
     0
 74
     0
 95
       26
 96
       22
 40
0.0
 40
0.0
 40
0.0
 40
0.0
 40
1.0
 40
1.0
 40
1.0
 40
2.0
 40
2.0
 40
2.0
 40
3.0
 40
3.0
 40
3.0
 40
4.0
 40
4.0
 40
4.0
 40
5.0
 40
5.0
 40
5.0
 40
6.0
 40
6.0
 40
6.0
 40
7.0
 40
7.0
 40
7.0
 40
7.0
 10
509.2340185909693
 20
-525.8759762882463
 10
507.1103155461052
 20
-525.4823866734989
 10
505.7077138641884
 20
-523.4416311440544
 10
506.1013643801943
 20
-521.3178976485624
 10
506.1185994366311
 20
-521.2247796228093
 10
506.1429142644801
 20
-521.1349350397508
 10
506.1663764746973
 20
-521.0447250491379
 10
506.1663764746973
 20
-521.0447250491379
 10
503.296678677067
 20
-520.3448173244878
 10
503.296678677067
 20
-520.3448173244878
 10
502.8004704400887
 20
-522.3073451861235
 10
503.1715722647688
 20
-524.4691267434811
 10
504.4973165572117
 20
-526.2014782948866
 10
506.6238819612715
 20
-528.9802048361548
 10
510.4576314712554
 20
-529.6795187735228
 10
513.4022987193106
 20
-527.9582360260288
 10
513.4022987193106
 20
-527.9582360260288
 10
511.8037167843665
 20
-525.4705261532141
 10
511.8037167843665
 20
-525.4705261532141
 10
511.0452829493539
 20
-525.8805438827066
 10
510.1477810883047
 20
-526.0453426908766
 10
509.2340185909693
 20
-525.8759762882463
 97
        0
 97
        1
330
106
 75
     2
 76
     1
 98
        1
 10
0.0
 20
0.0
450
        0
451
        0
460
0.0
461
0.0
452
        0
462
0.0
453
        0
470

  0
SPLINE
  5
108
330
FC
100
AcDbEntity
  8
Guides
100
AcDbSpline
210
0.0
220
0.0
230
1.0
 70
     9
 71
     3
 72
    29
 73
    25
 74
     0
 42
0.0000000001
 43
0.0000000001
 40
0.0
 40
0.0
 40
0.0
 40
0.0
 40
1.0
 40
1.0
 40
1.0
 40
2.0
 40
2.0
 40
2.0
 40
3.0
 40
3.0
 40
3.0
 40
4.0
 40
4.0
 40
4.0
 40
5.0
 40
5.0
 40
5.0
 40
6.0
 40
6.0
 40
6.0
 40
7.0
 40
7.0
 40
7.0
 40
8.0
 40
8.0
 40
8.0
 40
8.0
 10
505.7763495836286
 20
-516.5812869666918
 30
0.0
 10
504.4990217924803
 20
-517.5588587586543
 30
0.0
 10
503.6625277681177
 20
-518.8977881737756
 30
0.0
 10
503.296678677067
 20
-520.3448173244878
 30
0.0
 10
503.296678677067
 20
-520.3448173244878
 30
0.0
 10
506.1663764746973
 20
-521.0447250491379
 30
0.0
 10
506.1663764746973
 20
-521.0447250491379
 30
0.0
 10
506.6779470543806
 20
-519.0765181450529
 30
0.0
 10
508.6287970995082
 20
-517.8088584288456
 30
0.0
 10
510.6594430198782
 20
-518.1852129871562
 30
0.0
 10
512.7831917406874
 20
-518.5788178272169
 30
0.0
 10
514.1857477466592
 20
-520.6195581313449
 30
0.0
 10
513.7921429065984
 20
-522.743306852154
 30
0.0
 10
513.7824900569706
 20
-522.7952251758684
 30
0.0
 10
513.7674017699326
 20
-522.844661773258
 30
0.0
 10
513.7558457559457
 20
-522.8957427046501
 30
0.0
 10
513.7558457559457
 20
-522.8957427046501
 30
0.0
 10
516.6282841102497
 20
-523.5963203431526
 30
0.0
 10
516.6282841102497
 20
-523.5963203431526
 30
0.0
 10
517.0792731620633
 20
-521.6662833034545
 30
0.0
 10
516.6951536931668
 20
-519.5571661102355
 30
0.0
 10
515.3965713624519
 20
-517.8603199931124
 30
0.0
 10
513.0931791514741
 20
-514.8505645239779
 30
0.0
 10
508.7860898274459
 20
-514.2779404316591
 30
0.0
 10
505.7763495836286
 20
-516.5812869666918
 30
0.0
  0
HATCH
  5
109
330
FC
100
AcDbEntity
  8
Guides
 62
   254
420
 14869218
440
 33554687
100
AcDbHatch
 10
0.0
 20
0.0
 30
0.0
210
0.0
220
0.0
230
1.0
  2
SOLID
 70
     1
 71
     1
 91
        1
 92
        1
 93
        1
 72
     4
 94
        3
 73
     0
 74
     0
 95
       29
 96
       25
 40
0.0
 40
0.0
 40
0.0
 40
0.0
 40
1.0
 40
1.0
 40
1.0
 40
2.0
 40
2.0
 40
2.0
 40
3.0
 40
3.0
 40
3.0
 40
4.0
 40
4.0
 40
4.0
 40
5.0
 40
5.0
 40
5.0
 40
6.0
 40
6.0
 40
6.0
 40
7.0
 40
7.0
 40
7.0
 40
8.0
 40
8.0
 40
8.0
 40
8.0
 10
505.7763495836286
 20
-516.5812869666918
 10
504.4990217924803
 20
-517.5588587586543
 10
503.6625277681177
 20
-518.8977881737756
 10
503.296678677067
 20
-520.3448173244878
 10
503.296678677067
 20
-520.3448173244878
 10
506.1663764746973
 20
-521.0447250491379
 10
506.1663764746973
 20
-521.0447250491379
 10
506.6779470543806
 20
-519.0765181450529
 10
508.6287970995082
 20
-517.8088584288456
 10
510.6594430198782
 20
-518.1852129871562
 10
512.7831917406874
 20
-518.5788178272169
 10
514.1857477466592
 20
-520.6195581313449
 10
513.7921429065984
 20
-522.743306852154
 10
513.7824900569706
 20
-522.7952251758684
 10
513.7674017699326
 20
-522.844661773258
 10
513.7558457559457
 20
-522.8957427046501
 10
513.7558457559457
 20
-522.8957427046501
 10
516.6282841102497
 20
-523.5963203431526
 10
516.6282841102497
 20
-523.5963203431526
 10
517.0792731620633
 20
-521.6662833034545
 10
516.6951536931668
 20
-519.5571661102355
 10
515.3965713624519
 20
-517.8603199931124
 10
513.0931791514741
 20
-514.8505645239779
 10
508.7860898274459
 20
-514.2779404316591
 10
505.7763495836286
 20
-516.5812869666918
 97
        0
 97
        1
330
108
 75
     2
 76
     1
 98
        1
 10
0.0
 20
0.0
450
        0
451
        0
460
0.0
461
0.0
452
        0
462
0.0
453
        0
470

  0
LWPOLYLINE
  5
10A
330
FC
100
AcDbEntity
  8
Guides
100
AcDbPolyline
 90
        3
 70
     1
 43
0.0
 10
509.4788416541068
 20
-521.852595481537
 10
509.4787807528446
 20
-521.852595481537
 10
509.4788416541068
 20
-521.852595481537
  0
HATCH
  5
10B
330
FC
100
AcDbEntity
  8
Guides
 62
   254
420
 14869218
440
 33554687
100
AcDbHatch
 10
0.0
 20
0.0
 30
0.0
210
0.0
220
0.0
230
1.0
  2
SOLID
 70
     1
 71
     1
 91
        1
 92
        1
 93
        2
 72
     1
 10
509.4788416541068
 20
-521.852595481537
 11
509.4787807528446
 21
-521.852595481537
 72
     1
 10
509.4787807528446
 20
-521.852595481537
 11
509.4788416541068
 21
-521.852595481537
 97
        1
330
10A
 75
     2
 76
     1
 98
        1
 10
0.0
 20
0.0
450
        0
451
        0
460
0.0
461
0.0
452
        0
462
0.0
453
        0
470

  0
ENDBLK
  5
FF
330
FC
100
AcDbEntity
  8
0
100
AcDbBlockEnd
  0
BLOCK
  5
10E
330
10C
100
AcDbEntity
  8
0
100
AcDbBlockBegin
  2
Block_15
 70
     0
 10
0.0
 20
0.0
 30
0.0
  3
Block_15
  1

  0
INSERT
  5
111
330
10C
100
AcDbEntity
  8
Guides
100
AcDbBlockReference
  2
Block_16
 10
0.0
 20
0.0
 30
0.0
  0
INSERT
  5
11F
330
10C
100
AcDbEntity
  8
Guides
100
AcDbBlockReference
  2
Block_17
 10
0.0
 20
0.0
 30
0.0
  0
INSERT
  5
12E
330
10C
100
AcDbEntity
  8
Guides
100
AcDbBlockReference
  2
Block_19
 10
0.0
 20
0.0
 30
0.0
  0
ENDBLK
  5
10F
330
10C
100
AcDbEntity
  8
0
100
AcDbBlockEnd
  0
BLOCK
  5
112
330
110
100
AcDbEntity
  8
0
100
AcDbBlockBegin
  2
Block_16
 70
     0
 10
0.0
 20
0.0
 30
0.0
  3
Block_16
  1

  0
SPLINE
  5
114
330
110
100
AcDbEntity
  8
Guides
100
AcDbSpline
210
0.0
220
0.0
230
1.0
 70
     9
 71
     3
 72
    29
 73
    25
 74
     0
 42
0.0000000001
 43
0.0000000001
 40
0.0
 40
0.0
 40
0.0
 40
0.0
 40
1.0
 40
1.0
 40
1.0
 40
2.0
 40
2.0
 40
2.0
 40
3.0
 40
3.0
 40
3.0
 40
4.0
 40
4.0
 40
4.0
 40
5.0
 40
5.0
 40
5.0
 40
6.0
 40
6.0
 40
6.0
 40
7.0
 40
7.0
 40
7.0
 40
8.0
 40
8.0
 40
8.0
 40
8.0
 10
506.8549321014114
 20
-605.7693920021652
 30
0.0
 10
506.8128538014279
 20
-605.8087531766432
 30
0.0
 10
506.7685900981411
 20
-605.8342766110978
 30
0.0
 10
506.7192145540117
 20
-605.8543353312694
 30
0.0
 10
506.6672830894593
 20
-605.8716616942956
 30
0.0
 10
506.6152724695889
 20
-605.8834265440485
 30
0.0
 10
506.5611954205975
 20
-605.8817546855158
 30
0.0
 10
506.4503664280056
 20
-605.8752775795678
 30
0.0
 10
506.3512477170773
 20
-605.8312055446349
 30
0.0
 10
506.275592472625
 20
-605.750327773238
 30
0.0
 10
506.2022375565551
 20
-605.6719091232698
 30
0.0
 10
506.1597582761907
 20
-605.5646085725525
 30
0.0
 10
506.1632386111171
 20
-605.4563266785477
 30
0.0
 10
506.1731474112916
 20
-605.2426406873705
 30
0.0
 10
506.3692338550727
 20
-605.0540929156517
 30
0.0
 10
506.5857976430861
 20
-605.0610535855089
 30
0.0
 10
506.6940707152583
 20
-605.0647983343155
 30
0.0
 10
506.7983012670254
 20
-605.1143350835275
 30
0.0
 10
506.8716561830952
 20
-605.1927537334957
 30
0.0
 10
506.9473114275443
 20
-605.2736315048925
 30
0.0
 10
506.9846788670731
 20
-605.375467341327
 30
0.0
 10
506.9837544525665
 20
-605.4864815924771
 30
0.0
 10
506.9801374997811
 20
-605.5948912825037
 30
0.0
 10
506.933214133522
 20
-605.6961648821172
 30
0.0
 10
506.8549321014114
 20
-605.7693920021652
 30
0.0
  0
HATCH
  5
115
330
110
100
AcDbEntity
  8
Guides
 62
   254
420
 14869218
440
 33554687
100
AcDbHatch
 10
0.0
 20
0.0
 30
0.0
210
0.0
220
0.0
230
1.0
  2
SOLID
 70
     1
 71
     1
 91
        1
 92
        1
 93
        1
 72
     4
 94
        3
 73
     0
 74
     0
 95
       29
 96
       25
 40
0.0
 40
0.0
 40
0.0
 40
0.0
 40
1.0
 40
1.0
 40
1.0
 40
2.0
 40
2.0
 40
2.0
 40
3.0
 40
3.0
 40
3.0
 40
4.0
 40
4.0
 40
4.0
 40
5.0
 40
5.0
 40
5.0
 40
6.0
 40
6.0
 40
6.0
 40
7.0
 40
7.0
 40
7.0
 40
8.0
 40
8.0
 40
8.0
 40
8.0
 10
506.8549321014114
 20
-605.7693920021652
 10
506.8128538014279
 20
-605.8087531766432
 10
506.7685900981411
 20
-605.8342766110978
 10
506.7192145540117
 20
-605.8543353312694
 10
506.6672830894593
 20
-605.8716616942956
 10
506.6152724695889
 20
-605.8834265440485
 10
506.5611954205975
 20
-605.8817546855158
 10
506.4503664280056
 20
-605.8752775795678
 10
506.3512477170773
 20
-605.8312055446349
 10
506.275592472625
 20
-605.750327773238
 10
506.2022375565551
 20
-605.6719091232698
 10
506.1597582761907
 20
-605.5646085725525
 10
506.1632386111171
 20
-605.4563266785477
 10
506.1731474112916
 20
-605.2426406873705
 10
506.3692338550727
 20
-605.0540929156517
 10
506.5857976430861
 20
-605.0610535855089
 10
506.6940707152583
 20
-605.0647983343155
 10
506.7983012670254
 20
-605.1143350835275
 10
506.8716561830952
 20
-605.1927537334957
 10
506.9473114275443
 20
-605.2736315048925
 10
506.9846788670731
 20
-605.375467341327
 10
506.9837544525665
 20
-605.4864815924771
 10
506.9801374997811
 20
-605.5948912825037
 10
506.933214133522
 20
-605.6961648821172
 10
506.8549321014114
 20
-605.7693920021652
 97
        0
 97
        1
330
114
 75
     2
 76
     1
 98
        1
 10
0.0
 20
0.0
450
        0
451
        0
460
0.0
461
0.0
452
        0
462
0.0
453
        0
470

  0
SPLINE
  5
116
330
110
100
AcDbEntity
  8
Guides
100
AcDbSpline
210
0.0
220
0.0
230
1.0
 70
     9
 71
     3
 72
    32
 73
    28
 74
     0
 42
0.0000000001
 43
0.0000000001
 40
0.0
 40
0.0
 40
0.0
 40
0.0
 40
1.0
 40
1.0
 40
1.0
 40
2.0
 40
2.0
 40
2.0
 40
3.0
 40
3.0
 40
3.0
 40
4.0
 40
4.0
 40
4.0
 40
5.0
 40
5.0
 40
5.0
 40
6.0
 40
6.0
 40
6.0
 40
7.0
 40
7.0
 40
7.0
 40
8.0
 40
8.0
 40
8.0
 40
9.0
 40
9.0
 40
9.0
 40
9.0
 10
502.8635681322171
 20
-616.6891182786168
 30
0.0
 10
502.6499061945156
 20
-616.7578286186079
 30
0.0
 10
502.4178908042393
 20
-616.6387779160103
 30
0.0
 10
502.3493082602738
 20
-616.4252525961633
 30
0.0
 10
502.3493082602738
 20
-616.4252525961633
 30
0.0
 10
502.3493082602738
 20
-616.4252525961633
 30
0.0
 10
502.3493082602738
 20
-616.4252525961633
 30
0.0
 10
502.2832024814054
 20
-616.2088981201799
 30
0.0
 10
502.4019887701236
 20
-615.9768739080676
 30
0.0
 10
502.6156507078289
 20
-615.9081635680836
 30
0.0
 10
502.6156507078289
 20
-615.9081635680836
 30
0.0
 10
502.6156507078289
 20
-615.9081635680836
 30
0.0
 10
502.6156507078289
 20
-615.9081635680836
 30
0.0
 10
502.8294492633926
 20
-615.8393254320745
 30
0.0
 10
503.0614646536652
 20
-615.9583761346689
 30
0.0
 10
503.1271782226347
 20
-616.1745851709574
 30
0.0
 10
503.1271782226347
 20
-616.1745851709574
 30
0.0
 10
503.1271782226347
 20
-616.1745851709574
 30
0.0
 10
503.1271782226347
 20
-616.1745851709574
 30
0.0
 10
503.1791396680489
 20
-616.3309083923671
 30
0.0
 10
503.1327784872595
 20
-616.4946718855766
 30
0.0
 10
503.0208884623065
 20
-616.5993368267999
 30
0.0
 10
503.0208884623065
 20
-616.5993368267999
 30
0.0
 10
503.0208884623065
 20
-616.5993368267999
 30
0.0
 10
503.0208884623065
 20
-616.5993368267999
 30
0.0
 10
502.9789467801806
 20
-616.6385702052561
 30
0.0
 10
502.9236568493304
 20
-616.6692846358714
 30
0.0
 10
502.8635681322171
 20
-616.6891182786168
 30
0.0
  0
HATCH
  5
117
330
110
100
AcDbEntity
  8
Guides
 62
   254
420
 14869218
440
 33554687
100
AcDbHatch
 10
0.0
 20
0.0
 30
0.0
210
0.0
220
0.0
230
1.0
  2
SOLID
 70
     1
 71
     1
 91
        1
 92
        1
 93
        1
 72
     4
 94
        3
 73
     0
 74
     0
 95
       32
 96
       28
 40
0.0
 40
0.0
 40
0.0
 40
0.0
 40
1.0
 40
1.0
 40
1.0
 40
2.0
 40
2.0
 40
2.0
 40
3.0
 40
3.0
 40
3.0
 40
4.0
 40
4.0
 40
4.0
 40
5.0
 40
5.0
 40
5.0
 40
6.0
 40
6.0
 40
6.0
 40
7.0
 40
7.0
 40
7.0
 40
8.0
 40
8.0
 40
8.0
 40
9.0
 40
9.0
 40
9.0
 40
9.0
 10
502.8635681322171
 20
-616.6891182786168
 10
502.6499061945156
 20
-616.7578286186079
 10
502.4178908042393
 20
-616.6387779160103
 10
502.3493082602738
 20
-616.4252525961633
 10
502.3493082602738
 20
-616.4252525961633
 10
502.3493082602738
 20
-616.4252525961633
 10
502.3493082602738
 20
-616.4252525961633
 10
502.2832024814054
 20
-616.2088981201799
 10
502.4019887701236
 20
-615.9768739080676
 10
502.6156507078289
 20
-615.9081635680836
 10
502.6156507078289
 20
-615.9081635680836
 10
502.6156507078289
 20
-615.9081635680836
 10
502.6156507078289
 20
-615.9081635680836
 10
502.8294492633926
 20
-615.8393254320745
 10
503.0614646536652
 20
-615.9583761346689
 10
503.1271782226347
 20
-616.1745851709574
 10
503.1271782226347
 20
-616.1745851709574
 10
503.1271782226347
 20
-616.1745851709574
 10
503.1271782226347
 20
-616.1745851709574
 10
503.1791396680489
 20
-616.3309083923671
 10
503.1327784872595
 20
-616.4946718855766
 10
503.0208884623065
 20
-616.5993368267999
 10
503.0208884623065
 20
-616.5993368267999
 10
503.0208884623065
 20
-616.5993368267999
 10
503.0208884623065
 20
-616.5993368267999
 10
502.9789467801806
 20
-616.6385702052561
 10
502.9236568493304
 20
-616.6692846358714
 10
502.8635681322171
 20
-616.6891182786168
 97
        0
 97
        1
330
116
 75
     2
 76
     1
 98
        1
 10
0.0
 20
0.0
450
        0
451
        0
460
0.0
461
0.0
452
        0
462
0.0
453
        0
470

  0
SPLINE
  5
118
330
110
100
AcDbEntity
  8
Guides
100
AcDbSpline
210
0.0
220
0.0
230
1.0
 70
     9
 71
     3
 72
    32
 73
    28
 74
     0
 42
0.0000000001
 43
0.0000000001
 40
0.0
 40
0.0
 40
0.0
 40
0.0
 40
1.0
 40
1.0
 40
1.0
 40
2.0
 40
2.0
 40
2.0
 40
3.0
 40
3.0
 40
3.0
 40
4.0
 40
4.0
 40
4.0
 40
5.0
 40
5.0
 40
5.0
 40
6.0
 40
6.0
 40
6.0
 40
7.0
 40
7.0
 40
7.0
 40
8.0
 40
8.0
 40
8.0
 40
9.0
 40
9.0
 40
9.0
 40
9.0
 10
502.4403567236819
 20
-615.238445777207
 30
0.0
 10
502.219671259953
 20
-615.2717155944857
 30
0.0
 10
502.0107271262582
 20
-615.1157137157357
 30
0.0
 10
501.9800618700998
 20
-614.8923357137293
 30
0.0
 10
501.9800618700998
 20
-614.8923357137293
 30
0.0
 10
501.9800618700998
 20
-614.8923357137293
 30
0.0
 10
501.9800618700998
 20
-614.8923357137293
 30
0.0
 10
501.9469773113762
 20
-614.6660975585565
 30
0.0
 10
502.1001102151296
 20
-614.4598371413065
 30
0.0
 10
502.3264761663211
 20
-614.4268892004411
 30
0.0
 10
502.3264761663211
 20
-614.4268892004411
 30
0.0
 10
502.3264761663211
 20
-614.4268892004411
 30
0.0
 10
502.3264761663211
 20
-614.4268892004411
 30
0.0
 10
502.5497175504723
 20
-614.3963517403039
 30
0.0
 10
502.758661684167
 20
-614.552353619054
 30
0.0
 10
502.7889347304279
 20
-614.7755861813693
 30
0.0
 10
502.7889347304279
 20
-614.7755861813693
 30
0.0
 10
502.7889347304279
 20
-614.7755861813693
 30
0.0
 10
502.7889347304279
 20
-614.7755861813693
 30
0.0
 10
502.8089114008312
 20
-614.9146950703753
 30
0.0
 10
502.7582192322963
 20
-615.0456226020022
 30
0.0
 10
502.6658655609047
 20
-615.1320127122168
 30
0.0
 10
502.6658655609047
 20
-615.1320127122168
 30
0.0
 10
502.6658655609047
 20
-615.1320127122168
 30
0.0
 10
502.6658655609047
 20
-615.1320127122168
 30
0.0
 10
502.6043875252173
 20
-615.1895209216785
 30
0.0
 10
502.5274948116847
 20
-615.2250734750142
 30
0.0
 10
502.4403567236819
 20
-615.238445777207
 30
0.0
  0
HATCH
  5
119
330
110
100
AcDbEntity
  8
Guides
 62
   254
420
 14869218
440
 33554687
100
AcDbHatch
 10
0.0
 20
0.0
 30
0.0
210
0.0
220
0.0
230
1.0
  2
SOLID
 70
     1
 71
     1
 91
        1
 92
        1
 93
        1
 72
     4
 94
        3
 73
     0
 74
     0
 95
       32
 96
       28
 40
0.0
 40
0.0
 40
0.0
 40
0.0
 40
1.0
 40
1.0
 40
1.0
 40
2.0
 40
2.0
 40
2.0
 40
3.0
 40
3.0
 40
3.0
 40
4.0
 40
4.0
 40
4.0
 40
5.0
 40
5.0
 40
5.0
 40
6.0
 40
6.0
 40
6.0
 40
7.0
 40
7.0
 40
7.0
 40
8.0
 40
8.0
 40
8.0
 40
9.0
 40
9.0
 40
9.0
 40
9.0
 10
502.4403567236819
 20
-615.238445777207
 10
502.219671259953
 20
-615.2717155944857
 10
502.0107271262582
 20
-615.1157137157357
 10
501.9800618700998
 20
-614.8923357137293
 10
501.9800618700998
 20
-614.8923357137293
 10
501.9800618700998
 20
-614.8923357137293
 10
501.9800618700998
 20
-614.8923357137293
 10
501.9469773113762
 20
-614.6660975585565
 10
502.1001102151296
 20
-614.4598371413065
 10
502.3264761663211
 20
-614.4268892004411
 10
502.3264761663211
 20
-614.4268892004411
 10
502.3264761663211
 20
-614.4268892004411
 10
502.3264761663211
 20
-614.4268892004411
 10
502.5497175504723
 20
-614.3963517403039
 10
502.758661684167
 20
-614.552353619054
 10
502.7889347304279
 20
-614.7755861813693
 10
502.7889347304279
 20
-614.7755861813693
 10
502.7889347304279
 20
-614.7755861813693
 10
502.7889347304279
 20
-614.7755861813693
 10
502.8089114008312
 20
-614.9146950703753
 10
502.7582192322963
 20
-615.0456226020022
 10
502.6658655609047
 20
-615.1320127122168
 10
502.6658655609047
 20
-615.1320127122168
 10
502.6658655609047
 20
-615.1320127122168
 10
502.6658655609047
 20
-615.1320127122168
 10
502.6043875252173
 20
-615.1895209216785
 10
502.5274948116847
 20
-615.2250734750142
 10
502.4403567236819
 20
-615.238445777207
 97
        0
 97
        1
330
118
 75
     2
 76
     1
 98
        1
 10
0.0
 20
0.0
450
        0
451
        0
460
0.0
461
0.0
452
        0
462
0.0
453
        0
470

  0
SPLINE
  5
11A
330
110
100
AcDbEntity
  8
Guides
100
AcDbSpline
210
0.0
220
0.0
230
1.0
 70
     9
 71
     3
 72
    38
 73
    34
 74
     0
 42
0.0000000001
 43
0.0000000001
 40
0.0
 40
0.0
 40
0.0
 40
0.0
 40
1.0
 40
1.0
 40
1.0
 40
2.0
 40
2.0
 40
2.0
 40
3.0
 40
3.0
 40
3.0
 40
4.0
 40
4.0
 40
4.0
 40
5.0
 40
5.0
 40
5.0
 40
6.0
 40
6.0
 40
6.0
 40
7.0
 40
7.0
 40
7.0
 40
8.0
 40
8.0
 40
8.0
 40
9.0
 40
9.0
 40
9.0
 40
10.0
 40
10.0
 40
10.0
 40
11.0
 40
11.0
 40
11.0
 40
11.0
 10
502.2770200993764
 20
-613.8547666673306
 30
0.0
 10
502.0496241641975
 20
-613.8471798883176
 30
0.0
 10
501.87141904835
 20
-613.6624239048403
 30
0.0
 10
501.8763309327546
 20
-613.4318945807822
 30
0.0
 10
501.8763309327546
 20
-613.4318945807822
 30
0.0
 10
501.8763309327546
 20
-613.4318945807822
 30
0.0
 10
501.8763309327546
 20
-613.4318945807822
 30
0.0
 10
501.8763309327546
 20
-613.4318945807822
 30
0.0
 10
501.8763309327546
 20
-613.4318945807822
 30
0.0
 10
501.8763309327546
 20
-613.4318945807822
 30
0.0
 10
501.8763309327546
 20
-613.4318945807822
 30
0.0
 10
501.8763309327546
 20
-613.4318945807822
 30
0.0
 10
501.8763309327546
 20
-613.4318945807822
 30
0.0
 10
501.8810487367652
 20
-613.2071823620449
 30
0.0
 10
502.0713574116864
 20
-613.0291625047549
 30
0.0
 10
502.2961974264462
 20
-613.0340169266238
 30
0.0
 10
502.2961974264462
 20
-613.0340169266238
 30
0.0
 10
502.2961974264462
 20
-613.0340169266238
 30
0.0
 10
502.2961974264462
 20
-613.0340169266238
 30
0.0
 10
502.5210374412053
 20
-613.0388713484921
 30
0.0
 10
502.7017984774726
 20
-613.2263596891141
 30
0.0
 10
502.6942116984622
 20
-613.4537556242962
 30
0.0
 10
502.6942116984622
 20
-613.4537556242962
 30
0.0
 10
502.6942116984622
 20
-613.4537556242962
 30
0.0
 10
502.6942116984622
 20
-613.4537556242962
 30
0.0
 10
502.6930932035608
 20
-613.5705869807601
 30
0.0
 10
502.6437505347397
 20
-613.6690004272139
 30
0.0
 10
502.5653318847715
 20
-613.7423553432839
 30
0.0
 10
502.5653318847715
 20
-613.7423553432839
 30
0.0
 10
502.5653318847715
 20
-613.7423553432839
 30
0.0
 10
502.5653318847715
 20
-613.7423553432839
 30
0.0
 10
502.4897822098025
 20
-613.8130265429115
 30
0.0
 10
502.3881621465445
 20
-613.8558276996924
 30
0.0
 10
502.2770200993764
 20
-613.8547666673306
 30
0.0
  0
HATCH
  5
11B
330
110
100
AcDbEntity
  8
Guides
 62
   254
420
 14869218
440
 33554687
100
AcDbHatch
 10
0.0
 20
0.0
 30
0.0
210
0.0
220
0.0
230
1.0
  2
SOLID
 70
     1
 71
     1
 91
        1
 92
        1
 93
        1
 72
     4
 94
        3
 73
     0
 74
     0
 95
       38
 96
       34
 40
0.0
 40
0.0
 40
0.0
 40
0.0
 40
1.0
 40
1.0
 40
1.0
 40
2.0
 40
2.0
 40
2.0
 40
3.0
 40
3.0
 40
3.0
 40
4.0
 40
4.0
 40
4.0
 40
5.0
 40
5.0
 40
5.0
 40
6.0
 40
6.0
 40
6.0
 40
7.0
 40
7.0
 40
7.0
 40
8.0
 40
8.0
 40
8.0
 40
9.0
 40
9.0
 40
9.0
 40
10.0
 40
10.0
 40
10.0
 40
11.0
 40
11.0
 40
11.0
 40
11.0
 10
502.2770200993764
 20
-613.8547666673306
 10
502.0496241641975
 20
-613.8471798883176
 10
501.87141904835
 20
-613.6624239048403
 10
501.8763309327546
 20
-613.4318945807822
 10
501.8763309327546
 20
-613.4318945807822
 10
501.8763309327546
 20
-613.4318945807822
 10
501.8763309327546
 20
-613.4318945807822
 10
501.8763309327546
 20
-613.4318945807822
 10
501.8763309327546
 20
-613.4318945807822
 10
501.8763309327546
 20
-613.4318945807822
 10
501.8763309327546
 20
-613.4318945807822
 10
501.8763309327546
 20
-613.4318945807822
 10
501.8763309327546
 20
-613.4318945807822
 10
501.8810487367652
 20
-613.2071823620449
 10
502.0713574116864
 20
-613.0291625047549
 10
502.2961974264462
 20
-613.0340169266238
 10
502.2961974264462
 20
-613.0340169266238
 10
502.2961974264462
 20
-613.0340169266238
 10
502.2961974264462
 20
-613.0340169266238
 10
502.5210374412053
 20
-613.0388713484921
 10
502.7017984774726
 20
-613.2263596891141
 10
502.6942116984622
 20
-613.4537556242962
 10
502.6942116984622
 20
-613.4537556242962
 10
502.6942116984622
 20
-613.4537556242962
 10
502.6942116984622
 20
-613.4537556242962
 10
502.6930932035608
 20
-613.5705869807601
 10
502.6437505347397
 20
-613.6690004272139
 10
502.5653318847715
 20
-613.7423553432839
 10
502.5653318847715
 20
-613.7423553432839
 10
502.5653318847715
 20
-613.7423553432839
 10
502.5653318847715
 20
-613.7423553432839
 10
502.4897822098025
 20
-613.8130265429115
 10
502.3881621465445
 20
-613.8558276996924
 10
502.2770200993764
 20
-613.8547666673306
 97
        0
 97
        1
330
11A
 75
     2
 76
     1
 98
        1
 10
0.0
 20
0.0
450
        0
451
        0
460
0.0
461
0.0
452
        0
462
0.0
453
        0
470

  0
SPLINE
  5
11C
330
110
100
AcDbEntity
  8
Guides
100
AcDbSpline
210
0.0
220
0.0
230
1.0
 70
     9
 71
     3
 72
    32
 73
    28
 74
     0
 42
0.0000000001
 43
0.0000000001
 40
0.0
 40
0.0
 40
0.0
 40
0.0
 40
1.0
 40
1.0
 40
1.0
 40
2.0
 40
2.0
 40
2.0
 40
3.0
 40
3.0
 40
3.0
 40
4.0
 40
4.0
 40
4.0
 40
5.0
 40
5.0
 40
5.0
 40
6.0
 40
6.0
 40
6.0
 40
7.0
 40
7.0
 40
7.0
 40
8.0
 40
8.0
 40
8.0
 40
9.0
 40
9.0
 40
9.0
 40
9.0
 10
502.6364452717578
 20
-612.312673033893
 30
0.0
 10
502.5972359467734
 20
-612.3493504919295
 30
0.0
 10
502.5501032684874
 20
-612.3775576428256
 30
0.0
 10
502.500727724358
 20
-612.3976163629934
 30
0.0
 10
502.4513521802253
 20
-612.417675083165
 30
0.0
 10
502.3995179970767
 20
-612.4241516553529
 30
0.0
 10
502.3455775659435
 20
-612.4223520007989
 30
0.0
 10
502.2314873884537
 20
-612.4184131716008
 30
0.0
 10
502.1327608874197
 20
-612.3744865763596
 30
0.0
 10
502.056850050934
 20
-612.2933355692531
 30
0.0
 10
501.9837507269046
 20
-612.2151901549976
 30
0.0
 10
501.9465597240976
 20
-612.1080660409981
 30
0.0
 10
501.9501766768823
 20
-611.9996563509715
 30
0.0
 10
501.9575295566378
 20
-611.783238002653
 30
0.0
 10
502.1533029458419
 20
-611.6001063045209
 30
0.0
 10
502.372599090993
 20
-611.6045110539547
 30
0.0
 10
502.4784528606006
 20
-611.605395649598
 30
0.0
 10
502.582546794517
 20
-611.6550601948356
 30
0.0
 10
502.6556461185432
 20
-611.7332056090879
 30
0.0
 10
502.7315569550321
 20
-611.8143566161936
 30
0.0
 10
502.771616932839
 20
-611.9187970137554
 30
0.0
 10
502.7679999800536
 20
-612.0272067037821
 30
0.0
 10
502.7660637076412
 20
-612.081274930937
 30
0.0
 10
502.7534142622451
 20
-612.1351180806697
 30
0.0
 10
502.7301091064053
 20
-612.1830468436887
 30
0.0
 10
502.7068039505655
 20
-612.2309756067045
 30
0.0
 10
502.678386953883
 20
-612.2734396554367
 30
0.0
 10
502.6364452717578
 20
-612.312673033893
 30
0.0
  0
HATCH
  5
11D
330
110
100
AcDbEntity
  8
Guides
 62
   254
420
 14869218
440
 33554687
100
AcDbHatch
 10
0.0
 20
0.0
 30
0.0
210
0.0
220
0.0
230
1.0
  2
SOLID
 70
     1
 71
     1
 91
        1
 92
        1
 93
        1
 72
     4
 94
        3
 73
     0
 74
     0
 95
       32
 96
       28
 40
0.0
 40
0.0
 40
0.0
 40
0.0
 40
1.0
 40
1.0
 40
1.0
 40
2.0
 40
2.0
 40
2.0
 40
3.0
 40
3.0
 40
3.0
 40
4.0
 40
4.0
 40
4.0
 40
5.0
 40
5.0
 40
5.0
 40
6.0
 40
6.0
 40
6.0
 40
7.0
 40
7.0
 40
7.0
 40
8.0
 40
8.0
 40
8.0
 40
9.0
 40
9.0
 40
9.0
 40
9.0
 10
502.6364452717578
 20
-612.312673033893
 10
502.5972359467734
 20
-612.3493504919295
 10
502.5501032684874
 20
-612.3775576428256
 10
502.500727724358
 20
-612.3976163629934
 10
502.4513521802253
 20
-612.417675083165
 10
502.3995179970767
 20
-612.4241516553529
 10
502.3455775659435
 20
-612.4223520007989
 10
502.2314873884537
 20
-612.4184131716008
 10
502.1327608874197
 20
-612.3744865763596
 10
502.056850050934
 20
-612.2933355692531
 10
501.9837507269046
 20
-612.2151901549976
 10
501.9465597240976
 20
-612.1080660409981
 10
501.9501766768823
 20
-611.9996563509715
 10
501.9575295566378
 20
-611.783238002653
 10
502.1533029458419
 20
-611.6001063045209
 10
502.372599090993
 20
-611.6045110539547
 10
502.4784528606006
 20
-611.605395649598
 10
502.582546794517
 20
-611.6550601948356
 10
502.6556461185432
 20
-611.7332056090879
 10
502.7315569550321
 20
-611.8143566161936
 10
502.771616932839
 20
-611.9187970137554
 10
502.7679999800536
 20
-612.0272067037821
 10
502.7660637076412
 20
-612.081274930937
 10
502.7534142622451
 20
-612.1351180806697
 10
502.7301091064053
 20
-612.1830468436887
 10
502.7068039505655
 20
-612.2309756067045
 10
502.678386953883
 20
-612.2734396554367
 10
502.6364452717578
 20
-612.312673033893
 97
        0
 97
        1
330
11C
 75
     2
 76
     1
 98
        1
 10
0.0
 20
0.0
450
        0
451
        0
460
0.0
461
0.0
452
        0
462
0.0
453
        0
470

  0
ENDBLK
  5
113
330
110
100
AcDbEntity
  8
0
100
AcDbBlockEnd
  0
BLOCK
  5
120
330
11E
100
AcDbEntity
  8
0
100
AcDbBlockBegin
  2
Block_17
 70
     0
 10
0.0
 20
0.0
 30
0.0
  3
Block_17
  1

  0
INSERT
  5
123
330
11E
100
AcDbEntity
  8
Guides
100
AcDbBlockReference
  2
Block_18
 10
0.0
 20
0.0
 30
0.0
  0
SPLINE
  5
12A
330
11E
100
AcDbEntity
  8
Guides
100
AcDbSpline
210
0.0
220
0.0
230
1.0
 70
     9
 71
     3
 72
    26
 73
    22
 74
     0
 42
0.0000000001
 43
0.0000000001
 40
0.0
 40
0.0
 40
0.0
 40
0.0
 40
1.0
 40
1.0
 40
1.0
 40
2.0
 40
2.0
 40
2.0
 40
3.0
 40
3.0
 40
3.0
 40
4.0
 40
4.0
 40
4.0
 40
5.0
 40
5.0
 40
5.0
 40
6.0
 40
6.0
 40
6.0
 40
7.0
 40
7.0
 40
7.0
 40
7.0
 10
520.4507846808061
 20
-616.5425176196362
 30
0.0
 10
520.7759758461062
 20
-617.2209613128187
 30
0.0
 10
521.5921474849551
 20
-617.508267665655
 30
0.0
 10
522.270454560287
 20
-617.1832042963766
 30
0.0
 10
522.5987691535045
 20
-617.0262007416219
 30
0.0
 10
522.8464895314482
 20
-616.7499042969383
 30
0.0
 10
522.9676853874263
 20
-616.4059889052062
 30
0.0
 10
523.0886080076914
 20
-616.0623291055101
 30
0.0
 10
523.068528179845
 20
-615.6922588636837
 30
0.0
 10
522.9110046191697
 20
-615.3636622129144
 30
0.0
 10
522.7534810584988
 20
-615.0350655621521
 30
0.0
 10
522.4775768237127
 20
-614.7874906238987
 30
0.0
 10
522.1340448200391
 20
-614.6667046214917
 30
0.0
 10
521.7902572243255
 20
-614.5456453833714
 30
0.0
 10
521.4199225686222
 20
-614.565716389382
 30
0.0
 10
521.0914537138747
 20
-614.7233765679118
 30
0.0
 10
520.412106626706
 20
-615.0478758220915
 30
0.0
 10
520.1257124896919
 20
-615.8644749581839
 30
0.0
 10
520.4510402728503
 20
-616.542790855349
 30
0.0
 10
520.4510402728503
 20
-616.542790855349
 30
0.0
 10
520.4507846808061
 20
-616.5425176196362
 30
0.0
 10
520.4507846808061
 20
-616.5425176196362
 30
0.0
  0
SPLINE
  5
12B
330
11E
100
AcDbEntity
  8
Guides
100
AcDbSpline
210
0.0
220
0.0
230
1.0
 70
     9
 71
     3
 72
    29
 73
    25
 74
     0
 42
0.0000000001
 43
0.0000000001
 40
0.0
 40
0.0
 40
0.0
 40
0.0
 40
1.0
 40
1.0
 40
1.0
 40
2.0
 40
2.0
 40
2.0
 40
3.0
 40
3.0
 40
3.0
 40
4.0
 40
4.0
 40
4.0
 40
5.0
 40
5.0
 40
5.0
 40
6.0
 40
6.0
 40
6.0
 40
7.0
 40
7.0
 40
7.0
 40
8.0
 40
8.0
 40
8.0
 40
8.0
 10
523.3463964146318
 20
-617.7295915196697
 30
0.0
 10
523.1670171682765
 20
-617.8973876952776
 30
0.0
 10
522.9609857748608
 20
-618.0388826676384
 30
0.0
 10
522.7330001725363
 20
-618.148144888765
 30
0.0
 10
521.5225959551586
 20
-618.72810496078
 30
0.0
 10
520.066205192164
 20
-618.2153484750811
 30
0.0
 10
519.4860996804582
 20
-617.0053364676016
 30
0.0
 10
519.4860996804582
 20
-617.0053364676016
 30
0.0
 10
519.4858440884182
 20
-617.0050632318856
 30
0.0
 10
519.4858440884182
 20
-617.0050632318856
 30
0.0
 10
518.9060118124253
 20
-615.7947956323623
 30
0.0
 10
519.419169329858
 20
-614.3382858951857
 30
0.0
 10
520.6289081016254
 20
-613.7584359755233
 30
0.0
 10
521.2152153438173
 20
-613.4774212086129
 30
0.0
 10
521.8758022962989
 20
-613.4414897629302
 30
0.0
 10
522.4890779115895
 20
-613.6573055887019
 30
0.0
 10
523.1023535268763
 20
-613.8731214144731
 30
0.0
 10
523.5948026486322
 20
-614.3146727406142
 30
0.0
 10
523.8759452115613
 20
-614.9011166006682
 30
0.0
 10
524.1568321824468
 20
-615.4872872250024
 30
0.0
 10
524.1926270102744
 20
-616.1480019735027
 30
0.0
 10
523.9768111845032
 20
-616.7612775887927
 30
0.0
 10
523.8450554522569
 20
-617.136076232046
 30
0.0
 10
523.6285122895164
 20
-617.4656927362461
 30
0.0
 10
523.3463964146318
 20
-617.7295915196697
 30
0.0
  0
HATCH
  5
12C
330
11E
100
AcDbEntity
  8
Guides
 62
   254
420
 14869218
440
 33554687
100
AcDbHatch
 10
0.0
 20
0.0
 30
0.0
210
0.0
220
0.0
230
1.0
  2
SOLID
 70
     1
 71
     1
 91
        2
 92
        1
 93
        1
 72
     4
 94
        3
 73
     0
 74
     0
 95
       26
 96
       22
 40
0.0
 40
0.0
 40
0.0
 40
0.0
 40
1.0
 40
1.0
 40
1.0
 40
2.0
 40
2.0
 40
2.0
 40
3.0
 40
3.0
 40
3.0
 40
4.0
 40
4.0
 40
4.0
 40
5.0
 40
5.0
 40
5.0
 40
6.0
 40
6.0
 40
6.0
 40
7.0
 40
7.0
 40
7.0
 40
7.0
 10
520.4507846808061
 20
-616.5425176196362
 10
520.7759758461062
 20
-617.2209613128187
 10
521.5921474849551
 20
-617.508267665655
 10
522.270454560287
 20
-617.1832042963766
 10
522.5987691535045
 20
-617.0262007416219
 10
522.8464895314482
 20
-616.7499042969383
 10
522.9676853874263
 20
-616.4059889052062
 10
523.0886080076914
 20
-616.0623291055101
 10
523.068528179845
 20
-615.6922588636837
 10
522.9110046191697
 20
-615.3636622129144
 10
522.7534810584988
 20
-615.0350655621521
 10
522.4775768237127
 20
-614.7874906238987
 10
522.1340448200391
 20
-614.6667046214917
 10
521.7902572243255
 20
-614.5456453833714
 10
521.4199225686222
 20
-614.565716389382
 10
521.0914537138747
 20
-614.7233765679118
 10
520.412106626706
 20
-615.0478758220915
 10
520.1257124896919
 20
-615.8644749581839
 10
520.4510402728503
 20
-616.542790855349
 10
520.4510402728503
 20
-616.542790855349
 10
520.4507846808061
 20
-616.5425176196362
 10
520.4507846808061
 20
-616.5425176196362
 97
        0
 97
        1
330
12A
 92
        1
 93
        1
 72
     4
 94
        3
 73
     0
 74
     0
 95
       29
 96
       25
 40
0.0
 40
0.0
 40
0.0
 40
0.0
 40
1.0
 40
1.0
 40
1.0
 40
2.0
 40
2.0
 40
2.0
 40
3.0
 40
3.0
 40
3.0
 40
4.0
 40
4.0
 40
4.0
 40
5.0
 40
5.0
 40
5.0
 40
6.0
 40
6.0
 40
6.0
 40
7.0
 40
7.0
 40
7.0
 40
8.0
 40
8.0
 40
8.0
 40
8.0
 10
523.3463964146318
 20
-617.7295915196697
 10
523.1670171682765
 20
-617.8973876952776
 10
522.9609857748608
 20
-618.0388826676384
 10
522.7330001725363
 20
-618.148144888765
 10
521.5225959551586
 20
-618.72810496078
 10
520.066205192164
 20
-618.2153484750811
 10
519.4860996804582
 20
-617.0053364676016
 10
519.4860996804582
 20
-617.0053364676016
 10
519.4858440884182
 20
-617.0050632318856
 10
519.4858440884182
 20
-617.0050632318856
 10
518.9060118124253
 20
-615.7947956323623
 10
519.419169329858
 20
-614.3382858951857
 10
520.6289081016254
 20
-613.7584359755233
 10
521.2152153438173
 20
-613.4774212086129
 10
521.8758022962989
 20
-613.4414897629302
 10
522.4890779115895
 20
-613.6573055887019
 10
523.1023535268763
 20
-613.8731214144731
 10
523.5948026486322
 20
-614.3146727406142
 10
523.8759452115613
 20
-614.9011166006682
 10
524.1568321824468
 20
-615.4872872250024
 10
524.1926270102744
 20
-616.1480019735027
 10
523.9768111845032
 20
-616.7612775887927
 10
523.8450554522569
 20
-617.136076232046
 10
523.6285122895164
 20
-617.4656927362461
 10
523.3463964146318
 20
-617.7295915196697
 97
        0
 97
        1
330
12B
 75
     2
 76
     1
 98
        1
 10
0.0
 20
0.0
450
        0
451
        0
460
0.0
461
0.0
452
        0
462
0.0
453
        0
470

  0
ENDBLK
  5
121
330
11E
100
AcDbEntity
  8
0
100
AcDbBlockEnd
  0
BLOCK
  5
124
330
122
100
AcDbEntity
  8
0
100
AcDbBlockBegin
  2
Block_18
 70
     0
 10
0.0
 20
0.0
 30
0.0
  3
Block_18
  1

  0
SPLINE
  5
126
330
122
100
AcDbEntity
  8
Guides
100
AcDbSpline
210
0.0
220
0.0
230
1.0
 70
     9
 71
     3
 72
    29
 73
    25
 74
     0
 42
0.0000000001
 43
0.0000000001
 40
0.0
 40
0.0
 40
0.0
 40
0.0
 40
1.0
 40
1.0
 40
1.0
 40
2.0
 40
2.0
 40
2.0
 40
3.0
 40
3.0
 40
3.0
 40
4.0
 40
4.0
 40
4.0
 40
5.0
 40
5.0
 40
5.0
 40
6.0
 40
6.0
 40
6.0
 40
7.0
 40
7.0
 40
7.0
 40
8.0
 40
8.0
 40
8.0
 40
8.0
 10
508.9806088858045
 20
-622.1784868477089
 30
0.0
 10
506.6796631632797
 20
-621.3686079516247
 30
0.0
 10
504.830749428633
 20
-619.7122028050476
 30
0.0
 10
503.7747967909195
 20
-617.5148257287337
 30
0.0
 10
503.6281713005277
 20
-617.2093711470014
 30
0.0
 10
503.2611987340517
 20
-617.0807871422496
 30
0.0
 10
502.9554398153581
 20
-617.2274024788188
 30
0.0
 10
502.6505228863298
 20
-617.3743505830413
 30
0.0
 10
502.5207423351893
 20
-617.7411156566066
 30
0.0
 10
502.6680388760797
 20
-618.0470039393284
 30
0.0
 10
503.8658275562887
 20
-620.5395148679098
 30
0.0
 10
505.9628713655627
 20
-622.4182180279555
 30
0.0
 10
508.5727125640538
 20
-623.3367673917776
 30
0.0
 10
512.3432634038104
 20
-624.6639187063688
 30
0.0
 10
516.3763993183776
 20
-623.6752007285448
 30
0.0
 10
519.1091694969972
 20
-621.118363232326
 30
0.0
 10
519.5776349617659
 20
-620.6801480263282
 30
0.0
 10
520.0046942883305
 20
-620.1930981118423
 30
0.0
 10
520.3877502088504
 20
-619.6656577547205
 30
0.0
 10
519.9943695394103
 20
-619.5286367187827
 30
0.0
 10
519.6245242111407
 20
-619.3272612389541
 30
0.0
 10
519.2903843509054
 20
-619.0720830579715
 30
0.0
 10
516.9565966754248
 20
-622.1500656084578
 30
0.0
 10
512.8187203551618
 20
-623.5294175778977
 30
0.0
 10
508.9806088858045
 20
-622.1784868477089
 30
0.0
  0
HATCH
  5
127
330
122
100
AcDbEntity
  8
Guides
 62
   254
420
 14869218
440
 33554687
100
AcDbHatch
 10
0.0
 20
0.0
 30
0.0
210
0.0
220
0.0
230
1.0
  2
SOLID
 70
     1
 71
     1
 91
        1
 92
        1
 93
        1
 72
     4
 94
        3
 73
     0
 74
     0
 95
       29
 96
       25
 40
0.0
 40
0.0
 40
0.0
 40
0.0
 40
1.0
 40
1.0
 40
1.0
 40
2.0
 40
2.0
 40
2.0
 40
3.0
 40
3.0
 40
3.0
 40
4.0
 40
4.0
 40
4.0
 40
5.0
 40
5.0
 40
5.0
 40
6.0
 40
6.0
 40
6.0
 40
7.0
 40
7.0
 40
7.0
 40
8.0
 40
8.0
 40
8.0
 40
8.0
 10
508.9806088858045
 20
-622.1784868477089
 10
506.6796631632797
 20
-621.3686079516247
 10
504.830749428633
 20
-619.7122028050476
 10
503.7747967909195
 20
-617.5148257287337
 10
503.6281713005277
 20
-617.2093711470014
 10
503.2611987340517
 20
-617.0807871422496
 10
502.9554398153581
 20
-617.2274024788188
 10
502.6505228863298
 20
-617.3743505830413
 10
502.5207423351893
 20
-617.7411156566066
 10
502.6680388760797
 20
-618.0470039393284
 10
503.8658275562887
 20
-620.5395148679098
 10
505.9628713655627
 20
-622.4182180279555
 10
508.5727125640538
 20
-623.3367673917776
 10
512.3432634038104
 20
-624.6639187063688
 10
516.3763993183776
 20
-623.6752007285448
 10
519.1091694969972
 20
-621.118363232326
 10
519.5776349617659
 20
-620.6801480263282
 10
520.0046942883305
 20
-620.1930981118423
 10
520.3877502088504
 20
-619.6656577547205
 10
519.9943695394103
 20
-619.5286367187827
 10
519.6245242111407
 20
-619.3272612389541
 10
519.2903843509054
 20
-619.0720830579715
 10
516.9565966754248
 20
-622.1500656084578
 10
512.8187203551618
 20
-623.5294175778977
 10
508.9806088858045
 20
-622.1784868477089
 97
        0
 97
        1
330
126
 75
     2
 76
     1
 98
        1
 10
0.0
 20
0.0
450
        0
451
        0
460
0.0
461
0.0
452
        0
462
0.0
453
        0
470

  0
SPLINE
  5
128
330
122
100
AcDbEntity
  8
Guides
100
AcDbSpline
210
0.0
220
0.0
230
1.0
 70
     9
 71
     3
 72
    26
 73
    22
 74
     0
 42
0.0000000001
 43
0.0000000001
 40
0.0
 40
0.0
 40
0.0
 40
0.0
 40
1.0
 40
1.0
 40
1.0
 40
2.0
 40
2.0
 40
2.0
 40
3.0
 40
3.0
 40
3.0
 40
4.0
 40
4.0
 40
4.0
 40
5.0
 40
5.0
 40
5.0
 40
6.0
 40
6.0
 40
6.0
 40
7.0
 40
7.0
 40
7.0
 40
7.0
 10
522.2533292342389
 20
-612.0609185285966
 30
0.0
 10
521.7041091077851
 20
-608.3838350609828
 30
0.0
 10
519.1970053702694
 20
-605.1174393978877
 30
0.0
 10
515.4497289781692
 20
-603.7985900964441
 30
0.0
 10
510.0575150690453
 20
-601.9005735313861
 30
0.0
 10
504.1288115596507
 20
-604.7388786806641
 30
0.0
 10
502.2328276049328
 20
-610.1263312949586
 30
0.0
 10
502.1201289085452
 20
-610.4459235963235
 30
0.0
 10
502.2880363459008
 20
-610.7965708798873
 30
0.0
 10
502.607997913143
 20
-610.9091600260712
 30
0.0
 10
502.9283814906007
 20
-611.0218851223866
 30
0.0
 10
503.279392935372
 20
-610.854934329577
 30
0.0
 10
503.3910802676438
 20
-610.5336935039574
 30
0.0
 10
505.062562085162
 20
-605.7855315303941
 30
0.0
 10
510.2889291463365
 20
-603.284133794969
 30
0.0
 10
515.0418032381026
 20
-604.9568391914355
 30
0.0
 10
518.2898323565995
 20
-606.1000671745794
 30
0.0
 10
520.4808553438676
 20
-608.9028643921097
 30
0.0
 10
521.0139324499842
 20
-612.0775474069709
 30
0.0
 10
521.4232296861109
 20
-612.0064423059409
 30
0.0
 10
521.8404301383534
 20
-611.999354282107
 30
0.0
 10
522.2533292342389
 20
-612.0609185285966
 30
0.0
  0
HATCH
  5
129
330
122
100
AcDbEntity
  8
Guides
 62
   254
420
 14869218
440
 33554687
100
AcDbHatch
 10
0.0
 20
0.0
 30
0.0
210
0.0
220
0.0
230
1.0
  2
SOLID
 70
     1
 71
     1
 91
        1
 92
        1
 93
        1
 72
     4
 94
        3
 73
     0
 74
     0
 95
       26
 96
       22
 40
0.0
 40
0.0
 40
0.0
 40
0.0
 40
1.0
 40
1.0
 40
1.0
 40
2.0
 40
2.0
 40
2.0
 40
3.0
 40
3.0
 40
3.0
 40
4.0
 40
4.0
 40
4.0
 40
5.0
 40
5.0
 40
5.0
 40
6.0
 40
6.0
 40
6.0
 40
7.0
 40
7.0
 40
7.0
 40
7.0
 10
522.2533292342389
 20
-612.0609185285966
 10
521.7041091077851
 20
-608.3838350609828
 10
519.1970053702694
 20
-605.1174393978877
 10
515.4497289781692
 20
-603.7985900964441
 10
510.0575150690453
 20
-601.9005735313861
 10
504.1288115596507
 20
-604.7388786806641
 10
502.2328276049328
 20
-610.1263312949586
 10
502.1201289085452
 20
-610.4459235963235
 10
502.2880363459008
 20
-610.7965708798873
 10
502.607997913143
 20
-610.9091600260712
 10
502.9283814906007
 20
-611.0218851223866
 10
503.279392935372
 20
-610.854934329577
 10
503.3910802676438
 20
-610.5336935039574
 10
505.062562085162
 20
-605.7855315303941
 10
510.2889291463365
 20
-603.284133794969
 10
515.0418032381026
 20
-604.9568391914355
 10
518.2898323565995
 20
-606.1000671745794
 10
520.4808553438676
 20
-608.9028643921097
 10
521.0139324499842
 20
-612.0775474069709
 10
521.4232296861109
 20
-612.0064423059409
 10
521.8404301383534
 20
-611.999354282107
 10
522.2533292342389
 20
-612.0609185285966
 97
        0
 97
        1
330
128
 75
     2
 76
     1
 98
        1
 10
0.0
 20
0.0
450
        0
451
        0
460
0.0
461
0.0
452
        0
462
0.0
453
        0
470

  0
ENDBLK
  5
125
330
122
100
AcDbEntity
  8
0
100
AcDbBlockEnd
  0
BLOCK
  5
12F
330
12D
100
AcDbEntity
  8
0
100
AcDbBlockBegin
  2
Block_19
 70
     0
 10
0.0
 20
0.0
 30
0.0
  3
Block_19
  1

  0
LWPOLYLINE
  5
131
330
12D
100
AcDbEntity
  8
Guides
100
AcDbPolyline
 90
        3
 70
     1
 43
0.0
 10
515.7896009679229
 20
-614.5599403562808
 10
518.6370810515232
 20
-615.3559103936223
 10
515.7896009679229
 20
-614.5599403562808
  0
HATCH
  5
132
330
12D
100
AcDbEntity
  8
Guides
 62
   254
420
 14869218
440
 33554687
100
AcDbHatch
 10
0.0
 20
0.0
 30
0.0
210
0.0
220
0.0
230
1.0
  2
SOLID
 70
     1
 71
     1
 91
        1
 92
        1
 93
        2
 72
     1
 10
515.7896009679229
 20
-614.5599403562808
 11
518.6370810515232
 21
-615.3559103936223
 72
     1
 10
518.6370810515232
 20
-615.3559103936223
 11
515.7896009679229
 21
-614.5599403562808
 97
        1
330
131
 75
     2
 76
     1
 98
        1
 10
0.0
 20
0.0
450
        0
451
        0
460
0.0
461
0.0
452
        0
462
0.0
453
        0
470

  0
LWPOLYLINE
  5
133
330
12D
100
AcDbEntity
  8
Guides
100
AcDbPolyline
 90
        3
 70
     1
 43
0.0
 10
508.2660747610194
 20
-612.4568797898574
 10
505.421311371654
 20
-611.6616706782017
 10
508.2660747610194
 20
-612.4568797898574
  0
HATCH
  5
134
330
12D
100
AcDbEntity
  8
Guides
 62
   254
420
 14869218
440
 33554687
100
AcDbHatch
 10
0.0
 20
0.0
 30
0.0
210
0.0
220
0.0
230
1.0
  2
SOLID
 70
     1
 71
     1
 91
        1
 92
        1
 93
        2
 72
     1
 10
508.2660747610194
 20
-612.4568797898574
 11
505.421311371654
 21
-611.6616706782017
 72
     1
 10
505.421311371654
 20
-611.6616706782017
 11
508.2660747610194
 21
-612.4568797898574
 97
        1
330
133
 75
     2
 76
     1
 98
        1
 10
0.0
 20
0.0
450
        0
451
        0
460
0.0
461
0.0
452
        0
462
0.0
453
        0
470

  0
SPLINE
  5
135
330
12D
100
AcDbEntity
  8
Guides
100
AcDbSpline
210
0.0
220
0.0
230
1.0
 70
     9
 71
     3
 72
    20
 73
    16
 74
     0
 42
0.0000000001
 43
0.0000000001
 40
0.0
 40
0.0
 40
0.0
 40
0.0
 40
1.0
 40
1.0
 40
1.0
 40
2.0
 40
2.0
 40
2.0
 40
3.0
 40
3.0
 40
3.0
 40
4.0
 40
4.0
 40
4.0
 40
5.0
 40
5.0
 40
5.0
 40
5.0
 10
513.7527009503941
 20
-617.068197848499
 30
0.0
 10
513.7527009503941
 20
-617.068197848499
 30
0.0
 10
515.2674407546357
 20
-619.6078293059108
 30
0.0
 10
515.2674407546357
 20
-619.6078293059108
 30
0.0
 10
515.5168705471575
 20
-619.4729231565048
 30
0.0
 10
515.7614313925169
 20
-619.3232301258094
 30
0.0
 10
515.99821244234
 20
-619.1542200651658
 30
0.0
 10
517.3438952209113
 20
-618.1938090402105
 30
0.0
 10
518.2384851161064
 20
-616.8367719859745
 30
0.0
 10
518.6370810515232
 20
-615.3559103936223
 30
0.0
 10
518.6370810515232
 20
-615.3559103936223
 30
0.0
 10
515.7896009679229
 20
-614.5599403562808
 30
0.0
 10
515.7896009679229
 20
-614.5599403562808
 30
0.0
 10
515.493713309847
 20
-615.6891595861045
 30
0.0
 10
514.730699506034
 20
-616.5808679391593
 30
0.0
 10
513.7527009503941
 20
-617.068197848499
 30
0.0
  0
HATCH
  5
136
330
12D
100
AcDbEntity
  8
Guides
 62
   254
420
 14869218
440
 33554687
100
AcDbHatch
 10
0.0
 20
0.0
 30
0.0
210
0.0
220
0.0
230
1.0
  2
SOLID
 70
     1
 71
     1
 91
        1
 92
        1
 93
        1
 72
     4
 94
        3
 73
     0
 74
     0
 95
       20
 96
       16
 40
0.0
 40
0.0
 40
0.0
 40
0.0
 40
1.0
 40
1.0
 40
1.0
 40
2.0
 40
2.0
 40
2.0
 40
3.0
 40
3.0
 40
3.0
 40
4.0
 40
4.0
 40
4.0
 40
5.0
 40
5.0
 40
5.0
 40
5.0
 10
513.7527009503941
 20
-617.068197848499
 10
513.7527009503941
 20
-617.068197848499
 10
515.2674407546357
 20
-619.6078293059108
 10
515.2674407546357
 20
-619.6078293059108
 10
515.5168705471575
 20
-619.4729231565048
 10
515.7614313925169
 20
-619.3232301258094
 10
515.99821244234
 20
-619.1542200651658
 10
517.3438952209113
 20
-618.1938090402105
 10
518.2384851161064
 20
-616.8367719859745
 10
518.6370810515232
 20
-615.3559103936223
 10
518.6370810515232
 20
-615.3559103936223
 10
515.7896009679229
 20
-614.5599403562808
 10
515.7896009679229
 20
-614.5599403562808
 10
515.493713309847
 20
-615.6891595861045
 10
514.730699506034
 20
-616.5808679391593
 10
513.7527009503941
 20
-617.068197848499
 97
        0
 97
        1
330
135
 75
     2
 76
     1
 98
        1
 10
0.0
 20
0.0
450
        0
451
        0
460
0.0
461
0.0
452
        0
462
0.0
453
        0
470

  0
SPLINE
  5
137
330
12D
100
AcDbEntity
  8
Guides
100
AcDbSpline
210
0.0
220
0.0
230
1.0
 70
     9
 71
     3
 72
    26
 73
    22
 74
     0
 42
0.0000000001
 43
0.0000000001
 40
0.0
 40
0.0
 40
0.0
 40
0.0
 40
1.0
 40
1.0
 40
1.0
 40
2.0
 40
2.0
 40
2.0
 40
3.0
 40
3.0
 40
3.0
 40
4.0
 40
4.0
 40
4.0
 40
5.0
 40
5.0
 40
5.0
 40
6.0
 40
6.0
 40
6.0
 40
7.0
 40
7.0
 40
7.0
 40
7.0
 10
511.1709119694314
 20
-617.3877354439575
 30
0.0
 10
509.0615142465087
 20
-616.9235494315238
 30
0.0
 10
507.7277419334989
 20
-614.8371587619412
 30
0.0
 10
508.1919898287038
 20
-612.7277326360902
 30
0.0
 10
508.2123203386054
 20
-612.6352410999465
 30
0.0
 10
508.2396175292657
 20
-612.5462572624254
 30
0.0
 10
508.2660747610194
 20
-612.4568797898574
 30
0.0
 10
508.2660747610194
 20
-612.4568797898574
 30
0.0
 10
505.421311371654
 20
-611.6616706782017
 30
0.0
 10
505.421311371654
 20
-611.6616706782017
 30
0.0
 10
504.8599382203666
 20
-613.606561011137
 30
0.0
 10
505.1587486632288
 20
-615.7795148498684
 30
0.0
 10
506.4259901158651
 20
-617.5551102225024
 30
0.0
 10
508.4587157695761
 20
-620.4032022199022
 30
0.0
 10
512.2670145569059
 20
-621.2299643590306
 30
0.0
 10
515.2674407546357
 20
-619.6078293059108
 30
0.0
 10
515.2674407546357
 20
-619.6078293059108
 30
0.0
 10
513.7527009503941
 20
-617.068197848499
 30
0.0
 10
513.7527009503941
 20
-617.068197848499
 30
0.0
 10
512.9810167666845
 20
-617.452697446937
 30
0.0
 10
512.0785187641774
 20
-617.5874772422895
 30
0.0
 10
511.1709119694314
 20
-617.3877354439575
 30
0.0
  0
HATCH
  5
138
330
12D
100
AcDbEntity
  8
Guides
 62
   254
420
 14869218
440
 33554687
100
AcDbHatch
 10
0.0
 20
0.0
 30
0.0
210
0.0
220
0.0
230
1.0
  2
SOLID
 70
     1
 71
     1
 91
        1
 92
        1
 93
        1
 72
     4
 94
        3
 73
     0
 74
     0
 95
       26
 96
       22
 40
0.0
 40
0.0
 40
0.0
 40
0.0
 40
1.0
 40
1.0
 40
1.0
 40
2.0
 40
2.0
 40
2.0
 40
3.0
 40
3.0
 40
3.0
 40
4.0
 40
4.0
 40
4.0
 40
5.0
 40
5.0
 40
5.0
 40
6.0
 40
6.0
 40
6.0
 40
7.0
 40
7.0
 40
7.0
 40
7.0
 10
511.1709119694314
 20
-617.3877354439575
 10
509.0615142465087
 20
-616.9235494315238
 10
507.7277419334989
 20
-614.8371587619412
 10
508.1919898287038
 20
-612.7277326360902
 10
508.2123203386054
 20
-612.6352410999465
 10
508.2396175292657
 20
-612.5462572624254
 10
508.2660747610194
 20
-612.4568797898574
 10
508.2660747610194
 20
-612.4568797898574
 10
505.421311371654
 20
-611.6616706782017
 10
505.421311371654
 20
-611.6616706782017
 10
504.8599382203666
 20
-613.606561011137
 10
505.1587486632288
 20
-615.7795148498684
 10
506.4259901158651
 20
-617.5551102225024
 10
508.4587157695761
 20
-620.4032022199022
 10
512.2670145569059
 20
-621.2299643590306
 10
515.2674407546357
 20
-619.6078293059108
 10
515.2674407546357
 20
-619.6078293059108
 10
513.7527009503941
 20
-617.068197848499
 10
513.7527009503941
 20
-617.068197848499
 10
512.9810167666845
 20
-617.452697446937
 10
512.0785187641774
 20
-617.5874772422895
 10
511.1709119694314
 20
-617.3877354439575
 97
        0
 97
        1
330
137
 75
     2
 76
     1
 98
        1
 10
0.0
 20
0.0
450
        0
451
        0
460
0.0
461
0.0
452
        0
462
0.0
453
        0
470

  0
SPLINE
  5
139
330
12D
100
AcDbEntity
  8
Guides
100
AcDbSpline
210
0.0
220
0.0
230
1.0
 70
     9
 71
     3
 72
    29
 73
    25
 74
     0
 42
0.0000000001
 43
0.0000000001
 40
0.0
 40
0.0
 40
0.0
 40
0.0
 40
1.0
 40
1.0
 40
1.0
 40
2.0
 40
2.0
 40
2.0
 40
3.0
 40
3.0
 40
3.0
 40
4.0
 40
4.0
 40
4.0
 40
5.0
 40
5.0
 40
5.0
 40
6.0
 40
6.0
 40
6.0
 40
7.0
 40
7.0
 40
7.0
 40
8.0
 40
8.0
 40
8.0
 40
8.0
 10
508.0250989431456
 20
-607.9829183297216
 30
0.0
 10
506.7158841667152
 20
-608.9173537548096
 30
0.0
 10
505.8352084695613
 20
-610.2276455344982
 30
0.0
 10
505.421311371654
 20
-611.6616706782017
 30
0.0
 10
505.421311371654
 20
-611.6616706782017
 30
0.0
 10
508.2660747610194
 20
-612.4568797898574
 30
0.0
 10
508.2660747610194
 20
-612.4568797898574
 30
0.0
 10
508.8429910806631
 20
-610.5068258328068
 30
0.0
 10
510.835026597783
 20
-609.304922528377
 30
0.0
 10
512.8519936519508
 20
-609.7487800616685
 30
0.0
 10
514.9614365177285
 20
-610.2129828140179
 30
0.0
 10
516.2951636878834
 20
-612.2993567436809
 30
0.0
 10
515.8309609355302
 20
-614.4087996094554
 30
0.0
 10
515.8195822276968
 20
-614.4603671850352
 30
0.0
 10
515.8028538587543
 20
-614.5092731687134
 30
0.0
 10
515.7896009679229
 20
-614.5599403562808
 30
0.0
 10
515.7896009679229
 20
-614.5599403562808
 30
0.0
 10
518.6370810515232
 20
-615.3559103936223
 30
0.0
 10
518.6370810515232
 20
-615.3559103936223
 30
0.0
 10
519.1521767517456
 20
-613.4419849721183
 30
0.0
 10
518.8385998007858
 20
-611.3212321348154
 30
0.0
 10
517.5973212696244
 20
-609.5820281723888
 30
0.0
 10
515.3955708461122
 20
-606.4971394006254
 30
0.0
 10
511.1099709749896
 20
-605.7812130490689
 30
0.0
 10
508.0250989431456
 20
-607.9829183297216
 30
0.0
  0
HATCH
  5
13A
330
12D
100
AcDbEntity
  8
Guides
 62
   254
420
 14869218
440
 33554687
100
AcDbHatch
 10
0.0
 20
0.0
 30
0.0
210
0.0
220
0.0
230
1.0
  2
SOLID
 70
     1
 71
     1
 91
        1
 92
        1
 93
        1
 72
     4
 94
        3
 73
     0
 74
     0
 95
       29
 96
       25
 40
0.0
 40
0.0
 40
0.0
 40
0.0
 40
1.0
 40
1.0
 40
1.0
 40
2.0
 40
2.0
 40
2.0
 40
3.0
 40
3.0
 40
3.0
 40
4.0
 40
4.0
 40
4.0
 40
5.0
 40
5.0
 40
5.0
 40
6.0
 40
6.0
 40
6.0
 40
7.0
 40
7.0
 40
7.0
 40
8.0
 40
8.0
 40
8.0
 40
8.0
 10
508.0250989431456
 20
-607.9829183297216
 10
506.7158841667152
 20
-608.9173537548096
 10
505.8352084695613
 20
-610.2276455344982
 10
505.421311371654
 20
-611.6616706782017
 10
505.421311371654
 20
-611.6616706782017
 10
508.2660747610194
 20
-612.4568797898574
 10
508.2660747610194
 20
-612.4568797898574
 10
508.8429910806631
 20
-610.5068258328068
 10
510.835026597783
 20
-609.304922528377
 10
512.8519936519508
 20
-609.7487800616685
 10
514.9614365177285
 20
-610.2129828140179
 10
516.2951636878834
 20
-612.2993567436809
 10
515.8309609355302
 20
-614.4087996094554
 10
515.8195822276968
 20
-614.4603671850352
 10
515.8028538587543
 20
-614.5092731687134
 10
515.7896009679229
 20
-614.5599403562808
 10
515.7896009679229
 20
-614.5599403562808
 10
518.6370810515232
 20
-615.3559103936223
 10
518.6370810515232
 20
-615.3559103936223
 10
519.1521767517456
 20
-613.4419849721183
 10
518.8385998007858
 20
-611.3212321348154
 10
517.5973212696244
 20
-609.5820281723888
 10
515.3955708461122
 20
-606.4971394006254
 10
511.1099709749896
 20
-605.7812130490689
 10
508.0250989431456
 20
-607.9829183297216
 97
        0
 97
        1
330
139
 75
     2
 76
     1
 98
        1
 10
0.0
 20
0.0
450
        0
451
        0
460
0.0
461
0.0
452
        0
462
0.0
453
        0
470

  0
LWPOLYLINE
  5
13B
330
12D
100
AcDbEntity
  8
Guides
100
AcDbPolyline
 90
        3
 70
     1
 43
0.0
 10
511.5497592701769
 20
-613.3747557317315
 10
511.549698402781
 20
-613.3747537009626
 10
511.5497592701769
 20
-613.3747557317315
  0
HATCH
  5
13C
330
12D
100
AcDbEntity
  8
Guides
 62
   254
420
 14869218
440
 33554687
100
AcDbHatch
 10
0.0
 20
0.0
 30
0.0
210
0.0
220
0.0
230
1.0
  2
SOLID
 70
     1
 71
     1
 91
        1
 92
        1
 93
        2
 72
     1
 10
511.5497592701769
 20
-613.3747557317315
 11
511.549698402781
 21
-613.3747537009626
 72
     1
 10
511.549698402781
 20
-613.3747537009626
 11
511.5497592701769
 21
-613.3747557317315
 97
        1
330
13B
 75
     2
 76
     1
 98
        1
 10
0.0
 20
0.0
450
        0
451
        0
460
0.0
461
0.0
452
        0
462
0.0
453
        0
470

  0
ENDBLK
  5
130
330
12D
100
AcDbEntity
  8
0
100
AcDbBlockEnd
  0
BLOCK
  5
13F
330
13D
100
AcDbEntity
  8
0
100
AcDbBlockBegin
  2
Block_20
 70
     0
 10
0.0
 20
0.0
 30
0.0
  3
Block_20
  1

  0
INSERT
  5
142
330
13D
100
AcDbEntity
  8
Guides
100
AcDbBlockReference
  2
Block_21
 10
0.0
 20
0.0
 30
0.0
  0
INSERT
  5
150
330
13D
100
AcDbEntity
  8
Guides
100
AcDbBlockReference
  2
Block_22
 10
0.0
 20
0.0
 30
0.0
  0
INSERT
  5
15F
330
13D
100
AcDbEntity
  8
Guides
100
AcDbBlockReference
  2
Block_24
 10
0.0
 20
0.0
 30
0.0
  0
ENDBLK
  5
140
330
13D
100
AcDbEntity
  8
0
100
AcDbBlockEnd
  0
BLOCK
  5
143
330
141
100
AcDbEntity
  8
0
100
AcDbBlockBegin
  2
Block_21
 70
     0
 10
0.0
 20
0.0
 30
0.0
  3
Block_21
  1

  0
SPLINE
  5
145
330
141
100
AcDbEntity
  8
Guides
100
AcDbSpline
210
0.0
220
0.0
230
1.0
 70
     9
 71
     3
 72
    29
 73
    25
 74
     0
 42
0.0000000001
 43
0.0000000001
 40
0.0
 40
0.0
 40
0.0
 40
0.0
 40
1.0
 40
1.0
 40
1.0
 40
2.0
 40
2.0
 40
2.0
 40
3.0
 40
3.0
 40
3.0
 40
4.0
 40
4.0
 40
4.0
 40
5.0
 40
5.0
 40
5.0
 40
6.0
 40
6.0
 40
6.0
 40
7.0
 40
7.0
 40
7.0
 40
8.0
 40
8.0
 40
8.0
 40
8.0
 10
427.5631009460385
 20
-566.6309871330653
 30
0.0
 10
427.5054824994652
 20
-566.6309871330653
 30
0.0
 10
427.4557211137853
 20
-566.6193886146025
 30
0.0
 10
427.4059597281093
 20
-566.6003071809959
 30
0.0
 10
427.3561983424332
 20
-566.5774842898198
 30
0.0
 10
427.310178414324
 20
-566.550545795316
 30
0.0
 10
427.2718284742337
 20
-566.5123829281064
 30
0.0
 10
427.1953156669314
 20
-566.4319415903578
 30
0.0
 10
427.1530371963947
 20
-566.3320446732448
 30
0.0
 10
427.1530371963947
 20
-566.2212975291793
 30
0.0
 10
427.1530371963947
 20
-566.1139176969268
 30
0.0
 10
427.1953156669314
 20
-566.0065378646775
 30
0.0
 10
427.2718284742337
 20
-565.9298379844982
 30
0.0
 10
427.4250411617159
 20
-565.7805538274669
 30
0.0
 10
427.6970451270371
 20
-565.7768123698929
 30
0.0
 10
427.8504448873957
 20
-565.9298379844982
 30
0.0
 10
427.9269576946948
 20
-566.0065378646775
 30
0.0
 10
427.9692361652346
 20
-566.1139176969268
 30
0.0
 10
427.9692361652346
 20
-566.2212975291793
 30
0.0
 10
427.9692361652346
 20
-566.3320446732448
 30
0.0
 10
427.9269576946948
 20
-566.4319415903578
 30
0.0
 10
427.8504448873957
 20
-566.5123829281064
 30
0.0
 10
427.7737450072126
 20
-566.5890828082864
 30
0.0
 10
427.6702937054102
 20
-566.6309871330653
 30
0.0
 10
427.5631009460385
 20
-566.6309871330653
 30
0.0
  0
HATCH
  5
146
330
141
100
AcDbEntity
  8
Guides
 62
   254
420
 14869218
440
 33554687
100
AcDbHatch
 10
0.0
 20
0.0
 30
0.0
210
0.0
220
0.0
230
1.0
  2
SOLID
 70
     1
 71
     1
 91
        1
 92
        1
 93
        1
 72
     4
 94
        3
 73
     0
 74
     0
 95
       29
 96
       25
 40
0.0
 40
0.0
 40
0.0
 40
0.0
 40
1.0
 40
1.0
 40
1.0
 40
2.0
 40
2.0
 40
2.0
 40
3.0
 40
3.0
 40
3.0
 40
4.0
 40
4.0
 40
4.0
 40
5.0
 40
5.0
 40
5.0
 40
6.0
 40
6.0
 40
6.0
 40
7.0
 40
7.0
 40
7.0
 40
8.0
 40
8.0
 40
8.0
 40
8.0
 10
427.5631009460385
 20
-566.6309871330653
 10
427.5054824994652
 20
-566.6309871330653
 10
427.4557211137853
 20
-566.6193886146025
 10
427.4059597281093
 20
-566.6003071809959
 10
427.3561983424332
 20
-566.5774842898198
 10
427.310178414324
 20
-566.550545795316
 10
427.2718284742337
 20
-566.5123829281064
 10
427.1953156669314
 20
-566.4319415903578
 10
427.1530371963947
 20
-566.3320446732448
 10
427.1530371963947
 20
-566.2212975291793
 10
427.1530371963947
 20
-566.1139176969268
 10
427.1953156669314
 20
-566.0065378646775
 10
427.2718284742337
 20
-565.9298379844982
 10
427.4250411617159
 20
-565.7805538274669
 10
427.6970451270371
 20
-565.7768123698929
 10
427.8504448873957
 20
-565.9298379844982
 10
427.9269576946948
 20
-566.0065378646775
 10
427.9692361652346
 20
-566.1139176969268
 10
427.9692361652346
 20
-566.2212975291793
 10
427.9692361652346
 20
-566.3320446732448
 10
427.9269576946948
 20
-566.4319415903578
 10
427.8504448873957
 20
-566.5123829281064
 10
427.7737450072126
 20
-566.5890828082864
 10
427.6702937054102
 20
-566.6309871330653
 10
427.5631009460385
 20
-566.6309871330653
 97
        0
 97
        1
330
145
 75
     2
 76
     1
 98
        1
 10
0.0
 20
0.0
450
        0
451
        0
460
0.0
461
0.0
452
        0
462
0.0
453
        0
470

  0
SPLINE
  5
147
330
141
100
AcDbEntity
  8
Guides
100
AcDbSpline
210
0.0
220
0.0
230
1.0
 70
     9
 71
     3
 72
    32
 73
    28
 74
     0
 42
0.0000000001
 43
0.0000000001
 40
0.0
 40
0.0
 40
0.0
 40
0.0
 40
1.0
 40
1.0
 40
1.0
 40
2.0
 40
2.0
 40
2.0
 40
3.0
 40
3.0
 40
3.0
 40
4.0
 40
4.0
 40
4.0
 40
5.0
 40
5.0
 40
5.0
 40
6.0
 40
6.0
 40
6.0
 40
7.0
 40
7.0
 40
7.0
 40
8.0
 40
8.0
 40
8.0
 40
9.0
 40
9.0
 40
9.0
 40
9.0
 10
417.1885924824882
 20
-571.8789374402763
 30
0.0
 10
416.9856184093299
 20
-571.7831561264942
 30
0.0
 10
416.8975070835641
 20
-571.537716509916
 30
0.0
 10
416.99328839735
 20
-571.3349295096378
 30
0.0
 10
416.99328839735
 20
-571.3349295096378
 30
0.0
 10
416.99328839735
 20
-571.3349295096378
 30
0.0
 10
416.99328839735
 20
-571.3349295096378
 30
0.0
 10
417.0928111687061
 20
-571.1317683635993
 30
0.0
 10
417.3380637124004
 20
-571.0434699649534
 30
0.0
 10
417.5410377855587
 20
-571.1392512787394
 30
0.0
 10
417.5410377855587
 20
-571.1392512787394
 30
0.0
 10
417.5410377855587
 20
-571.1392512787394
 30
0.0
 10
417.5410377855587
 20
-571.1392512787394
 30
0.0
 10
417.7441989315971
 20
-571.2350325925247
 30
0.0
 10
417.8323102573628
 20
-571.4804722090998
 30
0.0
 10
417.7326004131305
 20
-571.6832592093811
 30
0.0
 10
417.7326004131305
 20
-571.6832592093811
 30
0.0
 10
417.7326004131305
 20
-571.6832592093811
 30
0.0
 10
417.7326004131305
 20
-571.6832592093811
 30
0.0
 10
417.6637575938478
 20
-571.8329175121702
 30
0.0
 10
417.5180278215057
 20
-571.920841765059
 30
0.0
 10
417.3648151340234
 20
-571.920841765059
 30
0.0
 10
417.3648151340234
 20
-571.920841765059
 30
0.0
 10
417.3648151340234
 20
-571.920841765059
 30
0.0
 10
417.3648151340234
 20
-571.920841765059
 30
0.0
 10
417.3073837603271
 20
-571.920841765059
 30
0.0
 10
417.2460238561845
 20
-571.9055017890224
 30
0.0
 10
417.1885924824882
 20
-571.8789374402763
 30
0.0
  0
HATCH
  5
148
330
141
100
AcDbEntity
  8
Guides
 62
   254
420
 14869218
440
 33554687
100
AcDbHatch
 10
0.0
 20
0.0
 30
0.0
210
0.0
220
0.0
230
1.0
  2
SOLID
 70
     1
 71
     1
 91
        1
 92
        1
 93
        1
 72
     4
 94
        3
 73
     0
 74
     0
 95
       32
 96
       28
 40
0.0
 40
0.0
 40
0.0
 40
0.0
 40
1.0
 40
1.0
 40
1.0
 40
2.0
 40
2.0
 40
2.0
 40
3.0
 40
3.0
 40
3.0
 40
4.0
 40
4.0
 40
4.0
 40
5.0
 40
5.0
 40
5.0
 40
6.0
 40
6.0
 40
6.0
 40
7.0
 40
7.0
 40
7.0
 40
8.0
 40
8.0
 40
8.0
 40
9.0
 40
9.0
 40
9.0
 40
9.0
 10
417.1885924824882
 20
-571.8789374402763
 10
416.9856184093299
 20
-571.7831561264942
 10
416.8975070835641
 20
-571.537716509916
 10
416.99328839735
 20
-571.3349295096378
 10
416.99328839735
 20
-571.3349295096378
 10
416.99328839735
 20
-571.3349295096378
 10
416.99328839735
 20
-571.3349295096378
 10
417.0928111687061
 20
-571.1317683635993
 10
417.3380637124004
 20
-571.0434699649534
 10
417.5410377855587
 20
-571.1392512787394
 10
417.5410377855587
 20
-571.1392512787394
 10
417.5410377855587
 20
-571.1392512787394
 10
417.5410377855587
 20
-571.1392512787394
 10
417.7441989315971
 20
-571.2350325925247
 10
417.8323102573628
 20
-571.4804722090998
 10
417.7326004131305
 20
-571.6832592093811
 10
417.7326004131305
 20
-571.6832592093811
 10
417.7326004131305
 20
-571.6832592093811
 10
417.7326004131305
 20
-571.6832592093811
 10
417.6637575938478
 20
-571.8329175121702
 10
417.5180278215057
 20
-571.920841765059
 10
417.3648151340234
 20
-571.920841765059
 10
417.3648151340234
 20
-571.920841765059
 10
417.3648151340234
 20
-571.920841765059
 10
417.3648151340234
 20
-571.920841765059
 10
417.3073837603271
 20
-571.920841765059
 10
417.2460238561845
 20
-571.9055017890224
 10
417.1885924824882
 20
-571.8789374402763
 97
        0
 97
        1
330
147
 75
     2
 76
     1
 98
        1
 10
0.0
 20
0.0
450
        0
451
        0
460
0.0
461
0.0
452
        0
462
0.0
453
        0
470

  0
SPLINE
  5
149
330
141
100
AcDbEntity
  8
Guides
100
AcDbSpline
210
0.0
220
0.0
230
1.0
 70
     9
 71
     3
 72
    32
 73
    28
 74
     0
 42
0.0000000001
 43
0.0000000001
 40
0.0
 40
0.0
 40
0.0
 40
0.0
 40
1.0
 40
1.0
 40
1.0
 40
2.0
 40
2.0
 40
2.0
 40
3.0
 40
3.0
 40
3.0
 40
4.0
 40
4.0
 40
4.0
 40
5.0
 40
5.0
 40
5.0
 40
6.0
 40
6.0
 40
6.0
 40
7.0
 40
7.0
 40
7.0
 40
8.0
 40
8.0
 40
8.0
 40
9.0
 40
9.0
 40
9.0
 40
9.0
 10
417.8705295906246
 20
-570.530412177918
 30
0.0
 10
417.686636951069
 20
-570.4039509120626
 30
0.0
 10
417.640617022963
 20
-570.1472869227781
 30
0.0
 10
417.7708197463884
 20
-569.9632072103456
 30
0.0
 10
417.7708197463884
 20
-569.9632072103456
 30
0.0
 10
417.7708197463884
 20
-569.9632072103456
 30
0.0
 10
417.7708197463884
 20
-569.9632072103456
 30
0.0
 10
417.9012095426939
 20
-569.7753860403445
 30
0.0
 10
418.1539450015315
 20
-569.7293661122378
 30
0.0
 10
418.3417661715301
 20
-569.8599429814203
 30
0.0
 10
418.3417661715301
 20
-569.8599429814203
 30
0.0
 10
418.3417661715301
 20
-569.8599429814203
 30
0.0
 10
418.3417661715301
 20
-569.8599429814203
 30
0.0
 10
418.525658811085
 20
-569.9901457048495
 30
0.0
 10
418.5716787391916
 20
-570.2468096941335
 30
0.0
 10
418.4412889428855
 20
-570.4305152608087
 30
0.0
 10
418.4412889428855
 20
-570.4305152608087
 30
0.0
 10
418.4412889428855
 20
-570.4305152608087
 30
0.0
 10
418.4412889428855
 20
-570.4305152608087
 30
0.0
 10
418.3608476051368
 20
-570.5457521539545
 30
0.0
 10
418.2343863392809
 20
-570.6067379123441
 30
0.0
 10
418.1079250734223
 20
-570.6067379123441
 30
0.0
 10
418.1079250734223
 20
-570.6067379123441
 30
0.0
 10
418.1079250734223
 20
-570.6067379123441
 30
0.0
 10
418.1079250734223
 20
-570.6067379123441
 30
0.0
 10
418.0237422781029
 20
-570.6067379123441
 30
0.0
 10
417.9433009403537
 20
-570.5801735635973
 30
0.0
 10
417.8705295906246
 20
-570.530412177918
 30
0.0
  0
HATCH
  5
14A
330
141
100
AcDbEntity
  8
Guides
 62
   254
420
 14869218
440
 33554687
100
AcDbHatch
 10
0.0
 20
0.0
 30
0.0
210
0.0
220
0.0
230
1.0
  2
SOLID
 70
     1
 71
     1
 91
        1
 92
        1
 93
        1
 72
     4
 94
        3
 73
     0
 74
     0
 95
       32
 96
       28
 40
0.0
 40
0.0
 40
0.0
 40
0.0
 40
1.0
 40
1.0
 40
1.0
 40
2.0
 40
2.0
 40
2.0
 40
3.0
 40
3.0
 40
3.0
 40
4.0
 40
4.0
 40
4.0
 40
5.0
 40
5.0
 40
5.0
 40
6.0
 40
6.0
 40
6.0
 40
7.0
 40
7.0
 40
7.0
 40
8.0
 40
8.0
 40
8.0
 40
9.0
 40
9.0
 40
9.0
 40
9.0
 10
417.8705295906246
 20
-570.530412177918
 10
417.686636951069
 20
-570.4039509120626
 10
417.640617022963
 20
-570.1472869227781
 10
417.7708197463884
 20
-569.9632072103456
 10
417.7708197463884
 20
-569.9632072103456
 10
417.7708197463884
 20
-569.9632072103456
 10
417.7708197463884
 20
-569.9632072103456
 10
417.9012095426939
 20
-569.7753860403445
 10
418.1539450015315
 20
-569.7293661122378
 10
418.3417661715301
 20
-569.8599429814203
 10
418.3417661715301
 20
-569.8599429814203
 10
418.3417661715301
 20
-569.8599429814203
 10
418.3417661715301
 20
-569.8599429814203
 10
418.525658811085
 20
-569.9901457048495
 10
418.5716787391916
 20
-570.2468096941335
 10
418.4412889428855
 20
-570.4305152608087
 10
418.4412889428855
 20
-570.4305152608087
 10
418.4412889428855
 20
-570.4305152608087
 10
418.4412889428855
 20
-570.4305152608087
 10
418.3608476051368
 20
-570.5457521539545
 10
418.2343863392809
 20
-570.6067379123441
 10
418.1079250734223
 20
-570.6067379123441
 10
418.1079250734223
 20
-570.6067379123441
 10
418.1079250734223
 20
-570.6067379123441
 10
418.1079250734223
 20
-570.6067379123441
 10
418.0237422781029
 20
-570.6067379123441
 10
417.9433009403537
 20
-570.5801735635973
 10
417.8705295906246
 20
-570.530412177918
 97
        0
 97
        1
330
149
 75
     2
 76
     1
 98
        1
 10
0.0
 20
0.0
450
        0
451
        0
460
0.0
461
0.0
452
        0
462
0.0
453
        0
470

  0
SPLINE
  5
14B
330
141
100
AcDbEntity
  8
Guides
100
AcDbSpline
210
0.0
220
0.0
230
1.0
 70
     9
 71
     3
 72
    38
 73
    34
 74
     0
 42
0.0000000001
 43
0.0000000001
 40
0.0
 40
0.0
 40
0.0
 40
0.0
 40
1.0
 40
1.0
 40
1.0
 40
2.0
 40
2.0
 40
2.0
 40
3.0
 40
3.0
 40
3.0
 40
4.0
 40
4.0
 40
4.0
 40
5.0
 40
5.0
 40
5.0
 40
6.0
 40
6.0
 40
6.0
 40
7.0
 40
7.0
 40
7.0
 40
8.0
 40
8.0
 40
8.0
 40
9.0
 40
9.0
 40
9.0
 40
10.0
 40
10.0
 40
10.0
 40
11.0
 40
11.0
 40
11.0
 40
11.0
 10
418.6964856900545
 20
-569.4083412114645
 30
0.0
 10
418.5356030145559
 20
-569.2474585359621
 30
0.0
 10
418.5316744841057
 20
-568.9907945466813
 30
0.0
 10
418.6927442324845
 20
-568.8257962678524
 30
0.0
 10
418.6927442324845
 20
-568.8257962678524
 30
0.0
 10
418.6927442324845
 20
-568.8257962678524
 30
0.0
 10
418.6927442324845
 20
-568.8257962678524
 30
0.0
 10
418.6927442324845
 20
-568.8257962678524
 30
0.0
 10
418.6927442324845
 20
-568.8257962678524
 30
0.0
 10
418.6927442324845
 20
-568.8257962678524
 30
0.0
 10
418.6927442324845
 20
-568.8257962678524
 30
0.0
 10
418.6927442324845
 20
-568.8257962678524
 30
0.0
 10
418.6927442324845
 20
-568.8257962678524
 30
0.0
 10
418.8496983775329
 20
-568.6649135923537
 30
0.0
 10
419.1102908972677
 20
-568.6649135923537
 30
0.0
 10
419.2711735727663
 20
-568.8220548102862
 30
0.0
 10
419.2711735727663
 20
-568.8220548102862
 30
0.0
 10
419.2711735727663
 20
-568.8220548102862
 30
0.0
 10
419.2711735727663
 20
-568.8220548102862
 30
0.0
 10
419.432056248265
 20
-568.9791960282148
 30
0.0
 10
419.4359847787151
 20
-569.2396014750655
 30
0.0
 10
419.2751021032164
 20
-569.4004841505674
 30
0.0
 10
419.2751021032164
 20
-569.4004841505674
 30
0.0
 10
419.2751021032164
 20
-569.4004841505674
 30
0.0
 10
419.2751021032164
 20
-569.4004841505674
 30
0.0
 10
419.194473692587
 20
-569.4850410916437
 30
0.0
 10
419.091209463661
 20
-569.5232039588533
 30
0.0
 10
418.9838296314085
 20
-569.5232039588533
 30
0.0
 10
418.9838296314085
 20
-569.5232039588533
 30
0.0
 10
418.9838296314085
 20
-569.5232039588533
 30
0.0
 10
418.9838296314085
 20
-569.5232039588533
 30
0.0
 10
418.8803783296062
 20
-569.5232039588533
 30
0.0
 10
418.7769270278038
 20
-569.4850410916437
 30
0.0
 10
418.6964856900545
 20
-569.4083412114645
 30
0.0
  0
HATCH
  5
14C
330
141
100
AcDbEntity
  8
Guides
 62
   254
420
 14869218
440
 33554687
100
AcDbHatch
 10
0.0
 20
0.0
 30
0.0
210
0.0
220
0.0
230
1.0
  2
SOLID
 70
     1
 71
     1
 91
        1
 92
        1
 93
        1
 72
     4
 94
        3
 73
     0
 74
     0
 95
       38
 96
       34
 40
0.0
 40
0.0
 40
0.0
 40
0.0
 40
1.0
 40
1.0
 40
1.0
 40
2.0
 40
2.0
 40
2.0
 40
3.0
 40
3.0
 40
3.0
 40
4.0
 40
4.0
 40
4.0
 40
5.0
 40
5.0
 40
5.0
 40
6.0
 40
6.0
 40
6.0
 40
7.0
 40
7.0
 40
7.0
 40
8.0
 40
8.0
 40
8.0
 40
9.0
 40
9.0
 40
9.0
 40
10.0
 40
10.0
 40
10.0
 40
11.0
 40
11.0
 40
11.0
 40
11.0
 10
418.6964856900545
 20
-569.4083412114645
 10
418.5356030145559
 20
-569.2474585359621
 10
418.5316744841057
 20
-568.9907945466813
 10
418.6927442324845
 20
-568.8257962678524
 10
418.6927442324845
 20
-568.8257962678524
 10
418.6927442324845
 20
-568.8257962678524
 10
418.6927442324845
 20
-568.8257962678524
 10
418.6927442324845
 20
-568.8257962678524
 10
418.6927442324845
 20
-568.8257962678524
 10
418.6927442324845
 20
-568.8257962678524
 10
418.6927442324845
 20
-568.8257962678524
 10
418.6927442324845
 20
-568.8257962678524
 10
418.6927442324845
 20
-568.8257962678524
 10
418.8496983775329
 20
-568.6649135923537
 10
419.1102908972677
 20
-568.6649135923537
 10
419.2711735727663
 20
-568.8220548102862
 10
419.2711735727663
 20
-568.8220548102862
 10
419.2711735727663
 20
-568.8220548102862
 10
419.2711735727663
 20
-568.8220548102862
 10
419.432056248265
 20
-568.9791960282148
 10
419.4359847787151
 20
-569.2396014750655
 10
419.2751021032164
 20
-569.4004841505674
 10
419.2751021032164
 20
-569.4004841505674
 10
419.2751021032164
 20
-569.4004841505674
 10
419.2751021032164
 20
-569.4004841505674
 10
419.194473692587
 20
-569.4850410916437
 10
419.091209463661
 20
-569.5232039588533
 10
418.9838296314085
 20
-569.5232039588533
 10
418.9838296314085
 20
-569.5232039588533
 10
418.9838296314085
 20
-569.5232039588533
 10
418.9838296314085
 20
-569.5232039588533
 10
418.8803783296062
 20
-569.5232039588533
 10
418.7769270278038
 20
-569.4850410916437
 10
418.6964856900545
 20
-569.4083412114645
 97
        0
 97
        1
330
14B
 75
     2
 76
     1
 98
        1
 10
0.0
 20
0.0
450
        0
451
        0
460
0.0
461
0.0
452
        0
462
0.0
453
        0
470

  0
SPLINE
  5
14D
330
141
100
AcDbEntity
  8
Guides
100
AcDbSpline
210
0.0
220
0.0
230
1.0
 70
     9
 71
     3
 72
    32
 73
    28
 74
     0
 42
0.0000000001
 43
0.0000000001
 40
0.0
 40
0.0
 40
0.0
 40
0.0
 40
1.0
 40
1.0
 40
1.0
 40
2.0
 40
2.0
 40
2.0
 40
3.0
 40
3.0
 40
3.0
 40
4.0
 40
4.0
 40
4.0
 40
5.0
 40
5.0
 40
5.0
 40
6.0
 40
6.0
 40
6.0
 40
7.0
 40
7.0
 40
7.0
 40
8.0
 40
8.0
 40
8.0
 40
9.0
 40
9.0
 40
9.0
 40
9.0
 10
420.0124291300122
 20
-568.5276982124792
 30
0.0
 10
419.9587392138853
 20
-568.5276982124792
 30
0.0
 10
419.905049297759
 20
-568.516099694012
 30
0.0
 10
419.8552879120829
 20
-568.4970182604059
 30
0.0
 10
419.8055265264069
 20
-568.4779368267993
 30
0.0
 10
419.7632480558671
 20
-568.4472568747293
 30
0.0
 10
419.7250851886543
 20
-568.4090940075166
 30
0.0
 10
419.6444567780281
 20
-568.3282785240102
 30
0.0
 10
419.6023653803685
 20
-568.2287557526548
 30
0.0
 10
419.6023653803685
 20
-568.1176344628355
 30
0.0
 10
419.6023653803685
 20
-568.01062877634
 30
0.0
 10
419.6483853084751
 20
-567.9069904016576
 30
0.0
 10
419.7250851886543
 20
-567.8302905214783
 30
0.0
 10
419.8782978761366
 20
-567.6772649068762
 30
0.0
 10
420.1463733110108
 20
-567.6772649068762
 30
0.0
 10
420.3035145289394
 20
-567.8302905214783
 30
0.0
 10
420.3802144091187
 20
-567.9032489440875
 30
0.0
 10
420.4223058067784
 20
-568.01062877634
 30
0.0
 10
420.4223058067784
 20
-568.1176344628355
 30
0.0
 10
420.4223058067784
 20
-568.2287557526548
 30
0.0
 10
420.3802144091187
 20
-568.3323941273373
 30
0.0
 10
420.3035145289394
 20
-568.4090940075166
 30
0.0
 10
420.2651645888459
 20
-568.4472568747293
 30
0.0
 10
420.2191446607399
 20
-568.4779368267993
 30
0.0
 10
420.1693832750638
 20
-568.4970182604059
 30
0.0
 10
420.1196218893839
 20
-568.516099694012
 30
0.0
 10
420.0698605037079
 20
-568.5276982124792
 30
0.0
 10
420.0124291300122
 20
-568.5276982124792
 30
0.0
  0
HATCH
  5
14E
330
141
100
AcDbEntity
  8
Guides
 62
   254
420
 14869218
440
 33554687
100
AcDbHatch
 10
0.0
 20
0.0
 30
0.0
210
0.0
220
0.0
230
1.0
  2
SOLID
 70
     1
 71
     1
 91
        1
 92
        1
 93
        1
 72
     4
 94
        3
 73
     0
 74
     0
 95
       32
 96
       28
 40
0.0
 40
0.0
 40
0.0
 40
0.0
 40
1.0
 40
1.0
 40
1.0
 40
2.0
 40
2.0
 40
2.0
 40
3.0
 40
3.0
 40
3.0
 40
4.0
 40
4.0
 40
4.0
 40
5.0
 40
5.0
 40
5.0
 40
6.0
 40
6.0
 40
6.0
 40
7.0
 40
7.0
 40
7.0
 40
8.0
 40
8.0
 40
8.0
 40
9.0
 40
9.0
 40
9.0
 40
9.0
 10
420.0124291300122
 20
-568.5276982124792
 10
419.9587392138853
 20
-568.5276982124792
 10
419.905049297759
 20
-568.516099694012
 10
419.8552879120829
 20
-568.4970182604059
 10
419.8055265264069
 20
-568.4779368267993
 10
419.7632480558671
 20
-568.4472568747293
 10
419.7250851886543
 20
-568.4090940075166
 10
419.6444567780281
 20
-568.3282785240102
 10
419.6023653803685
 20
-568.2287557526548
 10
419.6023653803685
 20
-568.1176344628355
 10
419.6023653803685
 20
-568.01062877634
 10
419.6483853084751
 20
-567.9069904016576
 10
419.7250851886543
 20
-567.8302905214783
 10
419.8782978761366
 20
-567.6772649068762
 10
420.1463733110108
 20
-567.6772649068762
 10
420.3035145289394
 20
-567.8302905214783
 10
420.3802144091187
 20
-567.9032489440875
 10
420.4223058067784
 20
-568.01062877634
 10
420.4223058067784
 20
-568.1176344628355
 10
420.4223058067784
 20
-568.2287557526548
 10
420.3802144091187
 20
-568.3323941273373
 10
420.3035145289394
 20
-568.4090940075166
 10
420.2651645888459
 20
-568.4472568747293
 10
420.2191446607399
 20
-568.4779368267993
 10
420.1693832750638
 20
-568.4970182604059
 10
420.1196218893839
 20
-568.516099694012
 10
420.0698605037079
 20
-568.5276982124792
 10
420.0124291300122
 20
-568.5276982124792
 97
        0
 97
        1
330
14D
 75
     2
 76
     1
 98
        1
 10
0.0
 20
0.0
450
        0
451
        0
460
0.0
461
0.0
452
        0
462
0.0
453
        0
470

  0
ENDBLK
  5
144
330
141
100
AcDbEntity
  8
0
100
AcDbBlockEnd
  0
BLOCK
  5
151
330
14F
100
AcDbEntity
  8
0
100
AcDbBlockBegin
  2
Block_22
 70
     0
 10
0.0
 20
0.0
 30
0.0
  3
Block_22
  1

  0
INSERT
  5
154
330
14F
100
AcDbEntity
  8
Guides
100
AcDbBlockReference
  2
Block_23
 10
0.0
 20
0.0
 30
0.0
  0
SPLINE
  5
15B
330
14F
100
AcDbEntity
  8
Guides
100
AcDbSpline
210
0.0
220
0.0
230
1.0
 70
     9
 71
     3
 72
    26
 73
    22
 74
     0
 42
0.0000000001
 43
0.0000000001
 40
0.0
 40
0.0
 40
0.0
 40
0.0
 40
1.0
 40
1.0
 40
1.0
 40
2.0
 40
2.0
 40
2.0
 40
3.0
 40
3.0
 40
3.0
 40
4.0
 40
4.0
 40
4.0
 40
5.0
 40
5.0
 40
5.0
 40
6.0
 40
6.0
 40
6.0
 40
7.0
 40
7.0
 40
7.0
 40
7.0
 10
430.132546932058
 20
-583.7863183818459
 30
0.0
 10
429.9065628948467
 20
-584.5039299437202
 30
0.0
 10
430.3063376361706
 20
-585.2713028912744
 30
0.0
 10
431.0237621251726
 20
-585.4972869284896
 30
0.0
 10
431.3707823147646
 20
-585.6069116352806
 30
0.0
 10
431.7404383226525
 20
-585.5743609544259
 30
0.0
 10
432.0638873295583
 20
-585.4059953637873
 30
0.0
 10
432.3869621907062
 20
-585.2376297731491
 30
0.0
 10
432.6251059650219
 20
-584.9536531436043
 30
0.0
 10
432.7345435989361
 20
-584.606071735375
 30
0.0
 10
432.8439812328503
 20
-584.258490327149
 30
0.0
 10
432.8116176248724
 20
-583.8892084650142
 30
0.0
 10
432.6432520342337
 20
-583.5663206767463
 30
0.0
 10
432.4748864435957
 20
-583.2430587427209
 30
0.0
 10
432.1907227411738
 20
-583.0047278955256
 30
0.0
 10
431.8431413329446
 20
-582.8954773344916
 30
0.0
 10
431.1253426981902
 20
-582.6683708600058
 30
0.0
 10
430.3583438963924
 20
-583.069080965728
 30
0.0
 10
430.132546932058
 20
-583.7866925276023
 30
0.0
 10
430.132546932058
 20
-583.7866925276023
 30
0.0
 10
430.132546932058
 20
-583.7863183818459
 30
0.0
 10
430.132546932058
 20
-583.7863183818459
 30
0.0
  0
SPLINE
  5
15C
330
14F
100
AcDbEntity
  8
Guides
100
AcDbSpline
210
0.0
220
0.0
230
1.0
 70
     9
 71
     3
 72
    29
 73
    25
 74
     0
 42
0.0000000001
 43
0.0000000001
 40
0.0
 40
0.0
 40
0.0
 40
0.0
 40
1.0
 40
1.0
 40
1.0
 40
2.0
 40
2.0
 40
2.0
 40
3.0
 40
3.0
 40
3.0
 40
4.0
 40
4.0
 40
4.0
 40
5.0
 40
5.0
 40
5.0
 40
6.0
 40
6.0
 40
6.0
 40
7.0
 40
7.0
 40
7.0
 40
8.0
 40
8.0
 40
8.0
 40
8.0
 10
431.4362578222343
 20
-586.6313227178759
 30
0.0
 10
431.190631132783
 20
-586.6313227178759
 30
0.0
 10
430.9435078602995
 20
-586.5939081421806
 30
0.0
 10
430.7023709199286
 20
-586.5179565535154
 30
0.0
 10
429.422231212443
 20
-586.1146274274976
 30
0.0
 10
428.7089223267721
 20
-584.7452539569713
 30
0.0
 10
429.1118773070322
 20
-583.4653013223628
 30
0.0
 10
429.1118773070322
 20
-583.4653013223628
 30
0.0
 10
429.1118773070322
 20
-583.4649271766058
 30
0.0
 10
429.1118773070322
 20
-583.4649271766058
 30
0.0
 10
429.5152064330493
 20
-582.1849745419966
 30
0.0
 10
430.8849540493326
 20
-581.4718527292058
 30
0.0
 10
432.1645325381848
 20
-581.8748077094658
 30
0.0
 10
432.7846791303692
 20
-582.0701117946039
 30
0.0
 10
433.2916466310688
 20
-582.4951413745266
 30
0.0
 10
433.5920856739215
 20
-583.0716999860269
 30
0.0
 10
433.8925247167696
 20
-583.6482585975233
 30
0.0
 10
433.9505173091
 20
-584.3071292755545
 30
0.0
 10
433.7552132239618
 20
-584.9274629406184
 30
0.0
 10
433.55990913882
 20
-585.5474224599227
 30
0.0
 10
433.1346924860204
 20
-586.0543899606223
 30
0.0
 10
432.5581338745207
 20
-586.354829003475
 30
0.0
 10
432.2058756443303
 20
-586.5385345701459
 30
0.0
 10
431.8225633163103
 20
-586.6313227178759
 30
0.0
 10
431.4362578222343
 20
-586.6313227178759
 30
0.0
  0
HATCH
  5
15D
330
14F
100
AcDbEntity
  8
Guides
 62
   254
420
 14869218
440
 33554687
100
AcDbHatch
 10
0.0
 20
0.0
 30
0.0
210
0.0
220
0.0
230
1.0
  2
SOLID
 70
     1
 71
     1
 91
        2
 92
        1
 93
        1
 72
     4
 94
        3
 73
     0
 74
     0
 95
       26
 96
       22
 40
0.0
 40
0.0
 40
0.0
 40
0.0
 40
1.0
 40
1.0
 40
1.0
 40
2.0
 40
2.0
 40
2.0
 40
3.0
 40
3.0
 40
3.0
 40
4.0
 40
4.0
 40
4.0
 40
5.0
 40
5.0
 40
5.0
 40
6.0
 40
6.0
 40
6.0
 40
7.0
 40
7.0
 40
7.0
 40
7.0
 10
430.132546932058
 20
-583.7863183818459
 10
429.9065628948467
 20
-584.5039299437202
 10
430.3063376361706
 20
-585.2713028912744
 10
431.0237621251726
 20
-585.4972869284896
 10
431.3707823147646
 20
-585.6069116352806
 10
431.7404383226525
 20
-585.5743609544259
 10
432.0638873295583
 20
-585.4059953637873
 10
432.3869621907062
 20
-585.2376297731491
 10
432.6251059650219
 20
-584.9536531436043
 10
432.7345435989361
 20
-584.606071735375
 10
432.8439812328503
 20
-584.258490327149
 10
432.8116176248724
 20
-583.8892084650142
 10
432.6432520342337
 20
-583.5663206767463
 10
432.4748864435957
 20
-583.2430587427209
 10
432.1907227411738
 20
-583.0047278955256
 10
431.8431413329446
 20
-582.8954773344916
 10
431.1253426981902
 20
-582.6683708600058
 10
430.3583438963924
 20
-583.069080965728
 10
430.132546932058
 20
-583.7866925276023
 10
430.132546932058
 20
-583.7866925276023
 10
430.132546932058
 20
-583.7863183818459
 10
430.132546932058
 20
-583.7863183818459
 97
        0
 97
        1
330
15B
 92
        1
 93
        1
 72
     4
 94
        3
 73
     0
 74
     0
 95
       29
 96
       25
 40
0.0
 40
0.0
 40
0.0
 40
0.0
 40
1.0
 40
1.0
 40
1.0
 40
2.0
 40
2.0
 40
2.0
 40
3.0
 40
3.0
 40
3.0
 40
4.0
 40
4.0
 40
4.0
 40
5.0
 40
5.0
 40
5.0
 40
6.0
 40
6.0
 40
6.0
 40
7.0
 40
7.0
 40
7.0
 40
8.0
 40
8.0
 40
8.0
 40
8.0
 10
431.4362578222343
 20
-586.6313227178759
 10
431.190631132783
 20
-586.6313227178759
 10
430.9435078602995
 20
-586.5939081421806
 10
430.7023709199286
 20
-586.5179565535154
 10
429.422231212443
 20
-586.1146274274976
 10
428.7089223267721
 20
-584.7452539569713
 10
429.1118773070322
 20
-583.4653013223628
 10
429.1118773070322
 20
-583.4653013223628
 10
429.1118773070322
 20
-583.4649271766058
 10
429.1118773070322
 20
-583.4649271766058
 10
429.5152064330493
 20
-582.1849745419966
 10
430.8849540493326
 20
-581.4718527292058
 10
432.1645325381848
 20
-581.8748077094658
 10
432.7846791303692
 20
-582.0701117946039
 10
433.2916466310688
 20
-582.4951413745266
 10
433.5920856739215
 20
-583.0716999860269
 10
433.8925247167696
 20
-583.6482585975233
 10
433.9505173091
 20
-584.3071292755545
 10
433.7552132239618
 20
-584.9274629406184
 10
433.55990913882
 20
-585.5474224599227
 10
433.1346924860204
 20
-586.0543899606223
 10
432.5581338745207
 20
-586.354829003475
 10
432.2058756443303
 20
-586.5385345701459
 10
431.8225633163103
 20
-586.6313227178759
 10
431.4362578222343
 20
-586.6313227178759
 97
        0
 97
        1
330
15C
 75
     2
 76
     1
 98
        1
 10
0.0
 20
0.0
450
        0
451
        0
460
0.0
461
0.0
452
        0
462
0.0
453
        0
470

  0
ENDBLK
  5
152
330
14F
100
AcDbEntity
  8
0
100
AcDbBlockEnd
  0
BLOCK
  5
155
330
153
100
AcDbEntity
  8
0
100
AcDbBlockBegin
  2
Block_23
 70
     0
 10
0.0
 20
0.0
 30
0.0
  3
Block_23
  1

  0
SPLINE
  5
157
330
153
100
AcDbEntity
  8
Guides
100
AcDbSpline
210
0.0
220
0.0
230
1.0
 70
     9
 71
     3
 72
    29
 73
    25
 74
     0
 42
0.0000000001
 43
0.0000000001
 40
0.0
 40
0.0
 40
0.0
 40
0.0
 40
1.0
 40
1.0
 40
1.0
 40
2.0
 40
2.0
 40
2.0
 40
3.0
 40
3.0
 40
3.0
 40
4.0
 40
4.0
 40
4.0
 40
5.0
 40
5.0
 40
5.0
 40
6.0
 40
6.0
 40
6.0
 40
7.0
 40
7.0
 40
7.0
 40
8.0
 40
8.0
 40
8.0
 40
8.0
 10
417.9058398968045
 20
-580.0665446007964
 30
0.0
 10
416.7787338451121
 20
-577.9032399545267
 30
0.0
 10
416.5600348773398
 20
-575.4305226699886
 30
0.0
 10
417.2899860151232
 20
-573.1044372620441
 30
0.0
 10
417.3915732682458
 20
-572.7812011781386
 30
0.0
 10
417.2114163062115
 20
-572.4366055022284
 30
0.0
 10
416.8879649038427
 20
-572.3348029306392
 30
0.0
 10
416.5649010747114
 20
-572.2338185692254
 30
0.0
 10
416.219573316008
 20
-572.4130065981544
 30
0.0
 10
416.1181798495084
 20
-572.7370178285422
 30
0.0
 10
415.2901942133209
 20
-575.3755303333059
 30
0.0
 10
415.5382410882589
 20
-578.1800964404626
 30
0.0
 10
416.8166944909909
 20
-580.6337795724427
 30
0.0
 10
418.6636747761743
 20
-584.1787828267648
 30
0.0
 10
422.2844701311719
 20
-586.2119059273851
 30
0.0
 10
426.0268558249501
 20
-586.2115183541442
 30
0.0
 10
426.6683326043036
 20
-586.2115183541442
 30
0.0
 10
427.3129315014426
 20
-586.1475687691999
 30
0.0
 10
427.9529871789052
 20
-586.0240620960537
 30
0.0
 10
427.759308217097
 20
-585.6552646243577
 30
0.0
 10
427.6267797001488
 20
-585.2555474206797
 30
0.0
 10
427.5570811121128
 20
-584.8409301790298
 30
0.0
 10
423.7500568142895
 20
-585.4944647925817
 30
0.0
 10
419.7859146304944
 20
-583.6750668031291
 30
0.0
 10
417.9058398968045
 20
-580.0665446007964
 30
0.0
  0
HATCH
  5
158
330
153
100
AcDbEntity
  8
Guides
 62
   254
420
 14869218
440
 33554687
100
AcDbHatch
 10
0.0
 20
0.0
 30
0.0
210
0.0
220
0.0
230
1.0
  2
SOLID
 70
     1
 71
     1
 91
        1
 92
        1
 93
        1
 72
     4
 94
        3
 73
     0
 74
     0
 95
       29
 96
       25
 40
0.0
 40
0.0
 40
0.0
 40
0.0
 40
1.0
 40
1.0
 40
1.0
 40
2.0
 40
2.0
 40
2.0
 40
3.0
 40
3.0
 40
3.0
 40
4.0
 40
4.0
 40
4.0
 40
5.0
 40
5.0
 40
5.0
 40
6.0
 40
6.0
 40
6.0
 40
7.0
 40
7.0
 40
7.0
 40
8.0
 40
8.0
 40
8.0
 40
8.0
 10
417.9058398968045
 20
-580.0665446007964
 10
416.7787338451121
 20
-577.9032399545267
 10
416.5600348773398
 20
-575.4305226699886
 10
417.2899860151232
 20
-573.1044372620441
 10
417.3915732682458
 20
-572.7812011781386
 10
417.2114163062115
 20
-572.4366055022284
 10
416.8879649038427
 20
-572.3348029306392
 10
416.5649010747114
 20
-572.2338185692254
 10
416.219573316008
 20
-572.4130065981544
 10
416.1181798495084
 20
-572.7370178285422
 10
415.2901942133209
 20
-575.3755303333059
 10
415.5382410882589
 20
-578.1800964404626
 10
416.8166944909909
 20
-580.6337795724427
 10
418.6636747761743
 20
-584.1787828267648
 10
422.2844701311719
 20
-586.2119059273851
 10
426.0268558249501
 20
-586.2115183541442
 10
426.6683326043036
 20
-586.2115183541442
 10
427.3129315014426
 20
-586.1475687691999
 10
427.9529871789052
 20
-586.0240620960537
 10
427.759308217097
 20
-585.6552646243577
 10
427.6267797001488
 20
-585.2555474206797
 10
427.5570811121128
 20
-584.8409301790298
 10
423.7500568142895
 20
-585.4944647925817
 10
419.7859146304944
 20
-583.6750668031291
 10
417.9058398968045
 20
-580.0665446007964
 97
        0
 97
        1
330
157
 75
     2
 76
     1
 98
        1
 10
0.0
 20
0.0
450
        0
451
        0
460
0.0
461
0.0
452
        0
462
0.0
453
        0
470

  0
SPLINE
  5
159
330
153
100
AcDbEntity
  8
Guides
100
AcDbSpline
210
0.0
220
0.0
230
1.0
 70
     9
 71
     3
 72
    26
 73
    22
 74
     0
 42
0.0000000001
 43
0.0000000001
 40
0.0
 40
0.0
 40
0.0
 40
0.0
 40
1.0
 40
1.0
 40
1.0
 40
2.0
 40
2.0
 40
2.0
 40
3.0
 40
3.0
 40
3.0
 40
4.0
 40
4.0
 40
4.0
 40
5.0
 40
5.0
 40
5.0
 40
6.0
 40
6.0
 40
6.0
 40
7.0
 40
7.0
 40
7.0
 40
7.0
 10
434.5104680529188
 20
-581.7448228664359
 30
0.0
 10
436.6213211204243
 20
-578.6842861647289
 30
0.0
 10
437.0217919387398
 20
-574.5861728302499
 30
0.0
 10
435.1861374049615
 20
-571.0631320596445
 30
0.0
 10
432.5448472919614
 20
-565.9934156709399
 30
0.0
 10
426.2762161425418
 20
-564.0161031171807
 30
0.0
 10
421.2112367601275
 20
-566.6553046410416
 30
0.0
 10
420.9106091153465
 20
-566.8117119760719
 30
0.0
 10
420.7936911873153
 20
-567.1824903776738
 30
0.0
 10
420.9504430318941
 20
-567.4832902772291
 30
0.0
 10
421.1074101949395
 20
-567.7844777500252
 30
0.0
 10
421.4778010233007
 20
-567.9023430793169
 30
0.0
 10
421.7788162413224
 20
-567.7440409417696
 30
0.0
 10
426.2431216940385
 20
-565.4183431070626
 30
0.0
 10
431.7686888109827
 20
-567.1619059321476
 30
0.0
 10
434.0969919991478
 20
-571.6303239675986
 30
0.0
 10
435.6880232216253
 20
-574.684056605724
 30
0.0
 10
435.3734214082816
 20
-578.227681821852
 30
0.0
 10
433.5939865264533
 20
-580.910291548827
 30
0.0
 10
433.9414674698375
 20
-581.1379692967091
 30
0.0
 10
434.2509877673385
 20
-581.4177971775004
 30
0.0
 10
434.5104680529188
 20
-581.7448228664359
 30
0.0
  0
HATCH
  5
15A
330
153
100
AcDbEntity
  8
Guides
 62
   254
420
 14869218
440
 33554687
100
AcDbHatch
 10
0.0
 20
0.0
 30
0.0
210
0.0
220
0.0
230
1.0
  2
SOLID
 70
     1
 71
     1
 91
        1
 92
        1
 93
        1
 72
     4
 94
        3
 73
     0
 74
     0
 95
       26
 96
       22
 40
0.0
 40
0.0
 40
0.0
 40
0.0
 40
1.0
 40
1.0
 40
1.0
 40
2.0
 40
2.0
 40
2.0
 40
3.0
 40
3.0
 40
3.0
 40
4.0
 40
4.0
 40
4.0
 40
5.0
 40
5.0
 40
5.0
 40
6.0
 40
6.0
 40
6.0
 40
7.0
 40
7.0
 40
7.0
 40
7.0
 10
434.5104680529188
 20
-581.7448228664359
 10
436.6213211204243
 20
-578.6842861647289
 10
437.0217919387398
 20
-574.5861728302499
 10
435.1861374049615
 20
-571.0631320596445
 10
432.5448472919614
 20
-565.9934156709399
 10
426.2762161425418
 20
-564.0161031171807
 10
421.2112367601275
 20
-566.6553046410416
 10
420.9106091153465
 20
-566.8117119760719
 10
420.7936911873153
 20
-567.1824903776738
 10
420.9504430318941
 20
-567.4832902772291
 10
421.1074101949395
 20
-567.7844777500252
 10
421.4778010233007
 20
-567.9023430793169
 10
421.7788162413224
 20
-567.7440409417696
 10
426.2431216940385
 20
-565.4183431070626
 10
431.7686888109827
 20
-567.1619059321476
 10
434.0969919991478
 20
-571.6303239675986
 10
435.6880232216253
 20
-574.684056605724
 10
435.3734214082816
 20
-578.227681821852
 10
433.5939865264533
 20
-580.910291548827
 10
433.9414674698375
 20
-581.1379692967091
 10
434.2509877673385
 20
-581.4177971775004
 10
434.5104680529188
 20
-581.7448228664359
 97
        0
 97
        1
330
159
 75
     2
 76
     1
 98
        1
 10
0.0
 20
0.0
450
        0
451
        0
460
0.0
461
0.0
452
        0
462
0.0
453
        0
470

  0
ENDBLK
  5
156
330
153
100
AcDbEntity
  8
0
100
AcDbBlockEnd
  0
BLOCK
  5
160
330
15E
100
AcDbEntity
  8
0
100
AcDbBlockBegin
  2
Block_24
 70
     0
 10
0.0
 20
0.0
 30
0.0
  3
Block_24
  1

  0
LWPOLYLINE
  5
162
330
15E
100
AcDbEntity
  8
Guides
100
AcDbPolyline
 90
        3
 70
     1
 43
0.0
 10
428.0828888105472
 20
-579.1542402526099
 10
429.6186262504863
 20
-581.6807440904102
 10
428.0828888105472
 20
-579.1542402526099
  0
HATCH
  5
163
330
15E
100
AcDbEntity
  8
Guides
 62
   254
420
 14869218
440
 33554687
100
AcDbHatch
 10
0.0
 20
0.0
 30
0.0
210
0.0
220
0.0
230
1.0
  2
SOLID
 70
     1
 71
     1
 91
        1
 92
        1
 93
        2
 72
     1
 10
428.0828888105472
 20
-579.1542402526099
 11
429.6186262504863
 21
-581.6807440904102
 72
     1
 10
429.6186262504863
 20
-581.6807440904102
 11
428.0828888105472
 21
-579.1542402526099
 97
        1
330
162
 75
     2
 76
     1
 98
        1
 10
0.0
 20
0.0
450
        0
451
        0
460
0.0
461
0.0
452
        0
462
0.0
453
        0
470

  0
LWPOLYLINE
  5
164
330
15E
100
AcDbEntity
  8
Guides
100
AcDbPolyline
 90
        3
 70
     1
 43
0.0
 10
424.0251907524796
 20
-572.4788079219226
 10
422.4909174781235
 20
-569.9547156509582
 10
424.0251907524796
 20
-572.4788079219226
  0
HATCH
  5
165
330
15E
100
AcDbEntity
  8
Guides
 62
   254
420
 14869218
440
 33554687
100
AcDbHatch
 10
0.0
 20
0.0
 30
0.0
210
0.0
220
0.0
230
1.0
  2
SOLID
 70
     1
 71
     1
 91
        1
 92
        1
 93
        2
 72
     1
 10
424.0251907524796
 20
-572.4788079219226
 11
422.4909174781235
 21
-569.9547156509582
 72
     1
 10
422.4909174781235
 20
-569.9547156509582
 11
424.0251907524796
 21
-572.4788079219226
 97
        1
330
164
 75
     2
 76
     1
 98
        1
 10
0.0
 20
0.0
450
        0
451
        0
460
0.0
461
0.0
452
        0
462
0.0
453
        0
470

  0
SPLINE
  5
166
330
15E
100
AcDbEntity
  8
Guides
100
AcDbSpline
210
0.0
220
0.0
230
1.0
 70
     9
 71
     3
 72
    20
 73
    16
 74
     0
 42
0.0000000001
 43
0.0000000001
 40
0.0
 40
0.0
 40
0.0
 40
0.0
 40
1.0
 40
1.0
 40
1.0
 40
2.0
 40
2.0
 40
2.0
 40
3.0
 40
3.0
 40
3.0
 40
4.0
 40
4.0
 40
4.0
 40
5.0
 40
5.0
 40
5.0
 40
5.0
 10
424.8818783404273
 20
-579.5945234556248
 30
0.0
 10
424.8818783404273
 20
-579.5945234556248
 30
0.0
 10
424.2531699462179
 20
-582.4839681027961
 30
0.0
 10
424.2531699462179
 20
-582.4839681027961
 30
0.0
 10
424.527485674229
 20
-582.5558414073566
 30
0.0
 10
424.8083470836659
 20
-582.6135898204306
 30
0.0
 10
425.0967231076256
 20
-582.6519165077021
 30
0.0
 10
426.735555029959
 20
-582.8698187971443
 30
0.0
 10
428.3159064564321
 20
-582.4899108925102
 30
0.0
 10
429.6186262504863
 20
-581.6807440904102
 30
0.0
 10
429.6186262504863
 20
-581.6807440904102
 30
0.0
 10
428.0828888105472
 20
-579.1542402526099
 30
0.0
 10
428.0828888105472
 20
-579.1542402526099
 30
0.0
 10
427.0953952533933
 20
-579.7767690067947
 30
0.0
 10
425.929015113169
 20
-579.9067352339737
 30
0.0
 10
424.8818783404273
 20
-579.5945234556248
 30
0.0
  0
HATCH
  5
167
330
15E
100
AcDbEntity
  8
Guides
 62
   254
420
 14869218
440
 33554687
100
AcDbHatch
 10
0.0
 20
0.0
 30
0.0
210
0.0
220
0.0
230
1.0
  2
SOLID
 70
     1
 71
     1
 91
        1
 92
        1
 93
        1
 72
     4
 94
        3
 73
     0
 74
     0
 95
       20
 96
       16
 40
0.0
 40
0.0
 40
0.0
 40
0.0
 40
1.0
 40
1.0
 40
1.0
 40
2.0
 40
2.0
 40
2.0
 40
3.0
 40
3.0
 40
3.0
 40
4.0
 40
4.0
 40
4.0
 40
5.0
 40
5.0
 40
5.0
 40
5.0
 10
424.8818783404273
 20
-579.5945234556248
 10
424.8818783404273
 20
-579.5945234556248
 10
424.2531699462179
 20
-582.4839681027961
 10
424.2531699462179
 20
-582.4839681027961
 10
424.527485674229
 20
-582.5558414073566
 10
424.8083470836659
 20
-582.6135898204306
 10
425.0967231076256
 20
-582.6519165077021
 10
426.735555029959
 20
-582.8698187971443
 10
428.3159064564321
 20
-582.4899108925102
 10
429.6186262504863
 20
-581.6807440904102
 10
429.6186262504863
 20
-581.6807440904102
 10
428.0828888105472
 20
-579.1542402526099
 10
428.0828888105472
 20
-579.1542402526099
 10
427.0953952533933
 20
-579.7767690067947
 10
425.929015113169
 20
-579.9067352339737
 10
424.8818783404273
 20
-579.5945234556248
 97
        0
 97
        1
330
166
 75
     2
 76
     1
 98
        1
 10
0.0
 20
0.0
450
        0
451
        0
460
0.0
461
0.0
452
        0
462
0.0
453
        0
470

  0
SPLINE
  5
168
330
15E
100
AcDbEntity
  8
Guides
100
AcDbSpline
210
0.0
220
0.0
230
1.0
 70
     9
 71
     3
 72
    26
 73
    22
 74
     0
 42
0.0000000001
 43
0.0000000001
 40
0.0
 40
0.0
 40
0.0
 40
0.0
 40
1.0
 40
1.0
 40
1.0
 40
2.0
 40
2.0
 40
2.0
 40
3.0
 40
3.0
 40
3.0
 40
4.0
 40
4.0
 40
4.0
 40
5.0
 40
5.0
 40
5.0
 40
6.0
 40
6.0
 40
6.0
 40
7.0
 40
7.0
 40
7.0
 40
7.0
 10
422.7781307823595
 20
-578.064168977384
 30
0.0
 10
421.5547558436992
 20
-576.2841742675406
 30
0.0
 10
422.0059987567298
 20
-573.8493530333403
 30
0.0
 10
423.7860580621103
 20
-572.6259996265281
 30
0.0
 10
423.8640894748512
 20
-572.5723422643473
 30
0.0
 10
423.9448123684393
 20
-572.5260057300706
 30
0.0
 10
424.0251907524796
 20
-572.4788079219226
 30
0.0
 10
424.0251907524796
 20
-572.4788079219226
 30
0.0
 10
422.4909174781235
 20
-569.9547156509582
 30
0.0
 10
422.4909174781235
 20
-569.9547156509582
 30
0.0
 10
420.7523285096473
 20
-570.9915602009403
 30
0.0
 10
419.4861267277367
 20
-572.7825792163327
 30
0.0
 10
419.1986119776445
 20
-574.9449795250387
 30
0.0
 10
418.737464415099
 20
-578.4135447232812
 30
0.0
 10
420.9538450636864
 20
-581.61890462645
 30
0.0
 10
424.2531699462179
 20
-582.4839681027961
 30
0.0
 10
424.2531699462179
 20
-582.4839681027961
 30
0.0
 10
424.8818783404273
 20
-579.5945234556248
 30
0.0
 10
424.8818783404273
 20
-579.5945234556248
 30
0.0
 10
424.0556583156792
 20
-579.3481560647365
 30
0.0
 10
423.3044983088134
 20
-578.830056767448
 30
0.0
 10
422.7781307823595
 20
-578.064168977384
 30
0.0
  0
HATCH
  5
169
330
15E
100
AcDbEntity
  8
Guides
 62
   254
420
 14869218
440
 33554687
100
AcDbHatch
 10
0.0
 20
0.0
 30
0.0
210
0.0
220
0.0
230
1.0
  2
SOLID
 70
     1
 71
     1
 91
        1
 92
        1
 93
        1
 72
     4
 94
        3
 73
     0
 74
     0
 95
       26
 96
       22
 40
0.0
 40
0.0
 40
0.0
 40
0.0
 40
1.0
 40
1.0
 40
1.0
 40
2.0
 40
2.0
 40
2.0
 40
3.0
 40
3.0
 40
3.0
 40
4.0
 40
4.0
 40
4.0
 40
5.0
 40
5.0
 40
5.0
 40
6.0
 40
6.0
 40
6.0
 40
7.0
 40
7.0
 40
7.0
 40
7.0
 10
422.7781307823595
 20
-578.064168977384
 10
421.5547558436992
 20
-576.2841742675406
 10
422.0059987567298
 20
-573.8493530333403
 10
423.7860580621103
 20
-572.6259996265281
 10
423.8640894748512
 20
-572.5723422643473
 10
423.9448123684393
 20
-572.5260057300706
 10
424.0251907524796
 20
-572.4788079219226
 10
424.0251907524796
 20
-572.4788079219226
 10
422.4909174781235
 20
-569.9547156509582
 10
422.4909174781235
 20
-569.9547156509582
 10
420.7523285096473
 20
-570.9915602009403
 10
419.4861267277367
 20
-572.7825792163327
 10
419.1986119776445
 20
-574.9449795250387
 10
418.737464415099
 20
-578.4135447232812
 10
420.9538450636864
 20
-581.61890462645
 10
424.2531699462179
 20
-582.4839681027961
 10
424.2531699462179
 20
-582.4839681027961
 10
424.8818783404273
 20
-579.5945234556248
 10
424.8818783404273
 20
-579.5945234556248
 10
424.0556583156792
 20
-579.3481560647365
 10
423.3044983088134
 20
-578.830056767448
 10
422.7781307823595
 20
-578.064168977384
 97
        0
 97
        1
330
168
 75
     2
 76
     1
 98
        1
 10
0.0
 20
0.0
450
        0
451
        0
460
0.0
461
0.0
452
        0
462
0.0
453
        0
470

  0
SPLINE
  5
16A
330
15E
100
AcDbEntity
  8
Guides
100
AcDbSpline
210
0.0
220
0.0
230
1.0
 70
     9
 71
     3
 72
    29
 73
    25
 74
     0
 42
0.0000000001
 43
0.0000000001
 40
0.0
 40
0.0
 40
0.0
 40
0.0
 40
1.0
 40
1.0
 40
1.0
 40
2.0
 40
2.0
 40
2.0
 40
3.0
 40
3.0
 40
3.0
 40
4.0
 40
4.0
 40
4.0
 40
5.0
 40
5.0
 40
5.0
 40
6.0
 40
6.0
 40
6.0
 40
7.0
 40
7.0
 40
7.0
 40
8.0
 40
8.0
 40
8.0
 40
8.0
 10
426.9055274284631
 20
-569.046889926902
 30
0.0
 10
425.3110726423491
 20
-568.8349304271739
 30
0.0
 10
423.7728159763402
 20
-569.1902058990884
 30
0.0
 10
422.4909174781235
 20
-569.9547156509582
 30
0.0
 10
422.4909174781235
 20
-569.9547156509582
 30
0.0
 10
424.0251907524796
 20
-572.4788079219226
 30
0.0
 10
424.0251907524796
 20
-572.4788079219226
 30
0.0
 10
425.7786582270865
 20
-571.4488104992182
 30
0.0
 10
428.0544883046426
 20
-571.9318990136392
 30
0.0
 10
429.2242489448105
 20
-573.6339053744308
 30
0.0
 10
430.4476454153157
 20
-575.4139431479664
 30
0.0
 10
429.996380970444
 20
-577.8487213184745
 30
0.0
 10
428.2163431969084
 20
-579.0721177889791
 30
0.0
 10
428.1728058027121
 20
-579.1020039923155
 30
0.0
 10
428.1271798193814
 20
-579.1262919154864
 30
0.0
 10
428.0828888105472
 20
-579.1542402526099
 30
0.0
 10
428.0828888105472
 20
-579.1542402526099
 30
0.0
 10
429.6186262504863
 20
-581.6807440904102
 30
0.0
 10
429.6186262504863
 20
-581.6807440904102
 30
0.0
 10
431.3022659459728
 20
-580.6348992284775
 30
0.0
 10
432.5220235343736
 20
-578.8719146775937
 30
0.0
 10
432.8036385584447
 20
-576.7538269095693
 30
0.0
 10
433.303112808265
 20
-572.9968641555152
 30
0.0
 10
430.6624471188209
 20
-569.5463857085709
 30
0.0
 10
426.9055274284631
 20
-569.046889926902
 30
0.0
  0
HATCH
  5
16B
330
15E
100
AcDbEntity
  8
Guides
 62
   254
420
 14869218
440
 33554687
100
AcDbHatch
 10
0.0
 20
0.0
 30
0.0
210
0.0
220
0.0
230
1.0
  2
SOLID
 70
     1
 71
     1
 91
        1
 92
        1
 93
        1
 72
     4
 94
        3
 73
     0
 74
     0
 95
       29
 96
       25
 40
0.0
 40
0.0
 40
0.0
 40
0.0
 40
1.0
 40
1.0
 40
1.0
 40
2.0
 40
2.0
 40
2.0
 40
3.0
 40
3.0
 40
3.0
 40
4.0
 40
4.0
 40
4.0
 40
5.0
 40
5.0
 40
5.0
 40
6.0
 40
6.0
 40
6.0
 40
7.0
 40
7.0
 40
7.0
 40
8.0
 40
8.0
 40
8.0
 40
8.0
 10
426.9055274284631
 20
-569.046889926902
 10
425.3110726423491
 20
-568.8349304271739
 10
423.7728159763402
 20
-569.1902058990884
 10
422.4909174781235
 20
-569.9547156509582
 10
422.4909174781235
 20
-569.9547156509582
 10
424.0251907524796
 20
-572.4788079219226
 10
424.0251907524796
 20
-572.4788079219226
 10
425.7786582270865
 20
-571.4488104992182
 10
428.0544883046426
 20
-571.9318990136392
 10
429.2242489448105
 20
-573.6339053744308
 10
430.4476454153157
 20
-575.4139431479664
 10
429.996380970444
 20
-577.8487213184745
 10
428.2163431969084
 20
-579.0721177889791
 10
428.1728058027121
 20
-579.1020039923155
 10
428.1271798193814
 20
-579.1262919154864
 10
428.0828888105472
 20
-579.1542402526099
 10
428.0828888105472
 20
-579.1542402526099
 10
429.6186262504863
 20
-581.6807440904102
 10
429.6186262504863
 20
-581.6807440904102
 10
431.3022659459728
 20
-580.6348992284775
 10
432.5220235343736
 20
-578.8719146775937
 10
432.8036385584447
 20
-576.7538269095693
 10
433.303112808265
 20
-572.9968641555152
 10
430.6624471188209
 20
-569.5463857085709
 10
426.9055274284631
 20
-569.046889926902
 97
        0
 97
        1
330
16A
 75
     2
 76
     1
 98
        1
 10
0.0
 20
0.0
450
        0
451
        0
460
0.0
461
0.0
452
        0
462
0.0
453
        0
470

  0
LWPOLYLINE
  5
16C
330
15E
100
AcDbEntity
  8
Guides
100
AcDbPolyline
 90
        3
 70
     1
 43
0.0
 10
425.7962066822126
 20
-575.3923251737985
 10
425.7961636185203
 20
-575.3922821101024
 10
425.7962066822126
 20
-575.3923251737985
  0
HATCH
  5
16D
330
15E
100
AcDbEntity
  8
Guides
 62
   254
420
 14869218
440
 33554687
100
AcDbHatch
 10
0.0
 20
0.0
 30
0.0
210
0.0
220
0.0
230
1.0
  2
SOLID
 70
     1
 71
     1
 91
        1
 92
        1
 93
        2
 72
     1
 10
425.7962066822126
 20
-575.3923251737985
 11
425.7961636185203
 21
-575.3922821101024
 72
     1
 10
425.7961636185203
 20
-575.3922821101024
 11
425.7962066822126
 21
-575.3923251737985
 97
        1
330
16C
 75
     2
 76
     1
 98
        1
 10
0.0
 20
0.0
450
        0
451
        0
460
0.0
461
0.0
452
        0
462
0.0
453
        0
470

  0
ENDBLK
  5
161
330
15E
100
AcDbEntity
  8
0
100
AcDbBlockEnd
  0
BLOCK
  5
170
330
16E
100
AcDbEntity
  8
0
100
AcDbBlockBegin
  2
Block_25
 70
     0
 10
0.0
 20
0.0
 30
0.0
  3
Block_25
  1

  0
INSERT
  5
173
330
16E
100
AcDbEntity
  8
Guides
100
AcDbBlockReference
  2
Block_26
 10
0.0
 20
0.0
 30
0.0
  0
INSERT
  5
181
330
16E
100
AcDbEntity
  8
Guides
100
AcDbBlockReference
  2
Block_27
 10
0.0
 20
0.0
 30
0.0
  0
INSERT
  5
190
330
16E
100
AcDbEntity
  8
Guides
100
AcDbBlockReference
  2
Block_29
 10
0.0
 20
0.0
 30
0.0
  0
ENDBLK
  5
171
330
16E
100
AcDbEntity
  8
0
100
AcDbBlockEnd
  0
BLOCK
  5
174
330
172
100
AcDbEntity
  8
0
100
AcDbBlockBegin
  2
Block_26
 70
     0
 10
0.0
 20
0.0
 30
0.0
  3
Block_26
  1

  0
SPLINE
  5
176
330
172
100
AcDbEntity
  8
Guides
100
AcDbSpline
210
0.0
220
0.0
230
1.0
 70
     9
 71
     3
 72
    29
 73
    25
 74
     0
 42
0.0000000001
 43
0.0000000001
 40
0.0
 40
0.0
 40
0.0
 40
0.0
 40
1.0
 40
1.0
 40
1.0
 40
2.0
 40
2.0
 40
2.0
 40
3.0
 40
3.0
 40
3.0
 40
4.0
 40
4.0
 40
4.0
 40
5.0
 40
5.0
 40
5.0
 40
6.0
 40
6.0
 40
6.0
 40
7.0
 40
7.0
 40
7.0
 40
8.0
 40
8.0
 40
8.0
 40
8.0
 10
233.3946288569208
 20
-564.0172903898953
 30
0.0
 10
233.3370104103475
 20
-564.0172903898953
 30
0.0
 10
233.2872490246695
 20
-564.0056918714326
 30
0.0
 10
233.2374876389922
 20
-563.9866104378259
 30
0.0
 10
233.1877262533148
 20
-563.9637875466498
 30
0.0
 10
233.1417063252062
 20
-563.936849052146
 30
0.0
 10
233.1033563851172
 20
-563.8986861849365
 30
0.0
 10
233.0268435778156
 20
-563.8182448471878
 30
0.0
 10
232.9845651072776
 20
-563.7183479300748
 30
0.0
 10
232.9845651072776
 20
-563.6076007860093
 30
0.0
 10
232.9845651072776
 20
-563.5002209537568
 30
0.0
 10
233.0268435778156
 20
-563.3928411215075
 30
0.0
 10
233.1033563851172
 20
-563.3161412413283
 30
0.0
 10
233.2565690725976
 20
-563.1668570842967
 30
0.0
 10
233.5285730379181
 20
-563.1631156267229
 30
0.0
 10
233.6819727982772
 20
-563.3161412413283
 30
0.0
 10
233.7584856055789
 20
-563.3928411215075
 30
0.0
 10
233.8007640761169
 20
-563.5002209537568
 30
0.0
 10
233.8007640761169
 20
-563.6076007860093
 30
0.0
 10
233.8007640761169
 20
-563.7183479300748
 30
0.0
 10
233.7584856055789
 20
-563.8182448471878
 30
0.0
 10
233.6819727982772
 20
-563.8986861849365
 30
0.0
 10
233.6052729180974
 20
-563.9753860651165
 30
0.0
 10
233.5018216162944
 20
-564.0172903898953
 30
0.0
 10
233.3946288569208
 20
-564.0172903898953
 30
0.0
  0
HATCH
  5
177
330
172
100
AcDbEntity
  8
Guides
 62
   254
420
 14869218
440
 33554687
100
AcDbHatch
 10
0.0
 20
0.0
 30
0.0
210
0.0
220
0.0
230
1.0
  2
SOLID
 70
     1
 71
     1
 91
        1
 92
        1
 93
        1
 72
     4
 94
        3
 73
     0
 74
     0
 95
       29
 96
       25
 40
0.0
 40
0.0
 40
0.0
 40
0.0
 40
1.0
 40
1.0
 40
1.0
 40
2.0
 40
2.0
 40
2.0
 40
3.0
 40
3.0
 40
3.0
 40
4.0
 40
4.0
 40
4.0
 40
5.0
 40
5.0
 40
5.0
 40
6.0
 40
6.0
 40
6.0
 40
7.0
 40
7.0
 40
7.0
 40
8.0
 40
8.0
 40
8.0
 40
8.0
 10
233.3946288569208
 20
-564.0172903898953
 10
233.3370104103475
 20
-564.0172903898953
 10
233.2872490246695
 20
-564.0056918714326
 10
233.2374876389922
 20
-563.9866104378259
 10
233.1877262533148
 20
-563.9637875466498
 10
233.1417063252062
 20
-563.936849052146
 10
233.1033563851172
 20
-563.8986861849365
 10
233.0268435778156
 20
-563.8182448471878
 10
232.9845651072776
 20
-563.7183479300748
 10
232.9845651072776
 20
-563.6076007860093
 10
232.9845651072776
 20
-563.5002209537568
 10
233.0268435778156
 20
-563.3928411215075
 10
233.1033563851172
 20
-563.3161412413283
 10
233.2565690725976
 20
-563.1668570842967
 10
233.5285730379181
 20
-563.1631156267229
 10
233.6819727982772
 20
-563.3161412413283
 10
233.7584856055789
 20
-563.3928411215075
 10
233.8007640761169
 20
-563.5002209537568
 10
233.8007640761169
 20
-563.6076007860093
 10
233.8007640761169
 20
-563.7183479300748
 10
233.7584856055789
 20
-563.8182448471878
 10
233.6819727982772
 20
-563.8986861849365
 10
233.6052729180974
 20
-563.9753860651165
 10
233.5018216162944
 20
-564.0172903898953
 10
233.3946288569208
 20
-564.0172903898953
 97
        0
 97
        1
330
176
 75
     2
 76
     1
 98
        1
 10
0.0
 20
0.0
450
        0
451
        0
460
0.0
461
0.0
452
        0
462
0.0
453
        0
470

  0
SPLINE
  5
178
330
172
100
AcDbEntity
  8
Guides
100
AcDbSpline
210
0.0
220
0.0
230
1.0
 70
     9
 71
     3
 72
    32
 73
    28
 74
     0
 42
0.0000000001
 43
0.0000000001
 40
0.0
 40
0.0
 40
0.0
 40
0.0
 40
1.0
 40
1.0
 40
1.0
 40
2.0
 40
2.0
 40
2.0
 40
3.0
 40
3.0
 40
3.0
 40
4.0
 40
4.0
 40
4.0
 40
5.0
 40
5.0
 40
5.0
 40
6.0
 40
6.0
 40
6.0
 40
7.0
 40
7.0
 40
7.0
 40
8.0
 40
8.0
 40
8.0
 40
9.0
 40
9.0
 40
9.0
 40
9.0
 10
223.0201203933723
 20
-569.2652406971063
 30
0.0
 10
222.817146320214
 20
-569.1694593833242
 30
0.0
 10
222.7290349944471
 20
-568.924019766746
 30
0.0
 10
222.8248163082323
 20
-568.7212327664678
 30
0.0
 10
222.8248163082323
 20
-568.7212327664678
 30
0.0
 10
222.8248163082323
 20
-568.7212327664678
 30
0.0
 10
222.8248163082323
 20
-568.7212327664678
 30
0.0
 10
222.9243390795871
 20
-568.5180716204293
 30
0.0
 10
223.1695916232832
 20
-568.4297732217835
 30
0.0
 10
223.3725656964416
 20
-568.5255545355694
 30
0.0
 10
223.3725656964416
 20
-568.5255545355694
 30
0.0
 10
223.3725656964416
 20
-568.5255545355694
 30
0.0
 10
223.3725656964416
 20
-568.5255545355694
 30
0.0
 10
223.5757268424793
 20
-568.6213358493547
 30
0.0
 10
223.6638381682463
 20
-568.8667754659298
 30
0.0
 10
223.5641283240134
 20
-569.0695624662112
 30
0.0
 10
223.5641283240134
 20
-569.0695624662112
 30
0.0
 10
223.5641283240134
 20
-569.0695624662112
 30
0.0
 10
223.5641283240134
 20
-569.0695624662112
 30
0.0
 10
223.4952855047294
 20
-569.2192207690003
 30
0.0
 10
223.3495557323879
 20
-569.307145021889
 30
0.0
 10
223.1963430449076
 20
-569.307145021889
 30
0.0
 10
223.1963430449076
 20
-569.307145021889
 30
0.0
 10
223.1963430449076
 20
-569.307145021889
 30
0.0
 10
223.1963430449076
 20
-569.307145021889
 30
0.0
 10
223.1389116712113
 20
-569.307145021889
 30
0.0
 10
223.0775517670687
 20
-569.2918050458525
 30
0.0
 10
223.0201203933723
 20
-569.2652406971063
 30
0.0
  0
HATCH
  5
179
330
172
100
AcDbEntity
  8
Guides
 62
   254
420
 14869218
440
 33554687
100
AcDbHatch
 10
0.0
 20
0.0
 30
0.0
210
0.0
220
0.0
230
1.0
  2
SOLID
 70
     1
 71
     1
 91
        1
 92
        1
 93
        1
 72
     4
 94
        3
 73
     0
 74
     0
 95
       32
 96
       28
 40
0.0
 40
0.0
 40
0.0
 40
0.0
 40
1.0
 40
1.0
 40
1.0
 40
2.0
 40
2.0
 40
2.0
 40
3.0
 40
3.0
 40
3.0
 40
4.0
 40
4.0
 40
4.0
 40
5.0
 40
5.0
 40
5.0
 40
6.0
 40
6.0
 40
6.0
 40
7.0
 40
7.0
 40
7.0
 40
8.0
 40
8.0
 40
8.0
 40
9.0
 40
9.0
 40
9.0
 40
9.0
 10
223.0201203933723
 20
-569.2652406971063
 10
222.817146320214
 20
-569.1694593833242
 10
222.7290349944471
 20
-568.924019766746
 10
222.8248163082323
 20
-568.7212327664678
 10
222.8248163082323
 20
-568.7212327664678
 10
222.8248163082323
 20
-568.7212327664678
 10
222.8248163082323
 20
-568.7212327664678
 10
222.9243390795871
 20
-568.5180716204293
 10
223.1695916232832
 20
-568.4297732217835
 10
223.3725656964416
 20
-568.5255545355694
 10
223.3725656964416
 20
-568.5255545355694
 10
223.3725656964416
 20
-568.5255545355694
 10
223.3725656964416
 20
-568.5255545355694
 10
223.5757268424793
 20
-568.6213358493547
 10
223.6638381682463
 20
-568.8667754659298
 10
223.5641283240134
 20
-569.0695624662112
 10
223.5641283240134
 20
-569.0695624662112
 10
223.5641283240134
 20
-569.0695624662112
 10
223.5641283240134
 20
-569.0695624662112
 10
223.4952855047294
 20
-569.2192207690003
 10
223.3495557323879
 20
-569.307145021889
 10
223.1963430449076
 20
-569.307145021889
 10
223.1963430449076
 20
-569.307145021889
 10
223.1963430449076
 20
-569.307145021889
 10
223.1963430449076
 20
-569.307145021889
 10
223.1389116712113
 20
-569.307145021889
 10
223.0775517670687
 20
-569.2918050458525
 10
223.0201203933723
 20
-569.2652406971063
 97
        0
 97
        1
330
178
 75
     2
 76
     1
 98
        1
 10
0.0
 20
0.0
450
        0
451
        0
460
0.0
461
0.0
452
        0
462
0.0
453
        0
470

  0
SPLINE
  5
17A
330
172
100
AcDbEntity
  8
Guides
100
AcDbSpline
210
0.0
220
0.0
230
1.0
 70
     9
 71
     3
 72
    32
 73
    28
 74
     0
 42
0.0000000001
 43
0.0000000001
 40
0.0
 40
0.0
 40
0.0
 40
0.0
 40
1.0
 40
1.0
 40
1.0
 40
2.0
 40
2.0
 40
2.0
 40
3.0
 40
3.0
 40
3.0
 40
4.0
 40
4.0
 40
4.0
 40
5.0
 40
5.0
 40
5.0
 40
6.0
 40
6.0
 40
6.0
 40
7.0
 40
7.0
 40
7.0
 40
8.0
 40
8.0
 40
8.0
 40
9.0
 40
9.0
 40
9.0
 40
9.0
 10
223.7020575015055
 20
-567.916715434748
 30
0.0
 10
223.5181648619526
 20
-567.7902541688927
 30
0.0
 10
223.4721449338446
 20
-567.5335901796081
 30
0.0
 10
223.6023476572713
 20
-567.3495104671757
 30
0.0
 10
223.6023476572713
 20
-567.3495104671757
 30
0.0
 10
223.6023476572713
 20
-567.3495104671757
 30
0.0
 10
223.6023476572713
 20
-567.3495104671757
 30
0.0
 10
223.7327374535775
 20
-567.1616892971744
 30
0.0
 10
223.9854729124131
 20
-567.1156693690678
 30
0.0
 10
224.1732940824143
 20
-567.2462462382502
 30
0.0
 10
224.1732940824143
 20
-567.2462462382502
 30
0.0
 10
224.1732940824143
 20
-567.2462462382502
 30
0.0
 10
224.1732940824143
 20
-567.2462462382502
 30
0.0
 10
224.3571867219672
 20
-567.3764489616795
 30
0.0
 10
224.4032066500746
 20
-567.6331129509634
 30
0.0
 10
224.2728168537697
 20
-567.8168185176388
 30
0.0
 10
224.2728168537697
 20
-567.8168185176388
 30
0.0
 10
224.2728168537697
 20
-567.8168185176388
 30
0.0
 10
224.2728168537697
 20
-567.8168185176388
 30
0.0
 10
224.1923755160197
 20
-567.9320554107846
 30
0.0
 10
224.0659142501625
 20
-567.993041169174
 30
0.0
 10
223.9394529843052
 20
-567.993041169174
 30
0.0
 10
223.9394529843052
 20
-567.993041169174
 30
0.0
 10
223.9394529843052
 20
-567.993041169174
 30
0.0
 10
223.9394529843052
 20
-567.993041169174
 30
0.0
 10
223.8552701889858
 20
-567.993041169174
 30
0.0
 10
223.7748288512372
 20
-567.9664768204272
 30
0.0
 10
223.7020575015055
 20
-567.916715434748
 30
0.0
  0
HATCH
  5
17B
330
172
100
AcDbEntity
  8
Guides
 62
   254
420
 14869218
440
 33554687
100
AcDbHatch
 10
0.0
 20
0.0
 30
0.0
210
0.0
220
0.0
230
1.0
  2
SOLID
 70
     1
 71
     1
 91
        1
 92
        1
 93
        1
 72
     4
 94
        3
 73
     0
 74
     0
 95
       32
 96
       28
 40
0.0
 40
0.0
 40
0.0
 40
0.0
 40
1.0
 40
1.0
 40
1.0
 40
2.0
 40
2.0
 40
2.0
 40
3.0
 40
3.0
 40
3.0
 40
4.0
 40
4.0
 40
4.0
 40
5.0
 40
5.0
 40
5.0
 40
6.0
 40
6.0
 40
6.0
 40
7.0
 40
7.0
 40
7.0
 40
8.0
 40
8.0
 40
8.0
 40
9.0
 40
9.0
 40
9.0
 40
9.0
 10
223.7020575015055
 20
-567.916715434748
 10
223.5181648619526
 20
-567.7902541688927
 10
223.4721449338446
 20
-567.5335901796081
 10
223.6023476572713
 20
-567.3495104671757
 10
223.6023476572713
 20
-567.3495104671757
 10
223.6023476572713
 20
-567.3495104671757
 10
223.6023476572713
 20
-567.3495104671757
 10
223.7327374535775
 20
-567.1616892971744
 10
223.9854729124131
 20
-567.1156693690678
 10
224.1732940824143
 20
-567.2462462382502
 10
224.1732940824143
 20
-567.2462462382502
 10
224.1732940824143
 20
-567.2462462382502
 10
224.1732940824143
 20
-567.2462462382502
 10
224.3571867219672
 20
-567.3764489616795
 10
224.4032066500746
 20
-567.6331129509634
 10
224.2728168537697
 20
-567.8168185176388
 10
224.2728168537697
 20
-567.8168185176388
 10
224.2728168537697
 20
-567.8168185176388
 10
224.2728168537697
 20
-567.8168185176388
 10
224.1923755160197
 20
-567.9320554107846
 10
224.0659142501625
 20
-567.993041169174
 10
223.9394529843052
 20
-567.993041169174
 10
223.9394529843052
 20
-567.993041169174
 10
223.9394529843052
 20
-567.993041169174
 10
223.9394529843052
 20
-567.993041169174
 10
223.8552701889858
 20
-567.993041169174
 10
223.7748288512372
 20
-567.9664768204272
 10
223.7020575015055
 20
-567.916715434748
 97
        0
 97
        1
330
17A
 75
     2
 76
     1
 98
        1
 10
0.0
 20
0.0
450
        0
451
        0
460
0.0
461
0.0
452
        0
462
0.0
453
        0
470

  0
SPLINE
  5
17C
330
172
100
AcDbEntity
  8
Guides
100
AcDbSpline
210
0.0
220
0.0
230
1.0
 70
     9
 71
     3
 72
    38
 73
    34
 74
     0
 42
0.0000000001
 43
0.0000000001
 40
0.0
 40
0.0
 40
0.0
 40
0.0
 40
1.0
 40
1.0
 40
1.0
 40
2.0
 40
2.0
 40
2.0
 40
3.0
 40
3.0
 40
3.0
 40
4.0
 40
4.0
 40
4.0
 40
5.0
 40
5.0
 40
5.0
 40
6.0
 40
6.0
 40
6.0
 40
7.0
 40
7.0
 40
7.0
 40
8.0
 40
8.0
 40
8.0
 40
9.0
 40
9.0
 40
9.0
 40
10.0
 40
10.0
 40
10.0
 40
11.0
 40
11.0
 40
11.0
 40
11.0
 10
224.5280136009368
 20
-566.7946444682946
 30
0.0
 10
224.3671309254382
 20
-566.633761792792
 30
0.0
 10
224.3632023949893
 20
-566.3770978035113
 30
0.0
 10
224.5242721433674
 20
-566.2120995246823
 30
0.0
 10
224.5242721433674
 20
-566.2120995246823
 30
0.0
 10
224.5242721433674
 20
-566.2120995246823
 30
0.0
 10
224.5242721433674
 20
-566.2120995246823
 30
0.0
 10
224.5242721433674
 20
-566.2120995246823
 30
0.0
 10
224.5242721433674
 20
-566.2120995246823
 30
0.0
 10
224.5242721433674
 20
-566.2120995246823
 30
0.0
 10
224.5242721433674
 20
-566.2120995246823
 30
0.0
 10
224.5242721433674
 20
-566.2120995246823
 30
0.0
 10
224.5242721433674
 20
-566.2120995246823
 30
0.0
 10
224.6812262884171
 20
-566.0512168491838
 30
0.0
 10
224.9418188081499
 20
-566.0512168491838
 30
0.0
 10
225.1027014836485
 20
-566.2083580671162
 30
0.0
 10
225.1027014836485
 20
-566.2083580671162
 30
0.0
 10
225.1027014836485
 20
-566.2083580671162
 30
0.0
 10
225.1027014836485
 20
-566.2083580671162
 30
0.0
 10
225.2635841591472
 20
-566.3654992850447
 30
0.0
 10
225.2675126895961
 20
-566.6259047318955
 30
0.0
 10
225.1066300140974
 20
-566.7867874073973
 30
0.0
 10
225.1066300140974
 20
-566.7867874073973
 30
0.0
 10
225.1066300140974
 20
-566.7867874073973
 30
0.0
 10
225.1066300140974
 20
-566.7867874073973
 30
0.0
 10
225.0260016034693
 20
-566.8713443484738
 30
0.0
 10
224.9227373745439
 20
-566.9095072156833
 30
0.0
 10
224.8153575422927
 20
-566.9095072156833
 30
0.0
 10
224.8153575422927
 20
-566.9095072156833
 30
0.0
 10
224.8153575422927
 20
-566.9095072156833
 30
0.0
 10
224.8153575422927
 20
-566.9095072156833
 30
0.0
 10
224.7119062404891
 20
-566.9095072156833
 30
0.0
 10
224.6084549386854
 20
-566.8713443484738
 30
0.0
 10
224.5280136009368
 20
-566.7946444682946
 30
0.0
  0
HATCH
  5
17D
330
172
100
AcDbEntity
  8
Guides
 62
   254
420
 14869218
440
 33554687
100
AcDbHatch
 10
0.0
 20
0.0
 30
0.0
210
0.0
220
0.0
230
1.0
  2
SOLID
 70
     1
 71
     1
 91
        1
 92
        1
 93
        1
 72
     4
 94
        3
 73
     0
 74
     0
 95
       38
 96
       34
 40
0.0
 40
0.0
 40
0.0
 40
0.0
 40
1.0
 40
1.0
 40
1.0
 40
2.0
 40
2.0
 40
2.0
 40
3.0
 40
3.0
 40
3.0
 40
4.0
 40
4.0
 40
4.0
 40
5.0
 40
5.0
 40
5.0
 40
6.0
 40
6.0
 40
6.0
 40
7.0
 40
7.0
 40
7.0
 40
8.0
 40
8.0
 40
8.0
 40
9.0
 40
9.0
 40
9.0
 40
10.0
 40
10.0
 40
10.0
 40
11.0
 40
11.0
 40
11.0
 40
11.0
 10
224.5280136009368
 20
-566.7946444682946
 10
224.3671309254382
 20
-566.633761792792
 10
224.3632023949893
 20
-566.3770978035113
 10
224.5242721433674
 20
-566.2120995246823
 10
224.5242721433674
 20
-566.2120995246823
 10
224.5242721433674
 20
-566.2120995246823
 10
224.5242721433674
 20
-566.2120995246823
 10
224.5242721433674
 20
-566.2120995246823
 10
224.5242721433674
 20
-566.2120995246823
 10
224.5242721433674
 20
-566.2120995246823
 10
224.5242721433674
 20
-566.2120995246823
 10
224.5242721433674
 20
-566.2120995246823
 10
224.5242721433674
 20
-566.2120995246823
 10
224.6812262884171
 20
-566.0512168491838
 10
224.9418188081499
 20
-566.0512168491838
 10
225.1027014836485
 20
-566.2083580671162
 10
225.1027014836485
 20
-566.2083580671162
 10
225.1027014836485
 20
-566.2083580671162
 10
225.1027014836485
 20
-566.2083580671162
 10
225.2635841591472
 20
-566.3654992850447
 10
225.2675126895961
 20
-566.6259047318955
 10
225.1066300140974
 20
-566.7867874073973
 10
225.1066300140974
 20
-566.7867874073973
 10
225.1066300140974
 20
-566.7867874073973
 10
225.1066300140974
 20
-566.7867874073973
 10
225.0260016034693
 20
-566.8713443484738
 10
224.9227373745439
 20
-566.9095072156833
 10
224.8153575422927
 20
-566.9095072156833
 10
224.8153575422927
 20
-566.9095072156833
 10
224.8153575422927
 20
-566.9095072156833
 10
224.8153575422927
 20
-566.9095072156833
 10
224.7119062404891
 20
-566.9095072156833
 10
224.6084549386854
 20
-566.8713443484738
 10
224.5280136009368
 20
-566.7946444682946
 97
        0
 97
        1
330
17C
 75
     2
 76
     1
 98
        1
 10
0.0
 20
0.0
450
        0
451
        0
460
0.0
461
0.0
452
        0
462
0.0
453
        0
470

  0
SPLINE
  5
17E
330
172
100
AcDbEntity
  8
Guides
100
AcDbSpline
210
0.0
220
0.0
230
1.0
 70
     9
 71
     3
 72
    32
 73
    28
 74
     0
 42
0.0000000001
 43
0.0000000001
 40
0.0
 40
0.0
 40
0.0
 40
0.0
 40
1.0
 40
1.0
 40
1.0
 40
2.0
 40
2.0
 40
2.0
 40
3.0
 40
3.0
 40
3.0
 40
4.0
 40
4.0
 40
4.0
 40
5.0
 40
5.0
 40
5.0
 40
6.0
 40
6.0
 40
6.0
 40
7.0
 40
7.0
 40
7.0
 40
8.0
 40
8.0
 40
8.0
 40
9.0
 40
9.0
 40
9.0
 40
9.0
 10
225.8439570408944
 20
-565.9140014693085
 30
0.0
 10
225.7902671247688
 20
-565.9140014693085
 30
0.0
 10
225.7365772086432
 20
-565.9024029508421
 30
0.0
 10
225.6868158229652
 20
-565.883321517236
 30
0.0
 10
225.6370544372885
 20
-565.8642400836294
 30
0.0
 10
225.5947759667506
 20
-565.8335601315593
 30
0.0
 10
225.5566130995386
 20
-565.7953972643467
 30
0.0
 10
225.4759846889104
 20
-565.7145817808403
 30
0.0
 10
225.4338932912507
 20
-565.6150590094848
 30
0.0
 10
225.4338932912507
 20
-565.5039377196654
 30
0.0
 10
225.4338932912507
 20
-565.39693203317
 30
0.0
 10
225.4799132193593
 20
-565.2932936584876
 30
0.0
 10
225.5566130995386
 20
-565.2165937783084
 30
0.0
 10
225.7098257870201
 20
-565.0635681637062
 30
0.0
 10
225.9779012218918
 20
-565.0635681637062
 30
0.0
 10
226.135042439821
 20
-565.2165937783084
 30
0.0
 10
226.2117423200002
 20
-565.2895522009175
 30
0.0
 10
226.25383371766
 20
-565.39693203317
 30
0.0
 10
226.25383371766
 20
-565.5039377196654
 30
0.0
 10
226.25383371766
 20
-565.6150590094848
 30
0.0
 10
226.2117423200002
 20
-565.7186973841673
 30
0.0
 10
226.135042439821
 20
-565.7953972643467
 30
0.0
 10
226.0966924997307
 20
-565.8335601315593
 30
0.0
 10
226.0506725716234
 20
-565.8642400836294
 30
0.0
 10
226.0009111859454
 20
-565.883321517236
 30
0.0
 10
225.9511498002674
 20
-565.9024029508421
 30
0.0
 10
225.9013884145907
 20
-565.9140014693085
 30
0.0
 10
225.8439570408944
 20
-565.9140014693085
 30
0.0
  0
HATCH
  5
17F
330
172
100
AcDbEntity
  8
Guides
 62
   254
420
 14869218
440
 33554687
100
AcDbHatch
 10
0.0
 20
0.0
 30
0.0
210
0.0
220
0.0
230
1.0
  2
SOLID
 70
     1
 71
     1
 91
        1
 92
        1
 93
        1
 72
     4
 94
        3
 73
     0
 74
     0
 95
       32
 96
       28
 40
0.0
 40
0.0
 40
0.0
 40
0.0
 40
1.0
 40
1.0
 40
1.0
 40
2.0
 40
2.0
 40
2.0
 40
3.0
 40
3.0
 40
3.0
 40
4.0
 40
4.0
 40
4.0
 40
5.0
 40
5.0
 40
5.0
 40
6.0
 40
6.0
 40
6.0
 40
7.0
 40
7.0
 40
7.0
 40
8.0
 40
8.0
 40
8.0
 40
9.0
 40
9.0
 40
9.0
 40
9.0
 10
225.8439570408944
 20
-565.9140014693085
 10
225.7902671247688
 20
-565.9140014693085
 10
225.7365772086432
 20
-565.9024029508421
 10
225.6868158229652
 20
-565.883321517236
 10
225.6370544372885
 20
-565.8642400836294
 10
225.5947759667506
 20
-565.8335601315593
 10
225.5566130995386
 20
-565.7953972643467
 10
225.4759846889104
 20
-565.7145817808403
 10
225.4338932912507
 20
-565.6150590094848
 10
225.4338932912507
 20
-565.5039377196654
 10
225.4338932912507
 20
-565.39693203317
 10
225.4799132193593
 20
-565.2932936584876
 10
225.5566130995386
 20
-565.2165937783084
 10
225.7098257870201
 20
-565.0635681637062
 10
225.9779012218918
 20
-565.0635681637062
 10
226.135042439821
 20
-565.2165937783084
 10
226.2117423200002
 20
-565.2895522009175
 10
226.25383371766
 20
-565.39693203317
 10
226.25383371766
 20
-565.5039377196654
 10
226.25383371766
 20
-565.6150590094848
 10
226.2117423200002
 20
-565.7186973841673
 10
226.135042439821
 20
-565.7953972643467
 10
226.0966924997307
 20
-565.8335601315593
 10
226.0506725716234
 20
-565.8642400836294
 10
226.0009111859454
 20
-565.883321517236
 10
225.9511498002674
 20
-565.9024029508421
 10
225.9013884145907
 20
-565.9140014693085
 10
225.8439570408944
 20
-565.9140014693085
 97
        0
 97
        1
330
17E
 75
     2
 76
     1
 98
        1
 10
0.0
 20
0.0
450
        0
451
        0
460
0.0
461
0.0
452
        0
462
0.0
453
        0
470

  0
ENDBLK
  5
175
330
172
100
AcDbEntity
  8
0
100
AcDbBlockEnd
  0
BLOCK
  5
182
330
180
100
AcDbEntity
  8
0
100
AcDbBlockBegin
  2
Block_27
 70
     0
 10
0.0
 20
0.0
 30
0.0
  3
Block_27
  1

  0
INSERT
  5
185
330
180
100
AcDbEntity
  8
Guides
100
AcDbBlockReference
  2
Block_28
 10
0.0
 20
0.0
 30
0.0
  0
SPLINE
  5
18C
330
180
100
AcDbEntity
  8
Guides
100
AcDbSpline
210
0.0
220
0.0
230
1.0
 70
     9
 71
     3
 72
    26
 73
    22
 74
     0
 42
0.0000000001
 43
0.0000000001
 40
0.0
 40
0.0
 40
0.0
 40
0.0
 40
1.0
 40
1.0
 40
1.0
 40
2.0
 40
2.0
 40
2.0
 40
3.0
 40
3.0
 40
3.0
 40
4.0
 40
4.0
 40
4.0
 40
5.0
 40
5.0
 40
5.0
 40
6.0
 40
6.0
 40
6.0
 40
7.0
 40
7.0
 40
7.0
 40
7.0
 10
235.9640748429409
 20
-581.172621638676
 30
0.0
 10
235.7380908057289
 20
-581.8902332005502
 30
0.0
 10
236.1378655470555
 20
-582.6576061481045
 30
0.0
 10
236.8552900360535
 20
-582.8835901853195
 30
0.0
 10
237.2023102256469
 20
-582.9932148921106
 30
0.0
 10
237.5719662335374
 20
-582.9606642112558
 30
0.0
 10
237.8954152404418
 20
-582.7922986206171
 30
0.0
 10
238.2184901015891
 20
-582.6239330299792
 30
0.0
 10
238.4566338759035
 20
-582.3399564004342
 30
0.0
 10
238.5660715098177
 20
-581.992374992205
 30
0.0
 10
238.6755091437331
 20
-581.6447935839789
 30
0.0
 10
238.6431455357547
 20
-581.2755117218443
 30
0.0
 10
238.4747799451159
 20
-580.9526239335764
 30
0.0
 10
238.3064143544778
 20
-580.6293619995509
 30
0.0
 10
238.0222506520561
 20
-580.3910311523557
 30
0.0
 10
237.6746692438269
 20
-580.2817805913216
 30
0.0
 10
236.9568706090724
 20
-580.0546741168359
 30
0.0
 10
236.1898718072753
 20
-580.4553842225581
 30
0.0
 10
235.9640748429409
 20
-581.1729957844323
 30
0.0
 10
235.9640748429409
 20
-581.1729957844323
 30
0.0
 10
235.9640748429409
 20
-581.172621638676
 30
0.0
 10
235.9640748429409
 20
-581.172621638676
 30
0.0
  0
SPLINE
  5
18D
330
180
100
AcDbEntity
  8
Guides
100
AcDbSpline
210
0.0
220
0.0
230
1.0
 70
     9
 71
     3
 72
    29
 73
    25
 74
     0
 42
0.0000000001
 43
0.0000000001
 40
0.0
 40
0.0
 40
0.0
 40
0.0
 40
1.0
 40
1.0
 40
1.0
 40
2.0
 40
2.0
 40
2.0
 40
3.0
 40
3.0
 40
3.0
 40
4.0
 40
4.0
 40
4.0
 40
5.0
 40
5.0
 40
5.0
 40
6.0
 40
6.0
 40
6.0
 40
7.0
 40
7.0
 40
7.0
 40
8.0
 40
8.0
 40
8.0
 40
8.0
 10
237.2677857331179
 20
-584.0176259747059
 30
0.0
 10
237.022159043664
 20
-584.0176259747059
 30
0.0
 10
236.775035771183
 20
-583.9802113990105
 30
0.0
 10
236.5338988308127
 20
-583.9042598103453
 30
0.0
 10
235.2537591233259
 20
-583.5009306843276
 30
0.0
 10
234.5404502376544
 20
-582.1315572138013
 30
0.0
 10
234.9434052179157
 20
-580.8516045791927
 30
0.0
 10
234.9434052179157
 20
-580.8516045791927
 30
0.0
 10
234.9434052179157
 20
-580.8512304334357
 30
0.0
 10
234.9434052179157
 20
-580.8512304334357
 30
0.0
 10
235.3467343439335
 20
-579.5712777988264
 30
0.0
 10
236.7164819602162
 20
-578.8581559860357
 30
0.0
 10
237.9960604490677
 20
-579.2611109662958
 30
0.0
 10
238.6162070412521
 20
-579.4564150514339
 30
0.0
 10
239.123174541953
 20
-579.8814446313565
 30
0.0
 10
239.4236135848031
 20
-580.4580032428568
 30
0.0
 10
239.7240526276532
 20
-581.0345618543533
 30
0.0
 10
239.7820452199841
 20
-581.6934325323838
 30
0.0
 10
239.5867411348435
 20
-582.3137661974484
 30
0.0
 10
239.3914370497029
 20
-582.9337257167527
 30
0.0
 10
238.966220396902
 20
-583.4406932174523
 30
0.0
 10
238.3896617854049
 20
-583.741132260305
 30
0.0
 10
238.0374035552132
 20
-583.9248378269758
 30
0.0
 10
237.6540912271938
 20
-584.0176259747059
 30
0.0
 10
237.2677857331179
 20
-584.0176259747059
 30
0.0
  0
HATCH
  5
18E
330
180
100
AcDbEntity
  8
Guides
 62
   254
420
 14869218
440
 33554687
100
AcDbHatch
 10
0.0
 20
0.0
 30
0.0
210
0.0
220
0.0
230
1.0
  2
SOLID
 70
     1
 71
     1
 91
        2
 92
        1
 93
        1
 72
     4
 94
        3
 73
     0
 74
     0
 95
       26
 96
       22
 40
0.0
 40
0.0
 40
0.0
 40
0.0
 40
1.0
 40
1.0
 40
1.0
 40
2.0
 40
2.0
 40
2.0
 40
3.0
 40
3.0
 40
3.0
 40
4.0
 40
4.0
 40
4.0
 40
5.0
 40
5.0
 40
5.0
 40
6.0
 40
6.0
 40
6.0
 40
7.0
 40
7.0
 40
7.0
 40
7.0
 10
235.9640748429409
 20
-581.172621638676
 10
235.7380908057289
 20
-581.8902332005502
 10
236.1378655470555
 20
-582.6576061481045
 10
236.8552900360535
 20
-582.8835901853195
 10
237.2023102256469
 20
-582.9932148921106
 10
237.5719662335374
 20
-582.9606642112558
 10
237.8954152404418
 20
-582.7922986206171
 10
238.2184901015891
 20
-582.6239330299792
 10
238.4566338759035
 20
-582.3399564004342
 10
238.5660715098177
 20
-581.992374992205
 10
238.6755091437331
 20
-581.6447935839789
 10
238.6431455357547
 20
-581.2755117218443
 10
238.4747799451159
 20
-580.9526239335764
 10
238.3064143544778
 20
-580.6293619995509
 10
238.0222506520561
 20
-580.3910311523557
 10
237.6746692438269
 20
-580.2817805913216
 10
236.9568706090724
 20
-580.0546741168359
 10
236.1898718072753
 20
-580.4553842225581
 10
235.9640748429409
 20
-581.1729957844323
 10
235.9640748429409
 20
-581.1729957844323
 10
235.9640748429409
 20
-581.172621638676
 10
235.9640748429409
 20
-581.172621638676
 97
        0
 97
        1
330
18C
 92
        1
 93
        1
 72
     4
 94
        3
 73
     0
 74
     0
 95
       29
 96
       25
 40
0.0
 40
0.0
 40
0.0
 40
0.0
 40
1.0
 40
1.0
 40
1.0
 40
2.0
 40
2.0
 40
2.0
 40
3.0
 40
3.0
 40
3.0
 40
4.0
 40
4.0
 40
4.0
 40
5.0
 40
5.0
 40
5.0
 40
6.0
 40
6.0
 40
6.0
 40
7.0
 40
7.0
 40
7.0
 40
8.0
 40
8.0
 40
8.0
 40
8.0
 10
237.2677857331179
 20
-584.0176259747059
 10
237.022159043664
 20
-584.0176259747059
 10
236.775035771183
 20
-583.9802113990105
 10
236.5338988308127
 20
-583.9042598103453
 10
235.2537591233259
 20
-583.5009306843276
 10
234.5404502376544
 20
-582.1315572138013
 10
234.9434052179157
 20
-580.8516045791927
 10
234.9434052179157
 20
-580.8516045791927
 10
234.9434052179157
 20
-580.8512304334357
 10
234.9434052179157
 20
-580.8512304334357
 10
235.3467343439335
 20
-579.5712777988264
 10
236.7164819602162
 20
-578.8581559860357
 10
237.9960604490677
 20
-579.2611109662958
 10
238.6162070412521
 20
-579.4564150514339
 10
239.123174541953
 20
-579.8814446313565
 10
239.4236135848031
 20
-580.4580032428568
 10
239.7240526276532
 20
-581.0345618543533
 10
239.7820452199841
 20
-581.6934325323838
 10
239.5867411348435
 20
-582.3137661974484
 10
239.3914370497029
 20
-582.9337257167527
 10
238.966220396902
 20
-583.4406932174523
 10
238.3896617854049
 20
-583.741132260305
 10
238.0374035552132
 20
-583.9248378269758
 10
237.6540912271938
 20
-584.0176259747059
 10
237.2677857331179
 20
-584.0176259747059
 97
        0
 97
        1
330
18D
 75
     2
 76
     1
 98
        1
 10
0.0
 20
0.0
450
        0
451
        0
460
0.0
461
0.0
452
        0
462
0.0
453
        0
470

  0
ENDBLK
  5
183
330
180
100
AcDbEntity
  8
0
100
AcDbBlockEnd
  0
BLOCK
  5
186
330
184
100
AcDbEntity
  8
0
100
AcDbBlockBegin
  2
Block_28
 70
     0
 10
0.0
 20
0.0
 30
0.0
  3
Block_28
  1

  0
SPLINE
  5
188
330
184
100
AcDbEntity
  8
Guides
100
AcDbSpline
210
0.0
220
0.0
230
1.0
 70
     9
 71
     3
 72
    29
 73
    25
 74
     0
 42
0.0000000001
 43
0.0000000001
 40
0.0
 40
0.0
 40
0.0
 40
0.0
 40
1.0
 40
1.0
 40
1.0
 40
2.0
 40
2.0
 40
2.0
 40
3.0
 40
3.0
 40
3.0
 40
4.0
 40
4.0
 40
4.0
 40
5.0
 40
5.0
 40
5.0
 40
6.0
 40
6.0
 40
6.0
 40
7.0
 40
7.0
 40
7.0
 40
8.0
 40
8.0
 40
8.0
 40
8.0
 10
223.7373678076881
 20
-577.4528478576264
 30
0.0
 10
222.610261755995
 20
-575.2895432113567
 30
0.0
 10
222.391562788222
 20
-572.8168259268186
 30
0.0
 10
223.1215139260061
 20
-570.490740518874
 30
0.0
 10
223.2231011791274
 20
-570.1675044349685
 30
0.0
 10
223.0429442170956
 20
-569.8229087590584
 30
0.0
 10
222.7194928147242
 20
-569.7211061874693
 30
0.0
 10
222.3964289855949
 20
-569.6201218260553
 30
0.0
 10
222.0511012268922
 20
-569.7993098549845
 30
0.0
 10
221.9497077603919
 20
-570.1233210853722
 30
0.0
 10
221.1217221242057
 20
-572.761833590136
 30
0.0
 10
221.3697689991437
 20
-575.5663996972926
 30
0.0
 10
222.6482224018731
 20
-578.0200828292728
 30
0.0
 10
224.4952026870559
 20
-581.5650860835948
 30
0.0
 10
228.1159980420535
 20
-583.5982091842151
 30
0.0
 10
231.8583837358336
 20
-583.5978216109743
 30
0.0
 10
232.4998605151871
 20
-583.5978216109743
 30
0.0
 10
233.1444594123242
 20
-583.5338720260299
 30
0.0
 10
233.78451508979
 20
-583.4103653528837
 30
0.0
 10
233.5908361279786
 20
-583.0415678811878
 30
0.0
 10
233.4583076110304
 20
-582.6418506775097
 30
0.0
 10
233.3886090229944
 20
-582.2272334358599
 30
0.0
 10
229.5815847251724
 20
-582.8807680494118
 30
0.0
 10
225.617442541376
 20
-581.0613700599591
 30
0.0
 10
223.7373678076881
 20
-577.4528478576264
 30
0.0
  0
HATCH
  5
189
330
184
100
AcDbEntity
  8
Guides
 62
   254
420
 14869218
440
 33554687
100
AcDbHatch
 10
0.0
 20
0.0
 30
0.0
210
0.0
220
0.0
230
1.0
  2
SOLID
 70
     1
 71
     1
 91
        1
 92
        1
 93
        1
 72
     4
 94
        3
 73
     0
 74
     0
 95
       29
 96
       25
 40
0.0
 40
0.0
 40
0.0
 40
0.0
 40
1.0
 40
1.0
 40
1.0
 40
2.0
 40
2.0
 40
2.0
 40
3.0
 40
3.0
 40
3.0
 40
4.0
 40
4.0
 40
4.0
 40
5.0
 40
5.0
 40
5.0
 40
6.0
 40
6.0
 40
6.0
 40
7.0
 40
7.0
 40
7.0
 40
8.0
 40
8.0
 40
8.0
 40
8.0
 10
223.7373678076881
 20
-577.4528478576264
 10
222.610261755995
 20
-575.2895432113567
 10
222.391562788222
 20
-572.8168259268186
 10
223.1215139260061
 20
-570.490740518874
 10
223.2231011791274
 20
-570.1675044349685
 10
223.0429442170956
 20
-569.8229087590584
 10
222.7194928147242
 20
-569.7211061874693
 10
222.3964289855949
 20
-569.6201218260553
 10
222.0511012268922
 20
-569.7993098549845
 10
221.9497077603919
 20
-570.1233210853722
 10
221.1217221242057
 20
-572.761833590136
 10
221.3697689991437
 20
-575.5663996972926
 10
222.6482224018731
 20
-578.0200828292728
 10
224.4952026870559
 20
-581.5650860835948
 10
228.1159980420535
 20
-583.5982091842151
 10
231.8583837358336
 20
-583.5978216109743
 10
232.4998605151871
 20
-583.5978216109743
 10
233.1444594123242
 20
-583.5338720260299
 10
233.78451508979
 20
-583.4103653528837
 10
233.5908361279786
 20
-583.0415678811878
 10
233.4583076110304
 20
-582.6418506775097
 10
233.3886090229944
 20
-582.2272334358599
 10
229.5815847251724
 20
-582.8807680494118
 10
225.617442541376
 20
-581.0613700599591
 10
223.7373678076881
 20
-577.4528478576264
 97
        0
 97
        1
330
188
 75
     2
 76
     1
 98
        1
 10
0.0
 20
0.0
450
        0
451
        0
460
0.0
461
0.0
452
        0
462
0.0
453
        0
470

  0
SPLINE
  5
18A
330
184
100
AcDbEntity
  8
Guides
100
AcDbSpline
210
0.0
220
0.0
230
1.0
 70
     9
 71
     3
 72
    26
 73
    22
 74
     0
 42
0.0000000001
 43
0.0000000001
 40
0.0
 40
0.0
 40
0.0
 40
0.0
 40
1.0
 40
1.0
 40
1.0
 40
2.0
 40
2.0
 40
2.0
 40
3.0
 40
3.0
 40
3.0
 40
4.0
 40
4.0
 40
4.0
 40
5.0
 40
5.0
 40
5.0
 40
6.0
 40
6.0
 40
6.0
 40
7.0
 40
7.0
 40
7.0
 40
7.0
 10
240.3419959638017
 20
-579.1311261232658
 30
0.0
 10
242.4528490313079
 20
-576.070589421559
 30
0.0
 10
242.8533198496213
 20
-571.97247608708
 30
0.0
 10
241.0176653158463
 20
-568.4494353164744
 30
0.0
 10
238.3763752028456
 20
-563.3797189277698
 30
0.0
 10
232.1077440534253
 20
-561.4024063740107
 30
0.0
 10
227.042764671011
 20
-564.0416078978716
 30
0.0
 10
226.7421370262294
 20
-564.1980152329019
 30
0.0
 10
226.6252190981988
 20
-564.5687936345039
 30
0.0
 10
226.7819709427776
 20
-564.8695935340591
 30
0.0
 10
226.9389381058243
 20
-565.170781006855
 30
0.0
 10
227.3093289341822
 20
-565.2886463361467
 30
0.0
 10
227.610344152206
 20
-565.1303441985995
 30
0.0
 10
232.0746496049201
 20
-562.8046463638926
 30
0.0
 10
237.6002167218656
 20
-564.5482091889776
 30
0.0
 10
239.9285199100313
 20
-569.0166272244286
 30
0.0
 10
241.5195511325069
 20
-572.070359862554
 30
0.0
 10
241.2049493191632
 20
-575.613985078682
 30
0.0
 10
239.4255144373381
 20
-578.296594805657
 30
0.0
 10
239.7729953807191
 20
-578.5242725535391
 30
0.0
 10
240.082515678222
 20
-578.8041004343305
 30
0.0
 10
240.3419959638017
 20
-579.1311261232658
 30
0.0
  0
HATCH
  5
18B
330
184
100
AcDbEntity
  8
Guides
 62
   254
420
 14869218
440
 33554687
100
AcDbHatch
 10
0.0
 20
0.0
 30
0.0
210
0.0
220
0.0
230
1.0
  2
SOLID
 70
     1
 71
     1
 91
        1
 92
        1
 93
        1
 72
     4
 94
        3
 73
     0
 74
     0
 95
       26
 96
       22
 40
0.0
 40
0.0
 40
0.0
 40
0.0
 40
1.0
 40
1.0
 40
1.0
 40
2.0
 40
2.0
 40
2.0
 40
3.0
 40
3.0
 40
3.0
 40
4.0
 40
4.0
 40
4.0
 40
5.0
 40
5.0
 40
5.0
 40
6.0
 40
6.0
 40
6.0
 40
7.0
 40
7.0
 40
7.0
 40
7.0
 10
240.3419959638017
 20
-579.1311261232658
 10
242.4528490313079
 20
-576.070589421559
 10
242.8533198496213
 20
-571.97247608708
 10
241.0176653158463
 20
-568.4494353164744
 10
238.3763752028456
 20
-563.3797189277698
 10
232.1077440534253
 20
-561.4024063740107
 10
227.042764671011
 20
-564.0416078978716
 10
226.7421370262294
 20
-564.1980152329019
 10
226.6252190981988
 20
-564.5687936345039
 10
226.7819709427776
 20
-564.8695935340591
 10
226.9389381058243
 20
-565.170781006855
 10
227.3093289341822
 20
-565.2886463361467
 10
227.610344152206
 20
-565.1303441985995
 10
232.0746496049201
 20
-562.8046463638926
 10
237.6002167218656
 20
-564.5482091889776
 10
239.9285199100313
 20
-569.0166272244286
 10
241.5195511325069
 20
-572.070359862554
 10
241.2049493191632
 20
-575.613985078682
 10
239.4255144373381
 20
-578.296594805657
 10
239.7729953807191
 20
-578.5242725535391
 10
240.082515678222
 20
-578.8041004343305
 10
240.3419959638017
 20
-579.1311261232658
 97
        0
 97
        1
330
18A
 75
     2
 76
     1
 98
        1
 10
0.0
 20
0.0
450
        0
451
        0
460
0.0
461
0.0
452
        0
462
0.0
453
        0
470

  0
ENDBLK
  5
187
330
184
100
AcDbEntity
  8
0
100
AcDbBlockEnd
  0
BLOCK
  5
191
330
18F
100
AcDbEntity
  8
0
100
AcDbBlockBegin
  2
Block_29
 70
     0
 10
0.0
 20
0.0
 30
0.0
  3
Block_29
  1

  0
LWPOLYLINE
  5
193
330
18F
100
AcDbEntity
  8
Guides
100
AcDbPolyline
 90
        3
 70
     1
 43
0.0
 10
233.9144167214307
 20
-576.5405435094399
 10
235.450154161368
 20
-579.0670473472402
 10
233.9144167214307
 20
-576.5405435094399
  0
HATCH
  5
194
330
18F
100
AcDbEntity
  8
Guides
 62
   254
420
 14869218
440
 33554687
100
AcDbHatch
 10
0.0
 20
0.0
 30
0.0
210
0.0
220
0.0
230
1.0
  2
SOLID
 70
     1
 71
     1
 91
        1
 92
        1
 93
        2
 72
     1
 10
233.9144167214307
 20
-576.5405435094399
 11
235.450154161368
 21
-579.0670473472402
 72
     1
 10
235.450154161368
 20
-579.0670473472402
 11
233.9144167214307
 21
-576.5405435094399
 97
        1
330
193
 75
     2
 76
     1
 98
        1
 10
0.0
 20
0.0
450
        0
451
        0
460
0.0
461
0.0
452
        0
462
0.0
453
        0
470

  0
LWPOLYLINE
  5
195
330
18F
100
AcDbEntity
  8
Guides
100
AcDbPolyline
 90
        3
 70
     1
 43
0.0
 10
229.8567186633631
 20
-569.8651111787527
 10
228.3224453890071
 20
-567.3410189077883
 10
229.8567186633631
 20
-569.8651111787527
  0
HATCH
  5
196
330
18F
100
AcDbEntity
  8
Guides
 62
   254
420
 14869218
440
 33554687
100
AcDbHatch
 10
0.0
 20
0.0
 30
0.0
210
0.0
220
0.0
230
1.0
  2
SOLID
 70
     1
 71
     1
 91
        1
 92
        1
 93
        2
 72
     1
 10
229.8567186633631
 20
-569.8651111787527
 11
228.3224453890071
 21
-567.3410189077883
 72
     1
 10
228.3224453890071
 20
-567.3410189077883
 11
229.8567186633631
 21
-569.8651111787527
 97
        1
330
195
 75
     2
 76
     1
 98
        1
 10
0.0
 20
0.0
450
        0
451
        0
460
0.0
461
0.0
452
        0
462
0.0
453
        0
470

  0
SPLINE
  5
197
330
18F
100
AcDbEntity
  8
Guides
100
AcDbSpline
210
0.0
220
0.0
230
1.0
 70
     9
 71
     3
 72
    20
 73
    16
 74
     0
 42
0.0000000001
 43
0.0000000001
 40
0.0
 40
0.0
 40
0.0
 40
0.0
 40
1.0
 40
1.0
 40
1.0
 40
2.0
 40
2.0
 40
2.0
 40
3.0
 40
3.0
 40
3.0
 40
4.0
 40
4.0
 40
4.0
 40
5.0
 40
5.0
 40
5.0
 40
5.0
 10
230.7134062513108
 20
-576.9808267124549
 30
0.0
 10
230.7134062513108
 20
-576.9808267124549
 30
0.0
 10
230.0846978570995
 20
-579.8702713596262
 30
0.0
 10
230.0846978570995
 20
-579.8702713596262
 30
0.0
 10
230.3590135851125
 20
-579.9421446641867
 30
0.0
 10
230.6398749945475
 20
-579.9998930772606
 30
0.0
 10
230.9282510185097
 20
-580.0382197645322
 30
0.0
 10
232.567082940843
 20
-580.2561220539741
 30
0.0
 10
234.1474343673143
 20
-579.8762141493401
 30
0.0
 10
235.450154161368
 20
-579.0670473472402
 30
0.0
 10
235.450154161368
 20
-579.0670473472402
 30
0.0
 10
233.9144167214307
 20
-576.5405435094399
 30
0.0
 10
233.9144167214307
 20
-576.5405435094399
 30
0.0
 10
232.9269231642774
 20
-577.1630722636245
 30
0.0
 10
231.7605430240525
 20
-577.2930384908037
 30
0.0
 10
230.7134062513108
 20
-576.9808267124549
 30
0.0
  0
HATCH
  5
198
330
18F
100
AcDbEntity
  8
Guides
 62
   254
420
 14869218
440
 33554687
100
AcDbHatch
 10
0.0
 20
0.0
 30
0.0
210
0.0
220
0.0
230
1.0
  2
SOLID
 70
     1
 71
     1
 91
        1
 92
        1
 93
        1
 72
     4
 94
        3
 73
     0
 74
     0
 95
       20
 96
       16
 40
0.0
 40
0.0
 40
0.0
 40
0.0
 40
1.0
 40
1.0
 40
1.0
 40
2.0
 40
2.0
 40
2.0
 40
3.0
 40
3.0
 40
3.0
 40
4.0
 40
4.0
 40
4.0
 40
5.0
 40
5.0
 40
5.0
 40
5.0
 10
230.7134062513108
 20
-576.9808267124549
 10
230.7134062513108
 20
-576.9808267124549
 10
230.0846978570995
 20
-579.8702713596262
 10
230.0846978570995
 20
-579.8702713596262
 10
230.3590135851125
 20
-579.9421446641867
 10
230.6398749945475
 20
-579.9998930772606
 10
230.9282510185097
 20
-580.0382197645322
 10
232.567082940843
 20
-580.2561220539741
 10
234.1474343673143
 20
-579.8762141493401
 10
235.450154161368
 20
-579.0670473472402
 10
235.450154161368
 20
-579.0670473472402
 10
233.9144167214307
 20
-576.5405435094399
 10
233.9144167214307
 20
-576.5405435094399
 10
232.9269231642774
 20
-577.1630722636245
 10
231.7605430240525
 20
-577.2930384908037
 10
230.7134062513108
 20
-576.9808267124549
 97
        0
 97
        1
330
197
 75
     2
 76
     1
 98
        1
 10
0.0
 20
0.0
450
        0
451
        0
460
0.0
461
0.0
452
        0
462
0.0
453
        0
470

  0
SPLINE
  5
199
330
18F
100
AcDbEntity
  8
Guides
100
AcDbSpline
210
0.0
220
0.0
230
1.0
 70
     9
 71
     3
 72
    26
 73
    22
 74
     0
 42
0.0000000001
 43
0.0000000001
 40
0.0
 40
0.0
 40
0.0
 40
0.0
 40
1.0
 40
1.0
 40
1.0
 40
2.0
 40
2.0
 40
2.0
 40
3.0
 40
3.0
 40
3.0
 40
4.0
 40
4.0
 40
4.0
 40
5.0
 40
5.0
 40
5.0
 40
6.0
 40
6.0
 40
6.0
 40
7.0
 40
7.0
 40
7.0
 40
7.0
 10
228.609658693243
 20
-575.4504722342139
 30
0.0
 10
227.386283754584
 20
-573.6704775243707
 30
0.0
 10
227.8375266676114
 20
-571.2356562901703
 30
0.0
 10
229.6175859729932
 20
-570.012302883358
 30
0.0
 10
229.6956173857341
 20
-569.9586455211772
 30
0.0
 10
229.7763402793229
 20
-569.9123089869005
 30
0.0
 10
229.8567186633631
 20
-569.8651111787527
 30
0.0
 10
229.8567186633631
 20
-569.8651111787527
 30
0.0
 10
228.3224453890071
 20
-567.3410189077883
 30
0.0
 10
228.3224453890071
 20
-567.3410189077883
 30
0.0
 10
226.583856420529
 20
-568.3778634577703
 30
0.0
 10
225.3176546386189
 20
-570.1688824731627
 30
0.0
 10
225.0301398885281
 20
-572.3312827818688
 30
0.0
 10
224.5689923259806
 20
-575.7998479801113
 30
0.0
 10
226.7853729745693
 20
-579.00520788328
 30
0.0
 10
230.0846978570995
 20
-579.8702713596262
 30
0.0
 10
230.0846978570995
 20
-579.8702713596262
 30
0.0
 10
230.7134062513108
 20
-576.9808267124549
 30
0.0
 10
230.7134062513108
 20
-576.9808267124549
 30
0.0
 10
229.8871862265608
 20
-576.7344593215666
 30
0.0
 10
229.1360262196956
 20
-576.2163600242779
 30
0.0
 10
228.609658693243
 20
-575.4504722342139
 30
0.0
  0
HATCH
  5
19A
330
18F
100
AcDbEntity
  8
Guides
 62
   254
420
 14869218
440
 33554687
100
AcDbHatch
 10
0.0
 20
0.0
 30
0.0
210
0.0
220
0.0
230
1.0
  2
SOLID
 70
     1
 71
     1
 91
        1
 92
        1
 93
        1
 72
     4
 94
        3
 73
     0
 74
     0
 95
       26
 96
       22
 40
0.0
 40
0.0
 40
0.0
 40
0.0
 40
1.0
 40
1.0
 40
1.0
 40
2.0
 40
2.0
 40
2.0
 40
3.0
 40
3.0
 40
3.0
 40
4.0
 40
4.0
 40
4.0
 40
5.0
 40
5.0
 40
5.0
 40
6.0
 40
6.0
 40
6.0
 40
7.0
 40
7.0
 40
7.0
 40
7.0
 10
228.609658693243
 20
-575.4504722342139
 10
227.386283754584
 20
-573.6704775243707
 10
227.8375266676114
 20
-571.2356562901703
 10
229.6175859729932
 20
-570.012302883358
 10
229.6956173857341
 20
-569.9586455211772
 10
229.7763402793229
 20
-569.9123089869005
 10
229.8567186633631
 20
-569.8651111787527
 10
229.8567186633631
 20
-569.8651111787527
 10
228.3224453890071
 20
-567.3410189077883
 10
228.3224453890071
 20
-567.3410189077883
 10
226.583856420529
 20
-568.3778634577703
 10
225.3176546386189
 20
-570.1688824731627
 10
225.0301398885281
 20
-572.3312827818688
 10
224.5689923259806
 20
-575.7998479801113
 10
226.7853729745693
 20
-579.00520788328
 10
230.0846978570995
 20
-579.8702713596262
 10
230.0846978570995
 20
-579.8702713596262
 10
230.7134062513108
 20
-576.9808267124549
 10
230.7134062513108
 20
-576.9808267124549
 10
229.8871862265608
 20
-576.7344593215666
 10
229.1360262196956
 20
-576.2163600242779
 10
228.609658693243
 20
-575.4504722342139
 97
        0
 97
        1
330
199
 75
     2
 76
     1
 98
        1
 10
0.0
 20
0.0
450
        0
451
        0
460
0.0
461
0.0
452
        0
462
0.0
453
        0
470

  0
SPLINE
  5
19B
330
18F
100
AcDbEntity
  8
Guides
100
AcDbSpline
210
0.0
220
0.0
230
1.0
 70
     9
 71
     3
 72
    29
 73
    25
 74
     0
 42
0.0000000001
 43
0.0000000001
 40
0.0
 40
0.0
 40
0.0
 40
0.0
 40
1.0
 40
1.0
 40
1.0
 40
2.0
 40
2.0
 40
2.0
 40
3.0
 40
3.0
 40
3.0
 40
4.0
 40
4.0
 40
4.0
 40
5.0
 40
5.0
 40
5.0
 40
6.0
 40
6.0
 40
6.0
 40
7.0
 40
7.0
 40
7.0
 40
8.0
 40
8.0
 40
8.0
 40
8.0
 10
232.7370553393466
 20
-566.4331931837319
 30
0.0
 10
231.1426005532326
 20
-566.221233684004
 30
0.0
 10
229.6043438872218
 20
-566.5765091559184
 30
0.0
 10
228.3224453890071
 20
-567.3410189077883
 30
0.0
 10
228.3224453890071
 20
-567.3410189077883
 30
0.0
 10
229.8567186633631
 20
-569.8651111787527
 30
0.0
 10
229.8567186633631
 20
-569.8651111787527
 30
0.0
 10
231.6101861379681
 20
-568.8351137560482
 30
0.0
 10
233.8860162155242
 20
-569.3182022704693
 30
0.0
 10
235.055776855694
 20
-571.0202086312608
 30
0.0
 10
236.2791733261997
 20
-572.8002464047965
 30
0.0
 10
235.8279088813256
 20
-575.2350245753046
 30
0.0
 10
234.0478711077906
 20
-576.458421045809
 30
0.0
 10
234.0043337135957
 20
-576.4883072491455
 30
0.0
 10
233.9587077302629
 20
-576.5125951723165
 30
0.0
 10
233.9144167214307
 20
-576.5405435094399
 30
0.0
 10
233.9144167214307
 20
-576.5405435094399
 30
0.0
 10
235.450154161368
 20
-579.0670473472402
 30
0.0
 10
235.450154161368
 20
-579.0670473472402
 30
0.0
 10
237.1337938568563
 20
-578.0212024853073
 30
0.0
 10
238.3535514452558
 20
-576.2582179344238
 30
0.0
 10
238.6351664693282
 20
-574.1401301663992
 30
0.0
 10
239.1346407191491
 20
-570.3831674123452
 30
0.0
 10
236.4939750297051
 20
-566.9326889654009
 30
0.0
 10
232.7370553393466
 20
-566.4331931837319
 30
0.0
  0
HATCH
  5
19C
330
18F
100
AcDbEntity
  8
Guides
 62
   254
420
 14869218
440
 33554687
100
AcDbHatch
 10
0.0
 20
0.0
 30
0.0
210
0.0
220
0.0
230
1.0
  2
SOLID
 70
     1
 71
     1
 91
        1
 92
        1
 93
        1
 72
     4
 94
        3
 73
     0
 74
     0
 95
       29
 96
       25
 40
0.0
 40
0.0
 40
0.0
 40
0.0
 40
1.0
 40
1.0
 40
1.0
 40
2.0
 40
2.0
 40
2.0
 40
3.0
 40
3.0
 40
3.0
 40
4.0
 40
4.0
 40
4.0
 40
5.0
 40
5.0
 40
5.0
 40
6.0
 40
6.0
 40
6.0
 40
7.0
 40
7.0
 40
7.0
 40
8.0
 40
8.0
 40
8.0
 40
8.0
 10
232.7370553393466
 20
-566.4331931837319
 10
231.1426005532326
 20
-566.221233684004
 10
229.6043438872218
 20
-566.5765091559184
 10
228.3224453890071
 20
-567.3410189077883
 10
228.3224453890071
 20
-567.3410189077883
 10
229.8567186633631
 20
-569.8651111787527
 10
229.8567186633631
 20
-569.8651111787527
 10
231.6101861379681
 20
-568.8351137560482
 10
233.8860162155242
 20
-569.3182022704693
 10
235.055776855694
 20
-571.0202086312608
 10
236.2791733261997
 20
-572.8002464047965
 10
235.8279088813256
 20
-575.2350245753046
 10
234.0478711077906
 20
-576.458421045809
 10
234.0043337135957
 20
-576.4883072491455
 10
233.9587077302629
 20
-576.5125951723165
 10
233.9144167214307
 20
-576.5405435094399
 10
233.9144167214307
 20
-576.5405435094399
 10
235.450154161368
 20
-579.0670473472402
 10
235.450154161368
 20
-579.0670473472402
 10
237.1337938568563
 20
-578.0212024853073
 10
238.3535514452558
 20
-576.2582179344238
 10
238.6351664693282
 20
-574.1401301663992
 10
239.1346407191491
 20
-570.3831674123452
 10
236.4939750297051
 20
-566.9326889654009
 10
232.7370553393466
 20
-566.4331931837319
 97
        0
 97
        1
330
19B
 75
     2
 76
     1
 98
        1
 10
0.0
 20
0.0
450
        0
451
        0
460
0.0
461
0.0
452
        0
462
0.0
453
        0
470

  0
LWPOLYLINE
  5
19D
330
18F
100
AcDbEntity
  8
Guides
100
AcDbPolyline
 90
        3
 70
     1
 43
0.0
 10
231.6277345930962
 20
-572.7786284306285
 10
231.6276915294026
 20
-572.7785853669323
 10
231.6277345930962
 20
-572.7786284306285
  0
HATCH
  5
19E
330
18F
100
AcDbEntity
  8
Guides
 62
   254
420
 14869218
440
 33554687
100
AcDbHatch
 10
0.0
 20
0.0
 30
0.0
210
0.0
220
0.0
230
1.0
  2
SOLID
 70
     1
 71
     1
 91
        1
 92
        1
 93
        2
 72
     1
 10
231.6277345930962
 20
-572.7786284306285
 11
231.6276915294026
 21
-572.7785853669323
 72
     1
 10
231.6276915294026
 20
-572.7785853669323
 11
231.6277345930962
 21
-572.7786284306285
 97
        1
330
19D
 75
     2
 76
     1
 98
        1
 10
0.0
 20
0.0
450
        0
451
        0
460
0.0
461
0.0
452
        0
462
0.0
453
        0
470

  0
ENDBLK
  5
192
330
18F
100
AcDbEntity
  8
0
100
AcDbBlockEnd
  0
BLOCK
  5
1A1
330
19F
100
AcDbEntity
  8
0
100
AcDbBlockBegin
  2
Block_30
 70
     0
 10
0.0
 20
0.0
 30
0.0
  3
Block_30
  1

  0
INSERT
  5
1A4
330
19F
100
AcDbEntity
  8
Guides
100
AcDbBlockReference
  2
Block_31
 10
0.0
 20
0.0
 30
0.0
  0
INSERT
  5
1B2
330
19F
100
AcDbEntity
  8
Guides
100
AcDbBlockReference
  2
Block_32
 10
0.0
 20
0.0
 30
0.0
  0
INSERT
  5
1C1
330
19F
100
AcDbEntity
  8
Guides
100
AcDbBlockReference
  2
Block_34
 10
0.0
 20
0.0
 30
0.0
  0
ENDBLK
  5
1A2
330
19F
100
AcDbEntity
  8
0
100
AcDbBlockEnd
  0
BLOCK
  5
1A5
330
1A3
100
AcDbEntity
  8
0
100
AcDbBlockBegin
  2
Block_31
 70
     0
 10
0.0
 20
0.0
 30
0.0
  3
Block_31
  1

  0
SPLINE
  5
1A7
330
1A3
100
AcDbEntity
  8
Guides
100
AcDbSpline
210
0.0
220
0.0
230
1.0
 70
     9
 71
     3
 72
    29
 73
    25
 74
     0
 42
0.0000000001
 43
0.0000000001
 40
0.0
 40
0.0
 40
0.0
 40
0.0
 40
1.0
 40
1.0
 40
1.0
 40
2.0
 40
2.0
 40
2.0
 40
3.0
 40
3.0
 40
3.0
 40
4.0
 40
4.0
 40
4.0
 40
5.0
 40
5.0
 40
5.0
 40
6.0
 40
6.0
 40
6.0
 40
7.0
 40
7.0
 40
7.0
 40
8.0
 40
8.0
 40
8.0
 40
8.0
 10
240.3024675393282
 20
-514.4080110250781
 30
0.0
 10
240.2617251450346
 20
-514.4487534193717
 30
0.0
 10
240.2183371407234
 20
-514.4757386415674
 30
0.0
 10
240.169657916371
 20
-514.4974326437242
 30
0.0
 10
240.1183330820011
 20
-514.516481035861
 30
0.0
 10
240.0667436866274
 20
-514.5299736469565
 30
0.0
 10
240.0126409617391
 20
-514.5301059274581
 30
0.0
 10
239.9016576214377
 20
-514.5273280369391
 30
0.0
 10
239.8011244407122
 20
-514.4865856426455
 30
0.0
 10
239.7228143841467
 20
-514.4082755860806
 30
0.0
 10
239.646885376598
 20
-514.3323465785339
 30
0.0
 10
239.6008517622675
 20
-514.2265221777716
 30
0.0
 10
239.6007194817679
 20
-514.118184447487
 30
0.0
 10
239.6034973722882
 20
-513.9042868774459
 30
0.0
 10
239.793187610654
 20
-513.7093054190366
 30
0.0
 10
240.0098630712188
 20
-513.709040858038
 30
0.0
 10
240.1182008015008
 20
-513.7091731385358
 30
0.0
 10
240.2240252022624
 20
-513.7552067528676
 30
0.0
 10
240.2999542098111
 20
-513.8311357604175
 30
0.0
 10
240.378264266376
 20
-513.9094458169831
 30
0.0
 10
240.4190066606709
 20
-514.0099789977065
 30
0.0
 10
240.42178455119
 20
-514.1209623380092
 30
0.0
 10
240.42178455119
 20
-514.2294323487915
 30
0.0
 10
240.3782642663747
 20
-514.3322142980323
 30
0.0
 10
240.3024675393282
 20
-514.4080110250781
 30
0.0
  0
HATCH
  5
1A8
330
1A3
100
AcDbEntity
  8
Guides
 62
   254
420
 14869218
440
 33554687
100
AcDbHatch
 10
0.0
 20
0.0
 30
0.0
210
0.0
220
0.0
230
1.0
  2
SOLID
 70
     1
 71
     1
 91
        1
 92
        1
 93
        1
 72
     4
 94
        3
 73
     0
 74
     0
 95
       29
 96
       25
 40
0.0
 40
0.0
 40
0.0
 40
0.0
 40
1.0
 40
1.0
 40
1.0
 40
2.0
 40
2.0
 40
2.0
 40
3.0
 40
3.0
 40
3.0
 40
4.0
 40
4.0
 40
4.0
 40
5.0
 40
5.0
 40
5.0
 40
6.0
 40
6.0
 40
6.0
 40
7.0
 40
7.0
 40
7.0
 40
8.0
 40
8.0
 40
8.0
 40
8.0
 10
240.3024675393282
 20
-514.4080110250781
 10
240.2617251450346
 20
-514.4487534193717
 10
240.2183371407234
 20
-514.4757386415674
 10
240.169657916371
 20
-514.4974326437242
 10
240.1183330820011
 20
-514.516481035861
 10
240.0667436866274
 20
-514.5299736469565
 10
240.0126409617391
 20
-514.5301059274581
 10
239.9016576214377
 20
-514.5273280369391
 10
239.8011244407122
 20
-514.4865856426455
 10
239.7228143841467
 20
-514.4082755860806
 10
239.646885376598
 20
-514.3323465785339
 10
239.6008517622675
 20
-514.2265221777716
 10
239.6007194817679
 20
-514.118184447487
 10
239.6034973722882
 20
-513.9042868774459
 10
239.793187610654
 20
-513.7093054190366
 10
240.0098630712188
 20
-513.709040858038
 10
240.1182008015008
 20
-513.7091731385358
 10
240.2240252022624
 20
-513.7552067528676
 10
240.2999542098111
 20
-513.8311357604175
 10
240.378264266376
 20
-513.9094458169831
 10
240.4190066606709
 20
-514.0099789977065
 10
240.42178455119
 20
-514.1209623380092
 10
240.42178455119
 20
-514.2294323487915
 10
240.3782642663747
 20
-514.3322142980323
 10
240.3024675393282
 20
-514.4080110250781
 97
        0
 97
        1
330
1A7
 75
     2
 76
     1
 98
        1
 10
0.0
 20
0.0
450
        0
451
        0
460
0.0
461
0.0
452
        0
462
0.0
453
        0
470

  0
SPLINE
  5
1A9
330
1A3
100
AcDbEntity
  8
Guides
100
AcDbSpline
210
0.0
220
0.0
230
1.0
 70
     9
 71
     3
 72
    32
 73
    28
 74
     0
 42
0.0000000001
 43
0.0000000001
 40
0.0
 40
0.0
 40
0.0
 40
0.0
 40
1.0
 40
1.0
 40
1.0
 40
2.0
 40
2.0
 40
2.0
 40
3.0
 40
3.0
 40
3.0
 40
4.0
 40
4.0
 40
4.0
 40
5.0
 40
5.0
 40
5.0
 40
6.0
 40
6.0
 40
6.0
 40
7.0
 40
7.0
 40
7.0
 40
8.0
 40
8.0
 40
8.0
 40
9.0
 40
9.0
 40
9.0
 40
9.0
 10
236.6774435028343
 20
-525.4547575606903
 30
0.0
 10
236.4661915428125
 20
-525.530554287736
 30
0.0
 10
236.2303354096088
 20
-525.4193063864347
 30
0.0
 10
236.1546709630645
 20
-525.208186706912
 30
0.0
 10
236.1546709630645
 20
-525.208186706912
 30
0.0
 10
236.1546709630645
 20
-525.208186706912
 30
0.0
 10
236.1546709630645
 20
-525.208186706912
 30
0.0
 10
236.0813875655346
 20
-524.9941568563667
 30
0.0
 10
236.1923709058348
 20
-524.7583007231661
 30
0.0
 10
236.4036228658591
 20
-524.6825039961171
 30
0.0
 10
236.4036228658591
 20
-524.6825039961171
 30
0.0
 10
236.4036228658591
 20
-524.6825039961171
 30
0.0
 10
236.4036228658591
 20
-524.6825039961171
 30
0.0
 10
236.6150071063851
 20
-524.6065749885697
 30
0.0
 10
236.8508632395856
 20
-524.7178228898749
 30
0.0
 10
236.9237497956133
 20
-524.9317204599154
 30
0.0
 10
236.9237497956133
 20
-524.9317204599154
 30
0.0
 10
236.9237497956133
 20
-524.9317204599154
 30
0.0
 10
236.9237497956133
 20
-524.9317204599154
 30
0.0
 10
236.9808949720245
 20
-525.0862240850302
 30
0.0
 10
236.9400202972299
 20
-525.2514424307221
 30
0.0
 10
236.8316825669491
 20
-525.3597801610035
 30
0.0
 10
236.8316825669491
 20
-525.3597801610035
 30
0.0
 10
236.8316825669491
 20
-525.3597801610035
 30
0.0
 10
236.8316825669491
 20
-525.3597801610035
 30
0.0
 10
236.7910724531551
 20
-525.4003902747995
 30
0.0
 10
236.7368374477646
 20
-525.4329312780319
 30
0.0
 10
236.6774435028343
 20
-525.4547575606903
 30
0.0
  0
HATCH
  5
1AA
330
1A3
100
AcDbEntity
  8
Guides
 62
   254
420
 14869218
440
 33554687
100
AcDbHatch
 10
0.0
 20
0.0
 30
0.0
210
0.0
220
0.0
230
1.0
  2
SOLID
 70
     1
 71
     1
 91
        1
 92
        1
 93
        1
 72
     4
 94
        3
 73
     0
 74
     0
 95
       32
 96
       28
 40
0.0
 40
0.0
 40
0.0
 40
0.0
 40
1.0
 40
1.0
 40
1.0
 40
2.0
 40
2.0
 40
2.0
 40
3.0
 40
3.0
 40
3.0
 40
4.0
 40
4.0
 40
4.0
 40
5.0
 40
5.0
 40
5.0
 40
6.0
 40
6.0
 40
6.0
 40
7.0
 40
7.0
 40
7.0
 40
8.0
 40
8.0
 40
8.0
 40
9.0
 40
9.0
 40
9.0
 40
9.0
 10
236.6774435028343
 20
-525.4547575606903
 10
236.4661915428125
 20
-525.530554287736
 10
236.2303354096088
 20
-525.4193063864347
 10
236.1546709630645
 20
-525.208186706912
 10
236.1546709630645
 20
-525.208186706912
 10
236.1546709630645
 20
-525.208186706912
 10
236.1546709630645
 20
-525.208186706912
 10
236.0813875655346
 20
-524.9941568563667
 10
236.1923709058348
 20
-524.7583007231661
 10
236.4036228658591
 20
-524.6825039961171
 10
236.4036228658591
 20
-524.6825039961171
 10
236.4036228658591
 20
-524.6825039961171
 10
236.4036228658591
 20
-524.6825039961171
 10
236.6150071063851
 20
-524.6065749885697
 10
236.8508632395856
 20
-524.7178228898749
 10
236.9237497956133
 20
-524.9317204599154
 10
236.9237497956133
 20
-524.9317204599154
 10
236.9237497956133
 20
-524.9317204599154
 10
236.9237497956133
 20
-524.9317204599154
 10
236.9808949720245
 20
-525.0862240850302
 10
236.9400202972299
 20
-525.2514424307221
 10
236.8316825669491
 20
-525.3597801610035
 10
236.8316825669491
 20
-525.3597801610035
 10
236.8316825669491
 20
-525.3597801610035
 10
236.8316825669491
 20
-525.3597801610035
 10
236.7910724531551
 20
-525.4003902747995
 10
236.7368374477646
 20
-525.4329312780319
 10
236.6774435028343
 20
-525.4547575606903
 97
        0
 97
        1
330
1A9
 75
     2
 76
     1
 98
        1
 10
0.0
 20
0.0
450
        0
451
        0
460
0.0
461
0.0
452
        0
462
0.0
453
        0
470

  0
SPLINE
  5
1AB
330
1A3
100
AcDbEntity
  8
Guides
100
AcDbSpline
210
0.0
220
0.0
230
1.0
 70
     9
 71
     3
 72
    32
 73
    28
 74
     0
 42
0.0000000001
 43
0.0000000001
 40
0.0
 40
0.0
 40
0.0
 40
0.0
 40
1.0
 40
1.0
 40
1.0
 40
2.0
 40
2.0
 40
2.0
 40
3.0
 40
3.0
 40
3.0
 40
4.0
 40
4.0
 40
4.0
 40
5.0
 40
5.0
 40
5.0
 40
6.0
 40
6.0
 40
6.0
 40
7.0
 40
7.0
 40
7.0
 40
8.0
 40
8.0
 40
8.0
 40
9.0
 40
9.0
 40
9.0
 40
9.0
 10
236.2060944987224
 20
-524.0190038495714
 30
0.0
 10
235.9866411476413
 20
-524.0596139633634
 30
0.0
 10
235.7726112970959
 20
-523.9106661192892
 30
0.0
 10
235.734514512821
 20
-523.6884348776859
 30
0.0
 10
235.734514512821
 20
-523.6884348776859
 30
0.0
 10
235.734514512821
 20
-523.6884348776859
 30
0.0
 10
235.734514512821
 20
-523.6884348776859
 30
0.0
 10
235.6939043990276
 20
-523.4634257455641
 30
0.0
 10
235.840074352584
 20
-523.2521737855404
 30
0.0
 10
236.0652157652067
 20
-523.211695952246
 30
0.0
 10
236.0652157652067
 20
-523.211695952246
 30
0.0
 10
236.0652157652067
 20
-523.211695952246
 30
0.0
 10
236.0652157652067
 20
-523.211695952246
 30
0.0
 10
236.2873147263098
 20
-523.1737314484739
 30
0.0
 10
236.5013445768539
 20
-523.322679292548
 30
0.0
 10
236.5390445196266
 20
-523.5447782536505
 30
0.0
 10
236.5390445196266
 20
-523.5447782536505
 30
0.0
 10
236.5390445196266
 20
-523.5447782536505
 30
0.0
 10
236.5390445196266
 20
-523.5447782536505
 30
0.0
 10
236.5636486928022
 20
-523.6831436576478
 30
0.0
 10
236.5173505174698
 20
-523.8156887196064
 30
0.0
 10
236.4279288988249
 20
-523.9051103382526
 30
0.0
 10
236.4279288988249
 20
-523.9051103382526
 30
0.0
 10
236.4279288988249
 20
-523.9051103382526
 30
0.0
 10
236.4279288988249
 20
-523.9051103382526
 30
0.0
 10
236.368402673395
 20
-523.9646365636805
 30
0.0
 10
236.2927382268495
 20
-524.0027333479529
 30
0.0
 10
236.2060944987224
 20
-524.0190038495714
 30
0.0
  0
HATCH
  5
1AC
330
1A3
100
AcDbEntity
  8
Guides
 62
   254
420
 14869218
440
 33554687
100
AcDbHatch
 10
0.0
 20
0.0
 30
0.0
210
0.0
220
0.0
230
1.0
  2
SOLID
 70
     1
 71
     1
 91
        1
 92
        1
 93
        1
 72
     4
 94
        3
 73
     0
 74
     0
 95
       32
 96
       28
 40
0.0
 40
0.0
 40
0.0
 40
0.0
 40
1.0
 40
1.0
 40
1.0
 40
2.0
 40
2.0
 40
2.0
 40
3.0
 40
3.0
 40
3.0
 40
4.0
 40
4.0
 40
4.0
 40
5.0
 40
5.0
 40
5.0
 40
6.0
 40
6.0
 40
6.0
 40
7.0
 40
7.0
 40
7.0
 40
8.0
 40
8.0
 40
8.0
 40
9.0
 40
9.0
 40
9.0
 40
9.0
 10
236.2060944987224
 20
-524.0190038495714
 10
235.9866411476413
 20
-524.0596139633634
 10
235.7726112970959
 20
-523.9106661192892
 10
235.734514512821
 20
-523.6884348776859
 10
235.734514512821
 20
-523.6884348776859
 10
235.734514512821
 20
-523.6884348776859
 10
235.734514512821
 20
-523.6884348776859
 10
235.6939043990276
 20
-523.4634257455641
 10
235.840074352584
 20
-523.2521737855404
 10
236.0652157652067
 20
-523.211695952246
 10
236.0652157652067
 20
-523.211695952246
 10
236.0652157652067
 20
-523.211695952246
 10
236.0652157652067
 20
-523.211695952246
 10
236.2873147263098
 20
-523.1737314484739
 10
236.5013445768539
 20
-523.322679292548
 10
236.5390445196266
 20
-523.5447782536505
 10
236.5390445196266
 20
-523.5447782536505
 10
236.5390445196266
 20
-523.5447782536505
 10
236.5390445196266
 20
-523.5447782536505
 10
236.5636486928022
 20
-523.6831436576478
 10
236.5173505174698
 20
-523.8156887196064
 10
236.4279288988249
 20
-523.9051103382526
 10
236.4279288988249
 20
-523.9051103382526
 10
236.4279288988249
 20
-523.9051103382526
 10
236.4279288988249
 20
-523.9051103382526
 10
236.368402673395
 20
-523.9646365636805
 10
236.2927382268495
 20
-524.0027333479529
 10
236.2060944987224
 20
-524.0190038495714
 97
        0
 97
        1
330
1AB
 75
     2
 76
     1
 98
        1
 10
0.0
 20
0.0
450
        0
451
        0
460
0.0
461
0.0
452
        0
462
0.0
453
        0
470

  0
SPLINE
  5
1AD
330
1A3
100
AcDbEntity
  8
Guides
100
AcDbSpline
210
0.0
220
0.0
230
1.0
 70
     9
 71
     3
 72
    38
 73
    34
 74
     0
 42
0.0000000001
 43
0.0000000001
 40
0.0
 40
0.0
 40
0.0
 40
0.0
 40
1.0
 40
1.0
 40
1.0
 40
2.0
 40
2.0
 40
2.0
 40
3.0
 40
3.0
 40
3.0
 40
4.0
 40
4.0
 40
4.0
 40
5.0
 40
5.0
 40
5.0
 40
6.0
 40
6.0
 40
6.0
 40
7.0
 40
7.0
 40
7.0
 40
8.0
 40
8.0
 40
8.0
 40
9.0
 40
9.0
 40
9.0
 40
10.0
 40
10.0
 40
10.0
 40
11.0
 40
11.0
 40
11.0
 40
11.0
 10
235.9967096682416
 20
-522.6415407013464
 30
0.0
 10
235.7691872065982
 20
-522.6415407013464
 30
0.0
 10
235.5849204687707
 20
-522.4628297445583
 30
0.0
 10
235.5821425782491
 20
-522.2322648313927
 30
0.0
 10
235.5821425782491
 20
-522.2322648313927
 30
0.0
 10
235.5821425782491
 20
-522.2322648313927
 30
0.0
 10
235.5821425782491
 20
-522.2322648313927
 30
0.0
 10
235.5821425782491
 20
-522.2322648313927
 30
0.0
 10
235.5821425782491
 20
-522.2322648313927
 30
0.0
 10
235.5821425782491
 20
-522.2322648313927
 30
0.0
 10
235.5821425782491
 20
-522.2322648313927
 30
0.0
 10
235.5821425782491
 20
-522.2322648313927
 30
0.0
 10
235.5821425782491
 20
-522.2322648313927
 30
0.0
 10
235.5793646877281
 20
-522.0075202602727
 30
0.0
 10
235.7636314255582
 20
-521.8232535224447
 30
0.0
 10
235.9885082771822
 20
-521.8206079124272
 30
0.0
 10
235.9885082771822
 20
-521.8206079124272
 30
0.0
 10
235.9885082771822
 20
-521.8206079124272
 30
0.0
 10
235.9885082771822
 20
-521.8206079124272
 30
0.0
 10
236.2133851288037
 20
-521.8179623024066
 30
0.0
 10
236.4002974766499
 20
-521.9993188692114
 30
0.0
 10
236.4002974766532
 20
-522.2268413308569
 30
0.0
 10
236.4002974766532
 20
-522.2268413308569
 30
0.0
 10
236.4002974766532
 20
-522.2268413308569
 30
0.0
 10
236.4002974766532
 20
-522.2268413308569
 30
0.0
 10
236.4030753671728
 20
-522.3436450131981
 30
0.0
 10
236.3570417528391
 20
-522.4436490719206
 30
0.0
 10
236.2811127452911
 20
-522.5195780794678
 30
0.0
 10
236.2811127452911
 20
-522.5195780794678
 30
0.0
 10
236.2811127452911
 20
-522.5195780794678
 30
0.0
 10
236.2811127452911
 20
-522.5195780794678
 30
0.0
 10
236.2079616282634
 20
-522.5927291964962
 30
0.0
 10
236.107825289042
 20
-522.638895091329
 30
0.0
 10
235.9967096682416
 20
-522.6415407013464
 30
0.0
  0
HATCH
  5
1AE
330
1A3
100
AcDbEntity
  8
Guides
 62
   254
420
 14869218
440
 33554687
100
AcDbHatch
 10
0.0
 20
0.0
 30
0.0
210
0.0
220
0.0
230
1.0
  2
SOLID
 70
     1
 71
     1
 91
        1
 92
        1
 93
        1
 72
     4
 94
        3
 73
     0
 74
     0
 95
       38
 96
       34
 40
0.0
 40
0.0
 40
0.0
 40
0.0
 40
1.0
 40
1.0
 40
1.0
 40
2.0
 40
2.0
 40
2.0
 40
3.0
 40
3.0
 40
3.0
 40
4.0
 40
4.0
 40
4.0
 40
5.0
 40
5.0
 40
5.0
 40
6.0
 40
6.0
 40
6.0
 40
7.0
 40
7.0
 40
7.0
 40
8.0
 40
8.0
 40
8.0
 40
9.0
 40
9.0
 40
9.0
 40
10.0
 40
10.0
 40
10.0
 40
11.0
 40
11.0
 40
11.0
 40
11.0
 10
235.9967096682416
 20
-522.6415407013464
 10
235.7691872065982
 20
-522.6415407013464
 10
235.5849204687707
 20
-522.4628297445583
 10
235.5821425782491
 20
-522.2322648313927
 10
235.5821425782491
 20
-522.2322648313927
 10
235.5821425782491
 20
-522.2322648313927
 10
235.5821425782491
 20
-522.2322648313927
 10
235.5821425782491
 20
-522.2322648313927
 10
235.5821425782491
 20
-522.2322648313927
 10
235.5821425782491
 20
-522.2322648313927
 10
235.5821425782491
 20
-522.2322648313927
 10
235.5821425782491
 20
-522.2322648313927
 10
235.5821425782491
 20
-522.2322648313927
 10
235.5793646877281
 20
-522.0075202602727
 10
235.7636314255582
 20
-521.8232535224447
 10
235.9885082771822
 20
-521.8206079124272
 10
235.9885082771822
 20
-521.8206079124272
 10
235.9885082771822
 20
-521.8206079124272
 10
235.9885082771822
 20
-521.8206079124272
 10
236.2133851288037
 20
-521.8179623024066
 10
236.4002974766499
 20
-521.9993188692114
 10
236.4002974766532
 20
-522.2268413308569
 10
236.4002974766532
 20
-522.2268413308569
 10
236.4002974766532
 20
-522.2268413308569
 10
236.4002974766532
 20
-522.2268413308569
 10
236.4030753671728
 20
-522.3436450131981
 10
236.3570417528391
 20
-522.4436490719206
 10
236.2811127452911
 20
-522.5195780794678
 10
236.2811127452911
 20
-522.5195780794678
 10
236.2811127452911
 20
-522.5195780794678
 10
236.2811127452911
 20
-522.5195780794678
 10
236.2079616282634
 20
-522.5927291964962
 10
236.107825289042
 20
-522.638895091329
 10
235.9967096682416
 20
-522.6415407013464
 97
        0
 97
        1
330
1AD
 75
     2
 76
     1
 98
        1
 10
0.0
 20
0.0
450
        0
451
        0
460
0.0
461
0.0
452
        0
462
0.0
453
        0
470

  0
SPLINE
  5
1AF
330
1A3
100
AcDbEntity
  8
Guides
100
AcDbSpline
210
0.0
220
0.0
230
1.0
 70
     9
 71
     3
 72
    32
 73
    28
 74
     0
 42
0.0000000001
 43
0.0000000001
 40
0.0
 40
0.0
 40
0.0
 40
0.0
 40
1.0
 40
1.0
 40
1.0
 40
2.0
 40
2.0
 40
2.0
 40
3.0
 40
3.0
 40
3.0
 40
4.0
 40
4.0
 40
4.0
 40
5.0
 40
5.0
 40
5.0
 40
6.0
 40
6.0
 40
6.0
 40
7.0
 40
7.0
 40
7.0
 40
8.0
 40
8.0
 40
8.0
 40
9.0
 40
9.0
 40
9.0
 40
9.0
 10
236.3045135619064
 20
-521.0883195349106
 30
0.0
 10
236.266549058133
 20
-521.126284038682
 30
0.0
 10
236.2203831632996
 20
-521.156047151396
 30
0.0
 10
236.1717039389472
 20
-521.1777411535528
 30
0.0
 10
236.123024714596
 20
-521.1994351557065
 30
0.0
 10
236.0714353192255
 20
-521.2076365467678
 30
0.0
 10
236.0174648748349
 20
-521.2076365467678
 30
0.0
 10
235.903306802511
 20
-521.2075042662669
 30
0.0
 10
235.8031704632884
 20
-521.1668941524741
 30
0.0
 10
235.7245958457229
 20
-521.0883195349106
 30
0.0
 10
235.6489313991768
 20
-521.0126550883625
 30
0.0
 10
235.6081890048824
 20
-520.906830687597
 30
0.0
 10
235.6081890048824
 20
-520.7983606768179
 30
0.0
 10
235.6083212853847
 20
-520.5818174967529
 30
0.0
 10
235.7978792432515
 20
-520.392259538886
 30
0.0
 10
236.0172003138337
 20
-520.3893493678666
 30
0.0
 10
236.1230247145966
 20
-520.386703757846
 30
0.0
 10
236.2287168348599
 20
-520.4328696526787
 30
0.0
 10
236.3043812814061
 20
-520.5085340992268
 30
0.0
 10
236.3829558989709
 20
-520.587108716791
 30
0.0
 10
236.4264761837855
 20
-520.6901552270343
 30
0.0
 10
236.4264761837862
 20
-520.7986252378166
 30
0.0
 10
236.4263439032859
 20
-520.8527279627087
 30
0.0
 10
236.4154969022058
 20
-520.906962968098
 30
0.0
 10
236.3938029000496
 20
-520.955642192451
 30
0.0
 10
236.3721088978934
 20
-521.0043214168035
 30
0.0
 10
236.3451236756997
 20
-521.0477094211146
 30
0.0
 10
236.3045135619064
 20
-521.0883195349106
 30
0.0
  0
HATCH
  5
1B0
330
1A3
100
AcDbEntity
  8
Guides
 62
   254
420
 14869218
440
 33554687
100
AcDbHatch
 10
0.0
 20
0.0
 30
0.0
210
0.0
220
0.0
230
1.0
  2
SOLID
 70
     1
 71
     1
 91
        1
 92
        1
 93
        1
 72
     4
 94
        3
 73
     0
 74
     0
 95
       32
 96
       28
 40
0.0
 40
0.0
 40
0.0
 40
0.0
 40
1.0
 40
1.0
 40
1.0
 40
2.0
 40
2.0
 40
2.0
 40
3.0
 40
3.0
 40
3.0
 40
4.0
 40
4.0
 40
4.0
 40
5.0
 40
5.0
 40
5.0
 40
6.0
 40
6.0
 40
6.0
 40
7.0
 40
7.0
 40
7.0
 40
8.0
 40
8.0
 40
8.0
 40
9.0
 40
9.0
 40
9.0
 40
9.0
 10
236.3045135619064
 20
-521.0883195349106
 10
236.266549058133
 20
-521.126284038682
 10
236.2203831632996
 20
-521.156047151396
 10
236.1717039389472
 20
-521.1777411535528
 10
236.123024714596
 20
-521.1994351557065
 10
236.0714353192255
 20
-521.2076365467678
 10
236.0174648748349
 20
-521.2076365467678
 10
235.903306802511
 20
-521.2075042662669
 10
235.8031704632884
 20
-521.1668941524741
 10
235.7245958457229
 20
-521.0883195349106
 10
235.6489313991768
 20
-521.0126550883625
 10
235.6081890048824
 20
-520.906830687597
 10
235.6081890048824
 20
-520.7983606768179
 10
235.6083212853847
 20
-520.5818174967529
 10
235.7978792432515
 20
-520.392259538886
 10
236.0172003138337
 20
-520.3893493678666
 10
236.1230247145966
 20
-520.386703757846
 10
236.2287168348599
 20
-520.4328696526787
 10
236.3043812814061
 20
-520.5085340992268
 10
236.3829558989709
 20
-520.587108716791
 10
236.4264761837855
 20
-520.6901552270343
 10
236.4264761837862
 20
-520.7986252378166
 10
236.4263439032859
 20
-520.8527279627087
 10
236.4154969022058
 20
-520.906962968098
 10
236.3938029000496
 20
-520.955642192451
 10
236.3721088978934
 20
-521.0043214168035
 10
236.3451236756997
 20
-521.0477094211146
 10
236.3045135619064
 20
-521.0883195349106
 97
        0
 97
        1
330
1AF
 75
     2
 76
     1
 98
        1
 10
0.0
 20
0.0
450
        0
451
        0
460
0.0
461
0.0
452
        0
462
0.0
453
        0
470

  0
ENDBLK
  5
1A6
330
1A3
100
AcDbEntity
  8
0
100
AcDbBlockEnd
  0
BLOCK
  5
1B3
330
1B1
100
AcDbEntity
  8
0
100
AcDbBlockBegin
  2
Block_32
 70
     0
 10
0.0
 20
0.0
 30
0.0
  3
Block_32
  1

  0
INSERT
  5
1B6
330
1B1
100
AcDbEntity
  8
Guides
100
AcDbBlockReference
  2
Block_33
 10
0.0
 20
0.0
 30
0.0
  0
SPLINE
  5
1BD
330
1B1
100
AcDbEntity
  8
Guides
100
AcDbSpline
210
0.0
220
0.0
230
1.0
 70
     9
 71
     3
 72
    26
 73
    22
 74
     0
 42
0.0000000001
 43
0.0000000001
 40
0.0
 40
0.0
 40
0.0
 40
0.0
 40
1.0
 40
1.0
 40
1.0
 40
2.0
 40
2.0
 40
2.0
 40
3.0
 40
3.0
 40
3.0
 40
4.0
 40
4.0
 40
4.0
 40
5.0
 40
5.0
 40
5.0
 40
6.0
 40
6.0
 40
6.0
 40
7.0
 40
7.0
 40
7.0
 40
7.0
 10
254.2499912794494
 20
-524.7217894039858
 30
0.0
 10
254.5976244359564
 20
-525.3890122507978
 30
0.0
 10
255.4229224814104
 20
-525.6489434351739
 30
0.0
 10
256.090013047724
 20
-525.3014425591686
 30
0.0
 10
256.4129097505519
 20
-525.1335786034553
 30
0.0
 10
256.6512792132728
 20
-524.849175526404
 30
0.0
 10
256.7609397485642
 20
-524.5014100893961
 30
0.0
 10
256.8703357228531
 20
-524.1539092133868
 30
0.0
 10
256.8379270001197
 20
-523.784714335224
 30
0.0
 10
256.6695339224034
 20
-523.461553071393
 30
0.0
 10
256.5011408446915
 20
-523.138391807562
 30
0.0
 10
256.217134609141
 20
-522.9001546253433
 30
0.0
 10
255.8697660136353
 20
-522.7908909315566
 30
0.0
 10
255.5221328571278
 20
-522.6813626767681
 30
0.0
 10
255.1526734179611
 20
-522.7137713994957
 30
0.0
 10
254.8296444346323
 20
-522.8822967577143
 30
0.0
 10
254.1614956243105
 20
-523.2292685117146
 30
0.0
 10
253.9024904034435
 20
-524.054963398674
 30
0.0
 10
254.2502558404514
 20
-524.7220539649882
 30
0.0
 10
254.2502558404514
 20
-524.7220539649882
 30
0.0
 10
254.2499912794494
 20
-524.7217894039858
 30
0.0
 10
254.2499912794494
 20
-524.7217894039858
 30
0.0
  0
SPLINE
  5
1BE
330
1B1
100
AcDbEntity
  8
Guides
100
AcDbSpline
210
0.0
220
0.0
230
1.0
 70
     9
 71
     3
 72
    29
 73
    25
 74
     0
 42
0.0000000001
 43
0.0000000001
 40
0.0
 40
0.0
 40
0.0
 40
0.0
 40
1.0
 40
1.0
 40
1.0
 40
2.0
 40
2.0
 40
2.0
 40
3.0
 40
3.0
 40
3.0
 40
4.0
 40
4.0
 40
4.0
 40
5.0
 40
5.0
 40
5.0
 40
6.0
 40
6.0
 40
6.0
 40
7.0
 40
7.0
 40
7.0
 40
8.0
 40
8.0
 40
8.0
 40
8.0
 10
257.1835759491126
 20
-525.8116484513461
 30
0.0
 10
257.0098916513594
 20
-525.9853327490979
 30
0.0
 10
256.8086930094095
 20
-526.1336191906694
 30
0.0
 10
256.5844775602914
 20
-526.2504228730114
 30
0.0
 10
255.3940853322042
 20
-526.870421580987
 30
0.0
 10
253.9214065150793
 20
-526.4065138641399
 30
0.0
 10
253.3012755266053
 20
-525.2165184775531
 30
0.0
 10
253.3012755266053
 20
-525.2165184775531
 30
0.0
 10
253.3010109656035
 20
-525.2162539165505
 30
0.0
 10
253.3010109656035
 20
-525.2162539165505
 30
0.0
 10
252.6811445381313
 20
-524.0259939689637
 30
0.0
 10
253.1454490964825
 20
-522.5531828713392
 30
0.0
 10
254.335179922065
 20
-521.9333164438677
 30
0.0
 10
254.911790625723
 20
-521.6329074262004
 30
0.0
 10
255.5708120814776
 20
-521.5749685667804
 30
0.0
 10
256.1909430699529
 20
-521.770214586192
 30
0.0
 10
256.811074058427
 20
-521.9654606055997
 30
0.0
 10
257.317972938083
 20
-522.390345574666
 30
0.0
 10
257.6185142362519
 20
-522.9670885588283
 30
0.0
 10
257.9187909734164
 20
-523.5435669819854
 30
0.0
 10
257.9765975523341
 20
-524.2027207182409
 30
0.0
 10
257.7813515329264
 20
-524.8228517067143
 30
0.0
 10
257.6621668015643
 20
-525.2018353419458
 30
0.0
 10
257.4567351835831
 20
-525.5384892168763
 30
0.0
 10
257.1835759491126
 20
-525.8116484513461
 30
0.0
  0
HATCH
  5
1BF
330
1B1
100
AcDbEntity
  8
Guides
 62
   254
420
 14869218
440
 33554687
100
AcDbHatch
 10
0.0
 20
0.0
 30
0.0
210
0.0
220
0.0
230
1.0
  2
SOLID
 70
     1
 71
     1
 91
        2
 92
        1
 93
        1
 72
     4
 94
        3
 73
     0
 74
     0
 95
       26
 96
       22
 40
0.0
 40
0.0
 40
0.0
 40
0.0
 40
1.0
 40
1.0
 40
1.0
 40
2.0
 40
2.0
 40
2.0
 40
3.0
 40
3.0
 40
3.0
 40
4.0
 40
4.0
 40
4.0
 40
5.0
 40
5.0
 40
5.0
 40
6.0
 40
6.0
 40
6.0
 40
7.0
 40
7.0
 40
7.0
 40
7.0
 10
254.2499912794494
 20
-524.7217894039858
 10
254.5976244359564
 20
-525.3890122507978
 10
255.4229224814104
 20
-525.6489434351739
 10
256.090013047724
 20
-525.3014425591686
 10
256.4129097505519
 20
-525.1335786034553
 10
256.6512792132728
 20
-524.849175526404
 10
256.7609397485642
 20
-524.5014100893961
 10
256.8703357228531
 20
-524.1539092133868
 10
256.8379270001197
 20
-523.784714335224
 10
256.6695339224034
 20
-523.461553071393
 10
256.5011408446915
 20
-523.138391807562
 10
256.217134609141
 20
-522.9001546253433
 10
255.8697660136353
 20
-522.7908909315566
 10
255.5221328571278
 20
-522.6813626767681
 10
255.1526734179611
 20
-522.7137713994957
 10
254.8296444346323
 20
-522.8822967577143
 10
254.1614956243105
 20
-523.2292685117146
 10
253.9024904034435
 20
-524.054963398674
 10
254.2502558404514
 20
-524.7220539649882
 10
254.2502558404514
 20
-524.7220539649882
 10
254.2499912794494
 20
-524.7217894039858
 10
254.2499912794494
 20
-524.7217894039858
 97
        0
 97
        1
330
1BD
 92
        1
 93
        1
 72
     4
 94
        3
 73
     0
 74
     0
 95
       29
 96
       25
 40
0.0
 40
0.0
 40
0.0
 40
0.0
 40
1.0
 40
1.0
 40
1.0
 40
2.0
 40
2.0
 40
2.0
 40
3.0
 40
3.0
 40
3.0
 40
4.0
 40
4.0
 40
4.0
 40
5.0
 40
5.0
 40
5.0
 40
6.0
 40
6.0
 40
6.0
 40
7.0
 40
7.0
 40
7.0
 40
8.0
 40
8.0
 40
8.0
 40
8.0
 10
257.1835759491126
 20
-525.8116484513461
 10
257.0098916513594
 20
-525.9853327490979
 10
256.8086930094095
 20
-526.1336191906694
 10
256.5844775602914
 20
-526.2504228730114
 10
255.3940853322042
 20
-526.870421580987
 10
253.9214065150793
 20
-526.4065138641399
 10
253.3012755266053
 20
-525.2165184775531
 10
253.3012755266053
 20
-525.2165184775531
 10
253.3010109656035
 20
-525.2162539165505
 10
253.3010109656035
 20
-525.2162539165505
 10
252.6811445381313
 20
-524.0259939689637
 10
253.1454490964825
 20
-522.5531828713392
 10
254.335179922065
 20
-521.9333164438677
 10
254.911790625723
 20
-521.6329074262004
 10
255.5708120814776
 20
-521.5749685667804
 10
256.1909430699529
 20
-521.770214586192
 10
256.811074058427
 20
-521.9654606055997
 10
257.317972938083
 20
-522.390345574666
 10
257.6185142362519
 20
-522.9670885588283
 10
257.9187909734164
 20
-523.5435669819854
 10
257.9765975523341
 20
-524.2027207182409
 10
257.7813515329264
 20
-524.8228517067143
 10
257.6621668015643
 20
-525.2018353419458
 10
257.4567351835831
 20
-525.5384892168763
 10
257.1835759491126
 20
-525.8116484513461
 97
        0
 97
        1
330
1BE
 75
     2
 76
     1
 98
        1
 10
0.0
 20
0.0
450
        0
451
        0
460
0.0
461
0.0
452
        0
462
0.0
453
        0
470

  0
ENDBLK
  5
1B4
330
1B1
100
AcDbEntity
  8
0
100
AcDbBlockEnd
  0
BLOCK
  5
1B7
330
1B5
100
AcDbEntity
  8
0
100
AcDbBlockBegin
  2
Block_33
 70
     0
 10
0.0
 20
0.0
 30
0.0
  3
Block_33
  1

  0
SPLINE
  5
1B9
330
1B5
100
AcDbEntity
  8
Guides
100
AcDbSpline
210
0.0
220
0.0
230
1.0
 70
     9
 71
     3
 72
    29
 73
    25
 74
     0
 42
0.0000000001
 43
0.0000000001
 40
0.0
 40
0.0
 40
0.0
 40
0.0
 40
1.0
 40
1.0
 40
1.0
 40
2.0
 40
2.0
 40
2.0
 40
3.0
 40
3.0
 40
3.0
 40
4.0
 40
4.0
 40
4.0
 40
5.0
 40
5.0
 40
5.0
 40
6.0
 40
6.0
 40
6.0
 40
7.0
 40
7.0
 40
7.0
 40
8.0
 40
8.0
 40
8.0
 40
8.0
 10
242.974126558181
 20
-530.7370995951323
 30
0.0
 10
240.6474548407631
 20
-530.0043965422526
 30
0.0
 10
238.744336157758
 20
-528.4105649055492
 30
0.0
 10
237.6156987916435
 20
-526.2496207405106
 30
0.0
 10
237.458969400354
 20
-525.9492252780926
 30
0.0
 10
237.0879132516197
 20
-525.8329495484209
 30
0.0
 10
236.7872132829055
 20
-525.9896789397071
 30
0.0
 10
236.4873659318224
 20
-526.1467128372906
 30
0.0
 10
236.3698874022752
 20
-526.5176015075637
 30
0.0
 10
236.5273019327325
 20
-526.8184080534832
 30
0.0
 10
237.807537759024
 20
-529.2695923959199
 30
0.0
 10
239.9660610990016
 20
-531.0773244812532
 30
0.0
 10
242.6050801510087
 20
-531.9083373922601
 30
0.0
 10
246.4177882758383
 20
-533.10902094835
 30
0.0
 10
250.4157123560816
 20
-531.9863671309788
 30
0.0
 10
253.0617046023019
 20
-529.3398267734217
 30
0.0
 10
253.5152971829568
 20
-528.8862341927694
 30
0.0
 10
253.9258782490996
 20
-528.3852147562907
 30
0.0
 10
254.2911335528695
 20
-527.845294640314
 30
0.0
 10
253.8934026524786
 20
-527.7214671544611
 30
0.0
 10
253.5170480941666
 20
-527.5325362222186
 30
0.0
 10
253.1745850867595
 20
-527.2886419032897
 30
0.0
 10
250.9447311466101
 20
-530.4427333574042
 30
0.0
 10
246.8551506708407
 20
-531.9592965211346
 30
0.0
 10
242.974126558181
 20
-530.7370995951323
 30
0.0
  0
HATCH
  5
1BA
330
1B5
100
AcDbEntity
  8
Guides
 62
   254
420
 14869218
440
 33554687
100
AcDbHatch
 10
0.0
 20
0.0
 30
0.0
210
0.0
220
0.0
230
1.0
  2
SOLID
 70
     1
 71
     1
 91
        1
 92
        1
 93
        1
 72
     4
 94
        3
 73
     0
 74
     0
 95
       29
 96
       25
 40
0.0
 40
0.0
 40
0.0
 40
0.0
 40
1.0
 40
1.0
 40
1.0
 40
2.0
 40
2.0
 40
2.0
 40
3.0
 40
3.0
 40
3.0
 40
4.0
 40
4.0
 40
4.0
 40
5.0
 40
5.0
 40
5.0
 40
6.0
 40
6.0
 40
6.0
 40
7.0
 40
7.0
 40
7.0
 40
8.0
 40
8.0
 40
8.0
 40
8.0
 10
242.974126558181
 20
-530.7370995951323
 10
240.6474548407631
 20
-530.0043965422526
 10
238.744336157758
 20
-528.4105649055492
 10
237.6156987916435
 20
-526.2496207405106
 10
237.458969400354
 20
-525.9492252780926
 10
237.0879132516197
 20
-525.8329495484209
 10
236.7872132829055
 20
-525.9896789397071
 10
236.4873659318224
 20
-526.1467128372906
 10
236.3698874022752
 20
-526.5176015075637
 10
236.5273019327325
 20
-526.8184080534832
 10
237.807537759024
 20
-529.2695923959199
 10
239.9660610990016
 20
-531.0773244812532
 10
242.6050801510087
 20
-531.9083373922601
 10
246.4177882758383
 20
-533.10902094835
 10
250.4157123560816
 20
-531.9863671309788
 10
253.0617046023019
 20
-529.3398267734217
 10
253.5152971829568
 20
-528.8862341927694
 10
253.9258782490996
 20
-528.3852147562907
 10
254.2911335528695
 20
-527.845294640314
 10
253.8934026524786
 20
-527.7214671544611
 10
253.5170480941666
 20
-527.5325362222186
 10
253.1745850867595
 20
-527.2886419032897
 10
250.9447311466101
 20
-530.4427333574042
 10
246.8551506708407
 20
-531.9592965211346
 10
242.974126558181
 20
-530.7370995951323
 97
        0
 97
        1
330
1B9
 75
     2
 76
     1
 98
        1
 10
0.0
 20
0.0
450
        0
451
        0
460
0.0
461
0.0
452
        0
462
0.0
453
        0
470

  0
SPLINE
  5
1BB
330
1B5
100
AcDbEntity
  8
Guides
100
AcDbSpline
210
0.0
220
0.0
230
1.0
 70
     9
 71
     3
 72
    26
 73
    22
 74
     0
 42
0.0000000001
 43
0.0000000001
 40
0.0
 40
0.0
 40
0.0
 40
0.0
 40
1.0
 40
1.0
 40
1.0
 40
2.0
 40
2.0
 40
2.0
 40
3.0
 40
3.0
 40
3.0
 40
4.0
 40
4.0
 40
4.0
 40
5.0
 40
5.0
 40
5.0
 40
6.0
 40
6.0
 40
6.0
 40
7.0
 40
7.0
 40
7.0
 40
7.0
 10
255.9020936688016
 20
-520.1825763692148
 30
0.0
 10
255.2305659310768
 20
-516.5258515952473
 30
0.0
 10
252.6159378334924
 20
-513.3448722350684
 30
0.0
 10
248.8267680454525
 20
-512.1517099845253
 30
0.0
 10
243.3742630583228
 20
-510.4345532973647
 30
0.0
 10
237.5435003485221
 20
-513.4689737765882
 30
0.0
 10
235.8282163750868
 20
-518.9166523389009
 30
0.0
 10
235.7262372160768
 20
-519.2398248723659
 30
0.0
 10
235.9057436784145
 20
-519.5846782542099
 30
0.0
 10
236.2292816194347
 20
-519.6865356106992
 30
0.0
 10
236.5532458692717
 20
-519.78851476971
 30
0.0
 10
236.8984951093021
 20
-519.6099522768961
 30
0.0
 10
236.9994084962708
 20
-519.2851658600559
 30
0.0
 10
238.5116324452607
 20
-514.48390849124
 30
0.0
 10
243.651683520597
 20
-511.8096276099899
 30
0.0
 10
248.4576911876504
 20
-513.322917331022
 30
0.0
 10
251.7420352104914
 20
-514.3572034208814
 30
0.0
 10
254.0252995552107
 20
-517.0853819167779
 30
0.0
 10
254.6639406128136
 20
-520.2405239176151
 30
0.0
 10
255.0706392236638
 20
-520.1558102656725
 30
0.0
 10
255.4873713170159
 20
-520.1348145564663
 30
0.0
 10
255.9020936688016
 20
-520.1825763692148
 30
0.0
  0
HATCH
  5
1BC
330
1B5
100
AcDbEntity
  8
Guides
 62
   254
420
 14869218
440
 33554687
100
AcDbHatch
 10
0.0
 20
0.0
 30
0.0
210
0.0
220
0.0
230
1.0
  2
SOLID
 70
     1
 71
     1
 91
        1
 92
        1
 93
        1
 72
     4
 94
        3
 73
     0
 74
     0
 95
       26
 96
       22
 40
0.0
 40
0.0
 40
0.0
 40
0.0
 40
1.0
 40
1.0
 40
1.0
 40
2.0
 40
2.0
 40
2.0
 40
3.0
 40
3.0
 40
3.0
 40
4.0
 40
4.0
 40
4.0
 40
5.0
 40
5.0
 40
5.0
 40
6.0
 40
6.0
 40
6.0
 40
7.0
 40
7.0
 40
7.0
 40
7.0
 10
255.9020936688016
 20
-520.1825763692148
 10
255.2305659310768
 20
-516.5258515952473
 10
252.6159378334924
 20
-513.3448722350684
 10
248.8267680454525
 20
-512.1517099845253
 10
243.3742630583228
 20
-510.4345532973647
 10
237.5435003485221
 20
-513.4689737765882
 10
235.8282163750868
 20
-518.9166523389009
 10
235.7262372160768
 20
-519.2398248723659
 10
235.9057436784145
 20
-519.5846782542099
 10
236.2292816194347
 20
-519.6865356106992
 10
236.5532458692717
 20
-519.78851476971
 10
236.8984951093021
 20
-519.6099522768961
 10
236.9994084962708
 20
-519.2851658600559
 10
238.5116324452607
 20
-514.48390849124
 10
243.651683520597
 20
-511.8096276099899
 10
248.4576911876504
 20
-513.322917331022
 10
251.7420352104914
 20
-514.3572034208814
 10
254.0252995552107
 20
-517.0853819167779
 10
254.6639406128136
 20
-520.2405239176151
 10
255.0706392236638
 20
-520.1558102656725
 10
255.4873713170159
 20
-520.1348145564663
 10
255.9020936688016
 20
-520.1825763692148
 97
        0
 97
        1
330
1BB
 75
     2
 76
     1
 98
        1
 10
0.0
 20
0.0
450
        0
451
        0
460
0.0
461
0.0
452
        0
462
0.0
453
        0
470

  0
ENDBLK
  5
1B8
330
1B5
100
AcDbEntity
  8
0
100
AcDbBlockEnd
  0
BLOCK
  5
1C2
330
1C0
100
AcDbEntity
  8
0
100
AcDbBlockBegin
  2
Block_34
 70
     0
 10
0.0
 20
0.0
 30
0.0
  3
Block_34
  1

  0
LWPOLYLINE
  5
1C4
330
1C0
100
AcDbEntity
  8
Guides
100
AcDbPolyline
 90
        3
 70
     1
 43
0.0
 10
249.5252902664466
 20
-522.8957427046501
 10
252.3977286207512
 20
-523.5963203431526
 10
249.5252902664466
 20
-522.8957427046501
  0
HATCH
  5
1C5
330
1C0
100
AcDbEntity
  8
Guides
 62
   254
420
 14869218
440
 33554687
100
AcDbHatch
 10
0.0
 20
0.0
 30
0.0
210
0.0
220
0.0
230
1.0
  2
SOLID
 70
     1
 71
     1
 91
        1
 92
        1
 93
        2
 72
     1
 10
249.5252902664466
 20
-522.8957427046501
 11
252.3977286207512
 21
-523.5963203431526
 72
     1
 10
252.3977286207512
 20
-523.5963203431526
 11
249.5252902664466
 21
-522.8957427046501
 97
        1
330
1C4
 75
     2
 76
     1
 98
        1
 10
0.0
 20
0.0
450
        0
451
        0
460
0.0
461
0.0
452
        0
462
0.0
453
        0
470

  0
LWPOLYLINE
  5
1C6
330
1C0
100
AcDbEntity
  8
Guides
100
AcDbPolyline
 90
        3
 70
     1
 43
0.0
 10
241.9358209851995
 20
-521.0447250491379
 10
239.0661231875691
 20
-520.3448173244878
 10
241.9358209851995
 20
-521.0447250491379
  0
HATCH
  5
1C7
330
1C0
100
AcDbEntity
  8
Guides
 62
   254
420
 14869218
440
 33554687
100
AcDbHatch
 10
0.0
 20
0.0
 30
0.0
210
0.0
220
0.0
230
1.0
  2
SOLID
 70
     1
 71
     1
 91
        1
 92
        1
 93
        2
 72
     1
 10
241.9358209851995
 20
-521.0447250491379
 11
239.0661231875691
 21
-520.3448173244878
 72
     1
 10
239.0661231875691
 20
-520.3448173244878
 11
241.9358209851995
 21
-521.0447250491379
 97
        1
330
1C6
 75
     2
 76
     1
 98
        1
 10
0.0
 20
0.0
450
        0
451
        0
460
0.0
461
0.0
452
        0
462
0.0
453
        0
470

  0
SPLINE
  5
1C8
330
1C0
100
AcDbEntity
  8
Guides
100
AcDbSpline
210
0.0
220
0.0
230
1.0
 70
     9
 71
     3
 72
    20
 73
    16
 74
     0
 42
0.0000000001
 43
0.0000000001
 40
0.0
 40
0.0
 40
0.0
 40
0.0
 40
1.0
 40
1.0
 40
1.0
 40
2.0
 40
2.0
 40
2.0
 40
3.0
 40
3.0
 40
3.0
 40
4.0
 40
4.0
 40
4.0
 40
5.0
 40
5.0
 40
5.0
 40
5.0
 10
247.5731612948699
 20
-525.4705261532141
 30
0.0
 10
247.5731612948699
 20
-525.4705261532141
 30
0.0
 10
249.1717432298127
 20
-527.9582360260288
 30
0.0
 10
249.1717432298127
 20
-527.9582360260288
 30
0.0
 10
249.4165358423178
 20
-527.8150876156066
 30
0.0
 10
249.6559691439906
 20
-527.6573229029081
 30
0.0
 10
249.8869828465359
 20
-527.4805113213041
 30
0.0
 10
251.199892198543
 20
-526.4757623422964
 30
0.0
 10
252.0487339532656
 20
-525.0896496763882
 30
0.0
 10
252.3977286207512
 20
-523.5963203431526
 30
0.0
 10
252.3977286207512
 20
-523.5963203431526
 30
0.0
 10
249.5252902664466
 20
-522.8957427046501
 30
0.0
 10
249.5252902664466
 20
-522.8957427046501
 30
0.0
 10
249.2672211793729
 20
-524.0342003988595
 30
0.0
 10
248.5343658733432
 20
-524.9508557060147
 30
0.0
 10
247.5731612948699
 20
-525.4705261532141
 30
0.0
  0
HATCH
  5
1C9
330
1C0
100
AcDbEntity
  8
Guides
 62
   254
420
 14869218
440
 33554687
100
AcDbHatch
 10
0.0
 20
0.0
 30
0.0
210
0.0
220
0.0
230
1.0
  2
SOLID
 70
     1
 71
     1
 91
        1
 92
        1
 93
        1
 72
     4
 94
        3
 73
     0
 74
     0
 95
       20
 96
       16
 40
0.0
 40
0.0
 40
0.0
 40
0.0
 40
1.0
 40
1.0
 40
1.0
 40
2.0
 40
2.0
 40
2.0
 40
3.0
 40
3.0
 40
3.0
 40
4.0
 40
4.0
 40
4.0
 40
5.0
 40
5.0
 40
5.0
 40
5.0
 10
247.5731612948699
 20
-525.4705261532141
 10
247.5731612948699
 20
-525.4705261532141
 10
249.1717432298127
 20
-527.9582360260288
 10
249.1717432298127
 20
-527.9582360260288
 10
249.4165358423178
 20
-527.8150876156066
 10
249.6559691439906
 20
-527.6573229029081
 10
249.8869828465359
 20
-527.4805113213041
 10
251.199892198543
 20
-526.4757623422964
 10
252.0487339532656
 20
-525.0896496763882
 10
252.3977286207512
 20
-523.5963203431526
 10
252.3977286207512
 20
-523.5963203431526
 10
249.5252902664466
 20
-522.8957427046501
 10
249.5252902664466
 20
-522.8957427046501
 10
249.2672211793729
 20
-524.0342003988595
 10
248.5343658733432
 20
-524.9508557060147
 10
247.5731612948699
 20
-525.4705261532141
 97
        0
 97
        1
330
1C8
 75
     2
 76
     1
 98
        1
 10
0.0
 20
0.0
450
        0
451
        0
460
0.0
461
0.0
452
        0
462
0.0
453
        0
470

  0
SPLINE
  5
1CA
330
1C0
100
AcDbEntity
  8
Guides
100
AcDbSpline
210
0.0
220
0.0
230
1.0
 70
     9
 71
     3
 72
    26
 73
    22
 74
     0
 42
0.0000000001
 43
0.0000000001
 40
0.0
 40
0.0
 40
0.0
 40
0.0
 40
1.0
 40
1.0
 40
1.0
 40
2.0
 40
2.0
 40
2.0
 40
3.0
 40
3.0
 40
3.0
 40
4.0
 40
4.0
 40
4.0
 40
5.0
 40
5.0
 40
5.0
 40
6.0
 40
6.0
 40
6.0
 40
7.0
 40
7.0
 40
7.0
 40
7.0
 10
245.0034631014727
 20
-525.8759762882463
 30
0.0
 10
242.8797600566067
 20
-525.4823866734989
 30
0.0
 10
241.4771583746911
 20
-523.4416311440544
 30
0.0
 10
241.8708088906964
 20
-521.3178976485624
 30
0.0
 10
241.8880439471319
 20
-521.2247796228093
 30
0.0
 10
241.9123587749822
 20
-521.1349350397508
 30
0.0
 10
241.9358209851995
 20
-521.0447250491379
 30
0.0
 10
241.9358209851995
 20
-521.0447250491379
 30
0.0
 10
239.0661231875691
 20
-520.3448173244878
 30
0.0
 10
239.0661231875691
 20
-520.3448173244878
 30
0.0
 10
238.5699149505909
 20
-522.3073451861235
 30
0.0
 10
238.9410167752696
 20
-524.4691267434811
 30
0.0
 10
240.2667610677152
 20
-526.2014782948866
 30
0.0
 10
242.3933264717749
 20
-528.9802048361548
 30
0.0
 10
246.2270759817569
 20
-529.6795187735228
 30
0.0
 10
249.1717432298127
 20
-527.9582360260288
 30
0.0
 10
249.1717432298127
 20
-527.9582360260288
 30
0.0
 10
247.5731612948699
 20
-525.4705261532141
 30
0.0
 10
247.5731612948699
 20
-525.4705261532141
 30
0.0
 10
246.8147274598573
 20
-525.8805438827066
 30
0.0
 10
245.9172255988056
 20
-526.0453426908766
 30
0.0
 10
245.0034631014727
 20
-525.8759762882463
 30
0.0
  0
HATCH
  5
1CB
330
1C0
100
AcDbEntity
  8
Guides
 62
   254
420
 14869218
440
 33554687
100
AcDbHatch
 10
0.0
 20
0.0
 30
0.0
210
0.0
220
0.0
230
1.0
  2
SOLID
 70
     1
 71
     1
 91
        1
 92
        1
 93
        1
 72
     4
 94
        3
 73
     0
 74
     0
 95
       26
 96
       22
 40
0.0
 40
0.0
 40
0.0
 40
0.0
 40
1.0
 40
1.0
 40
1.0
 40
2.0
 40
2.0
 40
2.0
 40
3.0
 40
3.0
 40
3.0
 40
4.0
 40
4.0
 40
4.0
 40
5.0
 40
5.0
 40
5.0
 40
6.0
 40
6.0
 40
6.0
 40
7.0
 40
7.0
 40
7.0
 40
7.0
 10
245.0034631014727
 20
-525.8759762882463
 10
242.8797600566067
 20
-525.4823866734989
 10
241.4771583746911
 20
-523.4416311440544
 10
241.8708088906964
 20
-521.3178976485624
 10
241.8880439471319
 20
-521.2247796228093
 10
241.9123587749822
 20
-521.1349350397508
 10
241.9358209851995
 20
-521.0447250491379
 10
241.9358209851995
 20
-521.0447250491379
 10
239.0661231875691
 20
-520.3448173244878
 10
239.0661231875691
 20
-520.3448173244878
 10
238.5699149505909
 20
-522.3073451861235
 10
238.9410167752696
 20
-524.4691267434811
 10
240.2667610677152
 20
-526.2014782948866
 10
242.3933264717749
 20
-528.9802048361548
 10
246.2270759817569
 20
-529.6795187735228
 10
249.1717432298127
 20
-527.9582360260288
 10
249.1717432298127
 20
-527.9582360260288
 10
247.5731612948699
 20
-525.4705261532141
 10
247.5731612948699
 20
-525.4705261532141
 10
246.8147274598573
 20
-525.8805438827066
 10
245.9172255988056
 20
-526.0453426908766
 10
245.0034631014727
 20
-525.8759762882463
 97
        0
 97
        1
330
1CA
 75
     2
 76
     1
 98
        1
 10
0.0
 20
0.0
450
        0
451
        0
460
0.0
461
0.0
452
        0
462
0.0
453
        0
470

  0
SPLINE
  5
1CC
330
1C0
100
AcDbEntity
  8
Guides
100
AcDbSpline
210
0.0
220
0.0
230
1.0
 70
     9
 71
     3
 72
    29
 73
    25
 74
     0
 42
0.0000000001
 43
0.0000000001
 40
0.0
 40
0.0
 40
0.0
 40
0.0
 40
1.0
 40
1.0
 40
1.0
 40
2.0
 40
2.0
 40
2.0
 40
3.0
 40
3.0
 40
3.0
 40
4.0
 40
4.0
 40
4.0
 40
5.0
 40
5.0
 40
5.0
 40
6.0
 40
6.0
 40
6.0
 40
7.0
 40
7.0
 40
7.0
 40
8.0
 40
8.0
 40
8.0
 40
8.0
 10
241.5457940941319
 20
-516.5812869666918
 30
0.0
 10
240.2684663029811
 20
-517.5588587586543
 30
0.0
 10
239.4319722786192
 20
-518.8977881737756
 30
0.0
 10
239.0661231875691
 20
-520.3448173244878
 30
0.0
 10
239.0661231875691
 20
-520.3448173244878
 30
0.0
 10
241.9358209851995
 20
-521.0447250491379
 30
0.0
 10
241.9358209851995
 20
-521.0447250491379
 30
0.0
 10
242.4473915648833
 20
-519.0765181450529
 30
0.0
 10
244.3982416100122
 20
-517.8088584288456
 30
0.0
 10
246.4288875303797
 20
-518.1852129871562
 30
0.0
 10
248.5526362511895
 20
-518.5788178272169
 30
0.0
 10
249.9551922571612
 20
-520.6195581313449
 30
0.0
 10
249.5615874170998
 20
-522.743306852154
 30
0.0
 10
249.5519345674728
 20
-522.7952251758684
 30
0.0
 10
249.5368462804353
 20
-522.844661773258
 30
0.0
 10
249.5252902664466
 20
-522.8957427046501
 30
0.0
 10
249.5252902664466
 20
-522.8957427046501
 30
0.0
 10
252.3977286207512
 20
-523.5963203431526
 30
0.0
 10
252.3977286207512
 20
-523.5963203431526
 30
0.0
 10
252.848717672564
 20
-521.6662833034545
 30
0.0
 10
252.4645982036676
 20
-519.5571661102355
 30
0.0
 10
251.1660158729553
 20
-517.8603199931124
 30
0.0
 10
248.862623661975
 20
-514.8505645239779
 30
0.0
 10
244.5555343379493
 20
-514.2779404316591
 30
0.0
 10
241.5457940941319
 20
-516.5812869666918
 30
0.0
  0
HATCH
  5
1CD
330
1C0
100
AcDbEntity
  8
Guides
 62
   254
420
 14869218
440
 33554687
100
AcDbHatch
 10
0.0
 20
0.0
 30
0.0
210
0.0
220
0.0
230
1.0
  2
SOLID
 70
     1
 71
     1
 91
        1
 92
        1
 93
        1
 72
     4
 94
        3
 73
     0
 74
     0
 95
       29
 96
       25
 40
0.0
 40
0.0
 40
0.0
 40
0.0
 40
1.0
 40
1.0
 40
1.0
 40
2.0
 40
2.0
 40
2.0
 40
3.0
 40
3.0
 40
3.0
 40
4.0
 40
4.0
 40
4.0
 40
5.0
 40
5.0
 40
5.0
 40
6.0
 40
6.0
 40
6.0
 40
7.0
 40
7.0
 40
7.0
 40
8.0
 40
8.0
 40
8.0
 40
8.0
 10
241.5457940941319
 20
-516.5812869666918
 10
240.2684663029811
 20
-517.5588587586543
 10
239.4319722786192
 20
-518.8977881737756
 10
239.0661231875691
 20
-520.3448173244878
 10
239.0661231875691
 20
-520.3448173244878
 10
241.9358209851995
 20
-521.0447250491379
 10
241.9358209851995
 20
-521.0447250491379
 10
242.4473915648833
 20
-519.0765181450529
 10
244.3982416100122
 20
-517.8088584288456
 10
246.4288875303797
 20
-518.1852129871562
 10
248.5526362511895
 20
-518.5788178272169
 10
249.9551922571612
 20
-520.6195581313449
 10
249.5615874170998
 20
-522.743306852154
 10
249.5519345674728
 20
-522.7952251758684
 10
249.5368462804353
 20
-522.844661773258
 10
249.5252902664466
 20
-522.8957427046501
 10
249.5252902664466
 20
-522.8957427046501
 10
252.3977286207512
 20
-523.5963203431526
 10
252.3977286207512
 20
-523.5963203431526
 10
252.848717672564
 20
-521.6662833034545
 10
252.4645982036676
 20
-519.5571661102355
 10
251.1660158729553
 20
-517.8603199931124
 10
248.862623661975
 20
-514.8505645239779
 10
244.5555343379493
 20
-514.2779404316591
 10
241.5457940941319
 20
-516.5812869666918
 97
        0
 97
        1
330
1CC
 75
     2
 76
     1
 98
        1
 10
0.0
 20
0.0
450
        0
451
        0
460
0.0
461
0.0
452
        0
462
0.0
453
        0
470

  0
LWPOLYLINE
  5
1CE
330
1C0
100
AcDbEntity
  8
Guides
100
AcDbPolyline
 90
        3
 70
     1
 43
0.0
 10
245.2482861646083
 20
-521.852595481537
 10
245.2482252633466
 20
-521.852595481537
 10
245.2482861646083
 20
-521.852595481537
  0
HATCH
  5
1CF
330
1C0
100
AcDbEntity
  8
Guides
 62
   254
420
 14869218
440
 33554687
100
AcDbHatch
 10
0.0
 20
0.0
 30
0.0
210
0.0
220
0.0
230
1.0
  2
SOLID
 70
     1
 71
     1
 91
        1
 92
        1
 93
        2
 72
     1
 10
245.2482861646083
 20
-521.852595481537
 11
245.2482252633466
 21
-521.852595481537
 72
     1
 10
245.2482252633466
 20
-521.852595481537
 11
245.2482861646083
 21
-521.852595481537
 97
        1
330
1CE
 75
     2
 76
     1
 98
        1
 10
0.0
 20
0.0
450
        0
451
        0
460
0.0
461
0.0
452
        0
462
0.0
453
        0
470

  0
ENDBLK
  5
1C3
330
1C0
100
AcDbEntity
  8
0
100
AcDbBlockEnd
  0
BLOCK
  5
1D2
330
1D0
100
AcDbEntity
  8
0
100
AcDbBlockBegin
  2
Block_35
 70
     0
 10
0.0
 20
0.0
 30
0.0
  3
Block_35
  1

  0
INSERT
  5
1D5
330
1D0
100
AcDbEntity
  8
Guides
100
AcDbBlockReference
  2
Block_36
 10
0.0
 20
0.0
 30
0.0
  0
INSERT
  5
1E3
330
1D0
100
AcDbEntity
  8
Guides
100
AcDbBlockReference
  2
Block_37
 10
0.0
 20
0.0
 30
0.0
  0
INSERT
  5
1F2
330
1D0
100
AcDbEntity
  8
Guides
100
AcDbBlockReference
  2
Block_39
 10
0.0
 20
0.0
 30
0.0
  0
ENDBLK
  5
1D3
330
1D0
100
AcDbEntity
  8
0
100
AcDbBlockEnd
  0
BLOCK
  5
1D6
330
1D4
100
AcDbEntity
  8
0
100
AcDbBlockBegin
  2
Block_36
 70
     0
 10
0.0
 20
0.0
 30
0.0
  3
Block_36
  1

  0
SPLINE
  5
1D8
330
1D4
100
AcDbEntity
  8
Guides
100
AcDbSpline
210
0.0
220
0.0
230
1.0
 70
     9
 71
     3
 72
    29
 73
    25
 74
     0
 42
0.0000000001
 43
0.0000000001
 40
0.0
 40
0.0
 40
0.0
 40
0.0
 40
1.0
 40
1.0
 40
1.0
 40
2.0
 40
2.0
 40
2.0
 40
3.0
 40
3.0
 40
3.0
 40
4.0
 40
4.0
 40
4.0
 40
5.0
 40
5.0
 40
5.0
 40
6.0
 40
6.0
 40
6.0
 40
7.0
 40
7.0
 40
7.0
 40
8.0
 40
8.0
 40
8.0
 40
8.0
 10
242.6243766119129
 20
-605.7693920021652
 30
0.0
 10
242.5822983119306
 20
-605.8087531766432
 30
0.0
 10
242.5380346086432
 20
-605.8342766110978
 30
0.0
 10
242.4886590645125
 20
-605.8543353312694
 30
0.0
 10
242.4367275999621
 20
-605.8716616942956
 30
0.0
 10
242.3847169800897
 20
-605.8834265440485
 30
0.0
 10
242.3306399310989
 20
-605.8817546855158
 30
0.0
 10
242.2198109385083
 20
-605.8752775795678
 30
0.0
 10
242.1206922275774
 20
-605.8312055446349
 30
0.0
 10
242.0450369831284
 20
-605.750327773238
 30
0.0
 10
241.9716820670579
 20
-605.6719091232698
 30
0.0
 10
241.9292027866916
 20
-605.5646085725525
 30
0.0
 10
241.9326831216199
 20
-605.4563266785477
 30
0.0
 10
241.9425919217938
 20
-605.2426406873705
 30
0.0
 10
242.1386783655754
 20
-605.0540929156517
 30
0.0
 10
242.3552421535883
 20
-605.0610535855089
 30
0.0
 10
242.4635152257585
 20
-605.0647983343155
 30
0.0
 10
242.5677457775281
 20
-605.1143350835275
 30
0.0
 10
242.6411006935986
 20
-605.1927537334957
 30
0.0
 10
242.7167559380471
 20
-605.2736315048925
 30
0.0
 10
242.7541233775752
 20
-605.375467341327
 30
0.0
 10
242.7531989630679
 20
-605.4864815924771
 30
0.0
 10
242.7495820102832
 20
-605.5948912825037
 30
0.0
 10
242.7026586440234
 20
-605.6961648821172
 30
0.0
 10
242.6243766119129
 20
-605.7693920021652
 30
0.0
  0
HATCH
  5
1D9
330
1D4
100
AcDbEntity
  8
Guides
 62
   254
420
 14869218
440
 33554687
100
AcDbHatch
 10
0.0
 20
0.0
 30
0.0
210
0.0
220
0.0
230
1.0
  2
SOLID
 70
     1
 71
     1
 91
        1
 92
        1
 93
        1
 72
     4
 94
        3
 73
     0
 74
     0
 95
       29
 96
       25
 40
0.0
 40
0.0
 40
0.0
 40
0.0
 40
1.0
 40
1.0
 40
1.0
 40
2.0
 40
2.0
 40
2.0
 40
3.0
 40
3.0
 40
3.0
 40
4.0
 40
4.0
 40
4.0
 40
5.0
 40
5.0
 40
5.0
 40
6.0
 40
6.0
 40
6.0
 40
7.0
 40
7.0
 40
7.0
 40
8.0
 40
8.0
 40
8.0
 40
8.0
 10
242.6243766119129
 20
-605.7693920021652
 10
242.5822983119306
 20
-605.8087531766432
 10
242.5380346086432
 20
-605.8342766110978
 10
242.4886590645125
 20
-605.8543353312694
 10
242.4367275999621
 20
-605.8716616942956
 10
242.3847169800897
 20
-605.8834265440485
 10
242.3306399310989
 20
-605.8817546855158
 10
242.2198109385083
 20
-605.8752775795678
 10
242.1206922275774
 20
-605.8312055446349
 10
242.0450369831284
 20
-605.750327773238
 10
241.9716820670579
 20
-605.6719091232698
 10
241.9292027866916
 20
-605.5646085725525
 10
241.9326831216199
 20
-605.4563266785477
 10
241.9425919217938
 20
-605.2426406873705
 10
242.1386783655754
 20
-605.0540929156517
 10
242.3552421535883
 20
-605.0610535855089
 10
242.4635152257585
 20
-605.0647983343155
 10
242.5677457775281
 20
-605.1143350835275
 10
242.6411006935986
 20
-605.1927537334957
 10
242.7167559380471
 20
-605.2736315048925
 10
242.7541233775752
 20
-605.375467341327
 10
242.7531989630679
 20
-605.4864815924771
 10
242.7495820102832
 20
-605.5948912825037
 10
242.7026586440234
 20
-605.6961648821172
 10
242.6243766119129
 20
-605.7693920021652
 97
        0
 97
        1
330
1D8
 75
     2
 76
     1
 98
        1
 10
0.0
 20
0.0
450
        0
451
        0
460
0.0
461
0.0
452
        0
462
0.0
453
        0
470

  0
SPLINE
  5
1DA
330
1D4
100
AcDbEntity
  8
Guides
100
AcDbSpline
210
0.0
220
0.0
230
1.0
 70
     9
 71
     3
 72
    32
 73
    28
 74
     0
 42
0.0000000001
 43
0.0000000001
 40
0.0
 40
0.0
 40
0.0
 40
0.0
 40
1.0
 40
1.0
 40
1.0
 40
2.0
 40
2.0
 40
2.0
 40
3.0
 40
3.0
 40
3.0
 40
4.0
 40
4.0
 40
4.0
 40
5.0
 40
5.0
 40
5.0
 40
6.0
 40
6.0
 40
6.0
 40
7.0
 40
7.0
 40
7.0
 40
8.0
 40
8.0
 40
8.0
 40
9.0
 40
9.0
 40
9.0
 40
9.0
 10
238.6330126427205
 20
-616.6891182786168
 30
0.0
 10
238.4193507050177
 20
-616.7578286186079
 30
0.0
 10
238.18733531474
 20
-616.6387779160103
 30
0.0
 10
238.1187527707758
 20
-616.4252525961633
 30
0.0
 10
238.1187527707758
 20
-616.4252525961633
 30
0.0
 10
238.1187527707758
 20
-616.4252525961633
 30
0.0
 10
238.1187527707758
 20
-616.4252525961633
 30
0.0
 10
238.0526469919095
 20
-616.2088981201799
 30
0.0
 10
238.1714332806244
 20
-615.9768739080676
 30
0.0
 10
238.3850952183298
 20
-615.9081635680836
 30
0.0
 10
238.3850952183298
 20
-615.9081635680836
 30
0.0
 10
238.3850952183298
 20
-615.9081635680836
 30
0.0
 10
238.3850952183298
 20
-615.9081635680836
 30
0.0
 10
238.5988937738928
 20
-615.8393254320745
 30
0.0
 10
238.8309091641679
 20
-615.9583761346689
 30
0.0
 10
238.8966227331361
 20
-616.1745851709574
 30
0.0
 10
238.8966227331361
 20
-616.1745851709574
 30
0.0
 10
238.8966227331361
 20
-616.1745851709574
 30
0.0
 10
238.8966227331361
 20
-616.1745851709574
 30
0.0
 10
238.9485841785497
 20
-616.3309083923671
 30
0.0
 10
238.9022229977623
 20
-616.4946718855766
 30
0.0
 10
238.7903329728086
 20
-616.5993368267999
 30
0.0
 10
238.7903329728086
 20
-616.5993368267999
 30
0.0
 10
238.7903329728086
 20
-616.5993368267999
 30
0.0
 10
238.7903329728086
 20
-616.5993368267999
 30
0.0
 10
238.7483912906827
 20
-616.6385702052561
 30
0.0
 10
238.6931013598339
 20
-616.6692846358714
 30
0.0
 10
238.6330126427205
 20
-616.6891182786168
 30
0.0
  0
HATCH
  5
1DB
330
1D4
100
AcDbEntity
  8
Guides
 62
   254
420
 14869218
440
 33554687
100
AcDbHatch
 10
0.0
 20
0.0
 30
0.0
210
0.0
220
0.0
230
1.0
  2
SOLID
 70
     1
 71
     1
 91
        1
 92
        1
 93
        1
 72
     4
 94
        3
 73
     0
 74
     0
 95
       32
 96
       28
 40
0.0
 40
0.0
 40
0.0
 40
0.0
 40
1.0
 40
1.0
 40
1.0
 40
2.0
 40
2.0
 40
2.0
 40
3.0
 40
3.0
 40
3.0
 40
4.0
 40
4.0
 40
4.0
 40
5.0
 40
5.0
 40
5.0
 40
6.0
 40
6.0
 40
6.0
 40
7.0
 40
7.0
 40
7.0
 40
8.0
 40
8.0
 40
8.0
 40
9.0
 40
9.0
 40
9.0
 40
9.0
 10
238.6330126427205
 20
-616.6891182786168
 10
238.4193507050177
 20
-616.7578286186079
 10
238.18733531474
 20
-616.6387779160103
 10
238.1187527707758
 20
-616.4252525961633
 10
238.1187527707758
 20
-616.4252525961633
 10
238.1187527707758
 20
-616.4252525961633
 10
238.1187527707758
 20
-616.4252525961633
 10
238.0526469919095
 20
-616.2088981201799
 10
238.1714332806244
 20
-615.9768739080676
 10
238.3850952183298
 20
-615.9081635680836
 10
238.3850952183298
 20
-615.9081635680836
 10
238.3850952183298
 20
-615.9081635680836
 10
238.3850952183298
 20
-615.9081635680836
 10
238.5988937738928
 20
-615.8393254320745
 10
238.8309091641679
 20
-615.9583761346689
 10
238.8966227331361
 20
-616.1745851709574
 10
238.8966227331361
 20
-616.1745851709574
 10
238.8966227331361
 20
-616.1745851709574
 10
238.8966227331361
 20
-616.1745851709574
 10
238.9485841785497
 20
-616.3309083923671
 10
238.9022229977623
 20
-616.4946718855766
 10
238.7903329728086
 20
-616.5993368267999
 10
238.7903329728086
 20
-616.5993368267999
 10
238.7903329728086
 20
-616.5993368267999
 10
238.7903329728086
 20
-616.5993368267999
 10
238.7483912906827
 20
-616.6385702052561
 10
238.6931013598339
 20
-616.6692846358714
 10
238.6330126427205
 20
-616.6891182786168
 97
        0
 97
        1
330
1DA
 75
     2
 76
     1
 98
        1
 10
0.0
 20
0.0
450
        0
451
        0
460
0.0
461
0.0
452
        0
462
0.0
453
        0
470

  0
SPLINE
  5
1DC
330
1D4
100
AcDbEntity
  8
Guides
100
AcDbSpline
210
0.0
220
0.0
230
1.0
 70
     9
 71
     3
 72
    32
 73
    28
 74
     0
 42
0.0000000001
 43
0.0000000001
 40
0.0
 40
0.0
 40
0.0
 40
0.0
 40
1.0
 40
1.0
 40
1.0
 40
2.0
 40
2.0
 40
2.0
 40
3.0
 40
3.0
 40
3.0
 40
4.0
 40
4.0
 40
4.0
 40
5.0
 40
5.0
 40
5.0
 40
6.0
 40
6.0
 40
6.0
 40
7.0
 40
7.0
 40
7.0
 40
8.0
 40
8.0
 40
8.0
 40
9.0
 40
9.0
 40
9.0
 40
9.0
 10
238.209801234184
 20
-615.238445777207
 30
0.0
 10
237.9891157704551
 20
-615.2717155944857
 30
0.0
 10
237.780171636761
 20
-615.1157137157357
 30
0.0
 10
237.7495063806019
 20
-614.8923357137293
 30
0.0
 10
237.7495063806019
 20
-614.8923357137293
 30
0.0
 10
237.7495063806019
 20
-614.8923357137293
 30
0.0
 10
237.7495063806019
 20
-614.8923357137293
 30
0.0
 10
237.7164218218795
 20
-614.6660975585565
 30
0.0
 10
237.8695547256323
 20
-614.4598371413065
 30
0.0
 10
238.0959206768238
 20
-614.4268892004411
 30
0.0
 10
238.0959206768238
 20
-614.4268892004411
 30
0.0
 10
238.0959206768238
 20
-614.4268892004411
 30
0.0
 10
238.0959206768238
 20
-614.4268892004411
 30
0.0
 10
238.3191620609757
 20
-614.3963517403039
 30
0.0
 10
238.5281061946685
 20
-614.552353619054
 30
0.0
 10
238.5583792409287
 20
-614.7755861813693
 30
0.0
 10
238.5583792409287
 20
-614.7755861813693
 30
0.0
 10
238.5583792409287
 20
-614.7755861813693
 30
0.0
 10
238.5583792409287
 20
-614.7755861813693
 30
0.0
 10
238.5783559113327
 20
-614.9146950703753
 30
0.0
 10
238.527663742799
 20
-615.0456226020022
 30
0.0
 10
238.4353100714081
 20
-615.1320127122168
 30
0.0
 10
238.4353100714081
 20
-615.1320127122168
 30
0.0
 10
238.4353100714081
 20
-615.1320127122168
 30
0.0
 10
238.4353100714081
 20
-615.1320127122168
 30
0.0
 10
238.3738320357188
 20
-615.1895209216785
 30
0.0
 10
238.2969393221855
 20
-615.2250734750142
 30
0.0
 10
238.209801234184
 20
-615.238445777207
 30
0.0
  0
HATCH
  5
1DD
330
1D4
100
AcDbEntity
  8
Guides
 62
   254
420
 14869218
440
 33554687
100
AcDbHatch
 10
0.0
 20
0.0
 30
0.0
210
0.0
220
0.0
230
1.0
  2
SOLID
 70
     1
 71
     1
 91
        1
 92
        1
 93
        1
 72
     4
 94
        3
 73
     0
 74
     0
 95
       32
 96
       28
 40
0.0
 40
0.0
 40
0.0
 40
0.0
 40
1.0
 40
1.0
 40
1.0
 40
2.0
 40
2.0
 40
2.0
 40
3.0
 40
3.0
 40
3.0
 40
4.0
 40
4.0
 40
4.0
 40
5.0
 40
5.0
 40
5.0
 40
6.0
 40
6.0
 40
6.0
 40
7.0
 40
7.0
 40
7.0
 40
8.0
 40
8.0
 40
8.0
 40
9.0
 40
9.0
 40
9.0
 40
9.0
 10
238.209801234184
 20
-615.238445777207
 10
237.9891157704551
 20
-615.2717155944857
 10
237.780171636761
 20
-615.1157137157357
 10
237.7495063806019
 20
-614.8923357137293
 10
237.7495063806019
 20
-614.8923357137293
 10
237.7495063806019
 20
-614.8923357137293
 10
237.7495063806019
 20
-614.8923357137293
 10
237.7164218218795
 20
-614.6660975585565
 10
237.8695547256323
 20
-614.4598371413065
 10
238.0959206768238
 20
-614.4268892004411
 10
238.0959206768238
 20
-614.4268892004411
 10
238.0959206768238
 20
-614.4268892004411
 10
238.0959206768238
 20
-614.4268892004411
 10
238.3191620609757
 20
-614.3963517403039
 10
238.5281061946685
 20
-614.552353619054
 10
238.5583792409287
 20
-614.7755861813693
 10
238.5583792409287
 20
-614.7755861813693
 10
238.5583792409287
 20
-614.7755861813693
 10
238.5583792409287
 20
-614.7755861813693
 10
238.5783559113327
 20
-614.9146950703753
 10
238.527663742799
 20
-615.0456226020022
 10
238.4353100714081
 20
-615.1320127122168
 10
238.4353100714081
 20
-615.1320127122168
 10
238.4353100714081
 20
-615.1320127122168
 10
238.4353100714081
 20
-615.1320127122168
 10
238.3738320357188
 20
-615.1895209216785
 10
238.2969393221855
 20
-615.2250734750142
 10
238.209801234184
 20
-615.238445777207
 97
        0
 97
        1
330
1DC
 75
     2
 76
     1
 98
        1
 10
0.0
 20
0.0
450
        0
451
        0
460
0.0
461
0.0
452
        0
462
0.0
453
        0
470

  0
SPLINE
  5
1DE
330
1D4
100
AcDbEntity
  8
Guides
100
AcDbSpline
210
0.0
220
0.0
230
1.0
 70
     9
 71
     3
 72
    38
 73
    34
 74
     0
 42
0.0000000001
 43
0.0000000001
 40
0.0
 40
0.0
 40
0.0
 40
0.0
 40
1.0
 40
1.0
 40
1.0
 40
2.0
 40
2.0
 40
2.0
 40
3.0
 40
3.0
 40
3.0
 40
4.0
 40
4.0
 40
4.0
 40
5.0
 40
5.0
 40
5.0
 40
6.0
 40
6.0
 40
6.0
 40
7.0
 40
7.0
 40
7.0
 40
8.0
 40
8.0
 40
8.0
 40
9.0
 40
9.0
 40
9.0
 40
10.0
 40
10.0
 40
10.0
 40
11.0
 40
11.0
 40
11.0
 40
11.0
 10
238.0464646098785
 20
-613.8547666673306
 30
0.0
 10
237.8190686746983
 20
-613.8471798883176
 30
0.0
 10
237.6408635588521
 20
-613.6624239048403
 30
0.0
 10
237.6457754432554
 20
-613.4318945807822
 30
0.0
 10
237.6457754432554
 20
-613.4318945807822
 30
0.0
 10
237.6457754432554
 20
-613.4318945807822
 30
0.0
 10
237.6457754432554
 20
-613.4318945807822
 30
0.0
 10
237.6457754432554
 20
-613.4318945807822
 30
0.0
 10
237.6457754432554
 20
-613.4318945807822
 30
0.0
 10
237.6457754432554
 20
-613.4318945807822
 30
0.0
 10
237.6457754432554
 20
-613.4318945807822
 30
0.0
 10
237.6457754432554
 20
-613.4318945807822
 30
0.0
 10
237.6457754432554
 20
-613.4318945807822
 30
0.0
 10
237.6504932472673
 20
-613.2071823620449
 30
0.0
 10
237.8408019221892
 20
-613.0291625047549
 30
0.0
 10
238.0656419369483
 20
-613.0340169266238
 30
0.0
 10
238.0656419369483
 20
-613.0340169266238
 30
0.0
 10
238.0656419369483
 20
-613.0340169266238
 30
0.0
 10
238.0656419369483
 20
-613.0340169266238
 30
0.0
 10
238.2904819517056
 20
-613.0388713484921
 30
0.0
 10
238.4712429879728
 20
-613.2263596891141
 30
0.0
 10
238.463656208965
 20
-613.4537556242962
 30
0.0
 10
238.463656208965
 20
-613.4537556242962
 30
0.0
 10
238.463656208965
 20
-613.4537556242962
 30
0.0
 10
238.463656208965
 20
-613.4537556242962
 30
0.0
 10
238.4625377140642
 20
-613.5705869807601
 30
0.0
 10
238.4131950452406
 20
-613.6690004272139
 30
0.0
 10
238.334776395273
 20
-613.7423553432839
 30
0.0
 10
238.334776395273
 20
-613.7423553432839
 30
0.0
 10
238.334776395273
 20
-613.7423553432839
 30
0.0
 10
238.334776395273
 20
-613.7423553432839
 30
0.0
 10
238.2592267203039
 20
-613.8130265429115
 30
0.0
 10
238.1576066570465
 20
-613.8558276996924
 30
0.0
 10
238.0464646098785
 20
-613.8547666673306
 30
0.0
  0
HATCH
  5
1DF
330
1D4
100
AcDbEntity
  8
Guides
 62
   254
420
 14869218
440
 33554687
100
AcDbHatch
 10
0.0
 20
0.0
 30
0.0
210
0.0
220
0.0
230
1.0
  2
SOLID
 70
     1
 71
     1
 91
        1
 92
        1
 93
        1
 72
     4
 94
        3
 73
     0
 74
     0
 95
       38
 96
       34
 40
0.0
 40
0.0
 40
0.0
 40
0.0
 40
1.0
 40
1.0
 40
1.0
 40
2.0
 40
2.0
 40
2.0
 40
3.0
 40
3.0
 40
3.0
 40
4.0
 40
4.0
 40
4.0
 40
5.0
 40
5.0
 40
5.0
 40
6.0
 40
6.0
 40
6.0
 40
7.0
 40
7.0
 40
7.0
 40
8.0
 40
8.0
 40
8.0
 40
9.0
 40
9.0
 40
9.0
 40
10.0
 40
10.0
 40
10.0
 40
11.0
 40
11.0
 40
11.0
 40
11.0
 10
238.0464646098785
 20
-613.8547666673306
 10
237.8190686746983
 20
-613.8471798883176
 10
237.6408635588521
 20
-613.6624239048403
 10
237.6457754432554
 20
-613.4318945807822
 10
237.6457754432554
 20
-613.4318945807822
 10
237.6457754432554
 20
-613.4318945807822
 10
237.6457754432554
 20
-613.4318945807822
 10
237.6457754432554
 20
-613.4318945807822
 10
237.6457754432554
 20
-613.4318945807822
 10
237.6457754432554
 20
-613.4318945807822
 10
237.6457754432554
 20
-613.4318945807822
 10
237.6457754432554
 20
-613.4318945807822
 10
237.6457754432554
 20
-613.4318945807822
 10
237.6504932472673
 20
-613.2071823620449
 10
237.8408019221892
 20
-613.0291625047549
 10
238.0656419369483
 20
-613.0340169266238
 10
238.0656419369483
 20
-613.0340169266238
 10
238.0656419369483
 20
-613.0340169266238
 10
238.0656419369483
 20
-613.0340169266238
 10
238.2904819517056
 20
-613.0388713484921
 10
238.4712429879728
 20
-613.2263596891141
 10
238.463656208965
 20
-613.4537556242962
 10
238.463656208965
 20
-613.4537556242962
 10
238.463656208965
 20
-613.4537556242962
 10
238.463656208965
 20
-613.4537556242962
 10
238.4625377140642
 20
-613.5705869807601
 10
238.4131950452406
 20
-613.6690004272139
 10
238.334776395273
 20
-613.7423553432839
 10
238.334776395273
 20
-613.7423553432839
 10
238.334776395273
 20
-613.7423553432839
 10
238.334776395273
 20
-613.7423553432839
 10
238.2592267203039
 20
-613.8130265429115
 10
238.1576066570465
 20
-613.8558276996924
 10
238.0464646098785
 20
-613.8547666673306
 97
        0
 97
        1
330
1DE
 75
     2
 76
     1
 98
        1
 10
0.0
 20
0.0
450
        0
451
        0
460
0.0
461
0.0
452
        0
462
0.0
453
        0
470

  0
SPLINE
  5
1E0
330
1D4
100
AcDbEntity
  8
Guides
100
AcDbSpline
210
0.0
220
0.0
230
1.0
 70
     9
 71
     3
 72
    32
 73
    28
 74
     0
 42
0.0000000001
 43
0.0000000001
 40
0.0
 40
0.0
 40
0.0
 40
0.0
 40
1.0
 40
1.0
 40
1.0
 40
2.0
 40
2.0
 40
2.0
 40
3.0
 40
3.0
 40
3.0
 40
4.0
 40
4.0
 40
4.0
 40
5.0
 40
5.0
 40
5.0
 40
6.0
 40
6.0
 40
6.0
 40
7.0
 40
7.0
 40
7.0
 40
8.0
 40
8.0
 40
8.0
 40
9.0
 40
9.0
 40
9.0
 40
9.0
 10
238.4058897822612
 20
-612.312673033893
 30
0.0
 10
238.3666804572767
 20
-612.3493504919295
 30
0.0
 10
238.3195477789895
 20
-612.3775576428256
 30
0.0
 10
238.2701722348588
 20
-612.3976163629934
 30
0.0
 10
238.2207966907287
 20
-612.417675083165
 30
0.0
 10
238.1689625075801
 20
-612.4241516553529
 30
0.0
 10
238.1150220764437
 20
-612.4223520007989
 30
0.0
 10
238.0009318989551
 20
-612.4184131716008
 30
0.0
 10
237.9022053979231
 20
-612.3744865763596
 30
0.0
 10
237.8262945614348
 20
-612.2933355692531
 30
0.0
 10
237.7531952374061
 20
-612.2151901549976
 30
0.0
 10
237.7160042346003
 20
-612.1080660409981
 30
0.0
 10
237.7196211873844
 20
-611.9996563509715
 30
0.0
 10
237.7269740671392
 20
-611.783238002653
 30
0.0
 10
237.9227474563441
 20
-611.6001063045209
 30
0.0
 10
238.1420436014971
 20
-611.6045110539547
 30
0.0
 10
238.2478973711027
 20
-611.605395649598
 30
0.0
 10
238.3519913050178
 20
-611.6550601948356
 30
0.0
 10
238.4250906290459
 20
-611.7332056090879
 30
0.0
 10
238.5010014655349
 20
-611.8143566161936
 30
0.0
 10
238.5410614433397
 20
-611.9187970137554
 30
0.0
 10
238.5374444905557
 20
-612.0272067037821
 30
0.0
 10
238.5355082181434
 20
-612.081274930937
 30
0.0
 10
238.5228587727473
 20
-612.1351180806697
 30
0.0
 10
238.4995536169074
 20
-612.1830468436887
 30
0.0
 10
238.4762484610676
 20
-612.2309756067045
 30
0.0
 10
238.4478314643871
 20
-612.2734396554367
 30
0.0
 10
238.4058897822612
 20
-612.312673033893
 30
0.0
  0
HATCH
  5
1E1
330
1D4
100
AcDbEntity
  8
Guides
 62
   254
420
 14869218
440
 33554687
100
AcDbHatch
 10
0.0
 20
0.0
 30
0.0
210
0.0
220
0.0
230
1.0
  2
SOLID
 70
     1
 71
     1
 91
        1
 92
        1
 93
        1
 72
     4
 94
        3
 73
     0
 74
     0
 95
       32
 96
       28
 40
0.0
 40
0.0
 40
0.0
 40
0.0
 40
1.0
 40
1.0
 40
1.0
 40
2.0
 40
2.0
 40
2.0
 40
3.0
 40
3.0
 40
3.0
 40
4.0
 40
4.0
 40
4.0
 40
5.0
 40
5.0
 40
5.0
 40
6.0
 40
6.0
 40
6.0
 40
7.0
 40
7.0
 40
7.0
 40
8.0
 40
8.0
 40
8.0
 40
9.0
 40
9.0
 40
9.0
 40
9.0
 10
238.4058897822612
 20
-612.312673033893
 10
238.3666804572767
 20
-612.3493504919295
 10
238.3195477789895
 20
-612.3775576428256
 10
238.2701722348588
 20
-612.3976163629934
 10
238.2207966907287
 20
-612.417675083165
 10
238.1689625075801
 20
-612.4241516553529
 10
238.1150220764437
 20
-612.4223520007989
 10
238.0009318989551
 20
-612.4184131716008
 10
237.9022053979231
 20
-612.3744865763596
 10
237.8262945614348
 20
-612.2933355692531
 10
237.7531952374061
 20
-612.2151901549976
 10
237.7160042346003
 20
-612.1080660409981
 10
237.7196211873844
 20
-611.9996563509715
 10
237.7269740671392
 20
-611.783238002653
 10
237.9227474563441
 20
-611.6001063045209
 10
238.1420436014971
 20
-611.6045110539547
 10
238.2478973711027
 20
-611.605395649598
 10
238.3519913050178
 20
-611.6550601948356
 10
238.4250906290459
 20
-611.7332056090879
 10
238.5010014655349
 20
-611.8143566161936
 10
238.5410614433397
 20
-611.9187970137554
 10
238.5374444905557
 20
-612.0272067037821
 10
238.5355082181434
 20
-612.081274930937
 10
238.5228587727473
 20
-612.1351180806697
 10
238.4995536169074
 20
-612.1830468436887
 10
238.4762484610676
 20
-612.2309756067045
 10
238.4478314643871
 20
-612.2734396554367
 10
238.4058897822612
 20
-612.312673033893
 97
        0
 97
        1
330
1E0
 75
     2
 76
     1
 98
        1
 10
0.0
 20
0.0
450
        0
451
        0
460
0.0
461
0.0
452
        0
462
0.0
453
        0
470

  0
ENDBLK
  5
1D7
330
1D4
100
AcDbEntity
  8
0
100
AcDbBlockEnd
  0
BLOCK
  5
1E4
330
1E2
100
AcDbEntity
  8
0
100
AcDbBlockBegin
  2
Block_37
 70
     0
 10
0.0
 20
0.0
 30
0.0
  3
Block_37
  1

  0
INSERT
  5
1E7
330
1E2
100
AcDbEntity
  8
Guides
100
AcDbBlockReference
  2
Block_38
 10
0.0
 20
0.0
 30
0.0
  0
SPLINE
  5
1EE
330
1E2
100
AcDbEntity
  8
Guides
100
AcDbSpline
210
0.0
220
0.0
230
1.0
 70
     9
 71
     3
 72
    26
 73
    22
 74
     0
 42
0.0000000001
 43
0.0000000001
 40
0.0
 40
0.0
 40
0.0
 40
0.0
 40
1.0
 40
1.0
 40
1.0
 40
2.0
 40
2.0
 40
2.0
 40
3.0
 40
3.0
 40
3.0
 40
4.0
 40
4.0
 40
4.0
 40
5.0
 40
5.0
 40
5.0
 40
6.0
 40
6.0
 40
6.0
 40
7.0
 40
7.0
 40
7.0
 40
7.0
 10
256.2202291913095
 20
-616.5425176196362
 30
0.0
 10
256.5454203566095
 20
-617.2209613128187
 30
0.0
 10
257.3615919954585
 20
-617.508267665655
 30
0.0
 10
258.0398990707891
 20
-617.1832042963766
 30
0.0
 10
258.3682136640053
 20
-617.0262007416219
 30
0.0
 10
258.6159340419516
 20
-616.7499042969383
 30
0.0
 10
258.7371298979296
 20
-616.4059889052062
 30
0.0
 10
258.8580525181929
 20
-616.0623291055101
 30
0.0
 10
258.8379726903453
 20
-615.6922588636837
 30
0.0
 10
258.6804491296705
 20
-615.3636622129144
 30
0.0
 10
258.5229255689997
 20
-615.0350655621521
 30
0.0
 10
258.2470213342141
 20
-614.7874906238987
 30
0.0
 10
257.9034893305425
 20
-614.6667046214917
 30
0.0
 10
257.559701734829
 20
-614.5456453833714
 30
0.0
 10
257.1893670791244
 20
-614.565716389382
 30
0.0
 10
256.8608982243782
 20
-614.7233765679118
 30
0.0
 10
256.1815511372081
 20
-615.0478758220915
 30
0.0
 10
255.8951570001947
 20
-615.8644749581839
 30
0.0
 10
256.2204847833512
 20
-616.542790855349
 30
0.0
 10
256.2204847833512
 20
-616.542790855349
 30
0.0
 10
256.2202291913095
 20
-616.5425176196362
 30
0.0
 10
256.2202291913095
 20
-616.5425176196362
 30
0.0
  0
SPLINE
  5
1EF
330
1E2
100
AcDbEntity
  8
Guides
100
AcDbSpline
210
0.0
220
0.0
230
1.0
 70
     9
 71
     3
 72
    29
 73
    25
 74
     0
 42
0.0000000001
 43
0.0000000001
 40
0.0
 40
0.0
 40
0.0
 40
0.0
 40
1.0
 40
1.0
 40
1.0
 40
2.0
 40
2.0
 40
2.0
 40
3.0
 40
3.0
 40
3.0
 40
4.0
 40
4.0
 40
4.0
 40
5.0
 40
5.0
 40
5.0
 40
6.0
 40
6.0
 40
6.0
 40
7.0
 40
7.0
 40
7.0
 40
8.0
 40
8.0
 40
8.0
 40
8.0
 10
259.1158409251333
 20
-617.7295915196697
 30
0.0
 10
258.936461678778
 20
-617.8973876952776
 30
0.0
 10
258.7304302853628
 20
-618.0388826676384
 30
0.0
 10
258.5024446830403
 20
-618.148144888765
 30
0.0
 10
257.2920404656613
 20
-618.72810496078
 30
0.0
 10
255.8356497026674
 20
-618.2153484750811
 30
0.0
 10
255.2555441909615
 20
-617.0053364676016
 30
0.0
 10
255.2555441909615
 20
-617.0053364676016
 30
0.0
 10
255.2552885989191
 20
-617.0050632318856
 30
0.0
 10
255.2552885989191
 20
-617.0050632318856
 30
0.0
 10
254.6754563229273
 20
-615.7947956323623
 30
0.0
 10
255.1886138403608
 20
-614.3382858951857
 30
0.0
 10
256.3983526121269
 20
-613.7584359755233
 30
0.0
 10
256.9846598543207
 20
-613.4774212086129
 30
0.0
 10
257.645246806801
 20
-613.4414897629302
 30
0.0
 10
258.2585224220904
 20
-613.6573055887019
 30
0.0
 10
258.8717980373784
 20
-613.8731214144731
 30
0.0
 10
259.3642471591337
 20
-614.3146727406142
 30
0.0
 10
259.6453897220627
 20
-614.9011166006682
 30
0.0
 10
259.9262766929482
 20
-615.4872872250024
 30
0.0
 10
259.9620715207752
 20
-616.1480019735027
 30
0.0
 10
259.7462556950047
 20
-616.7612775887927
 30
0.0
 10
259.6144999627577
 20
-617.136076232046
 30
0.0
 10
259.3979568000173
 20
-617.4656927362461
 30
0.0
 10
259.1158409251333
 20
-617.7295915196697
 30
0.0
  0
HATCH
  5
1F0
330
1E2
100
AcDbEntity
  8
Guides
 62
   254
420
 14869218
440
 33554687
100
AcDbHatch
 10
0.0
 20
0.0
 30
0.0
210
0.0
220
0.0
230
1.0
  2
SOLID
 70
     1
 71
     1
 91
        2
 92
        1
 93
        1
 72
     4
 94
        3
 73
     0
 74
     0
 95
       26
 96
       22
 40
0.0
 40
0.0
 40
0.0
 40
0.0
 40
1.0
 40
1.0
 40
1.0
 40
2.0
 40
2.0
 40
2.0
 40
3.0
 40
3.0
 40
3.0
 40
4.0
 40
4.0
 40
4.0
 40
5.0
 40
5.0
 40
5.0
 40
6.0
 40
6.0
 40
6.0
 40
7.0
 40
7.0
 40
7.0
 40
7.0
 10
256.2202291913095
 20
-616.5425176196362
 10
256.5454203566095
 20
-617.2209613128187
 10
257.3615919954585
 20
-617.508267665655
 10
258.0398990707891
 20
-617.1832042963766
 10
258.3682136640053
 20
-617.0262007416219
 10
258.6159340419516
 20
-616.7499042969383
 10
258.7371298979296
 20
-616.4059889052062
 10
258.8580525181929
 20
-616.0623291055101
 10
258.8379726903453
 20
-615.6922588636837
 10
258.6804491296705
 20
-615.3636622129144
 10
258.5229255689997
 20
-615.0350655621521
 10
258.2470213342141
 20
-614.7874906238987
 10
257.9034893305425
 20
-614.6667046214917
 10
257.559701734829
 20
-614.5456453833714
 10
257.1893670791244
 20
-614.565716389382
 10
256.8608982243782
 20
-614.7233765679118
 10
256.1815511372081
 20
-615.0478758220915
 10
255.8951570001947
 20
-615.8644749581839
 10
256.2204847833512
 20
-616.542790855349
 10
256.2204847833512
 20
-616.542790855349
 10
256.2202291913095
 20
-616.5425176196362
 10
256.2202291913095
 20
-616.5425176196362
 97
        0
 97
        1
330
1EE
 92
        1
 93
        1
 72
     4
 94
        3
 73
     0
 74
     0
 95
       29
 96
       25
 40
0.0
 40
0.0
 40
0.0
 40
0.0
 40
1.0
 40
1.0
 40
1.0
 40
2.0
 40
2.0
 40
2.0
 40
3.0
 40
3.0
 40
3.0
 40
4.0
 40
4.0
 40
4.0
 40
5.0
 40
5.0
 40
5.0
 40
6.0
 40
6.0
 40
6.0
 40
7.0
 40
7.0
 40
7.0
 40
8.0
 40
8.0
 40
8.0
 40
8.0
 10
259.1158409251333
 20
-617.7295915196697
 10
258.936461678778
 20
-617.8973876952776
 10
258.7304302853628
 20
-618.0388826676384
 10
258.5024446830403
 20
-618.148144888765
 10
257.2920404656613
 20
-618.72810496078
 10
255.8356497026674
 20
-618.2153484750811
 10
255.2555441909615
 20
-617.0053364676016
 10
255.2555441909615
 20
-617.0053364676016
 10
255.2552885989191
 20
-617.0050632318856
 10
255.2552885989191
 20
-617.0050632318856
 10
254.6754563229273
 20
-615.7947956323623
 10
255.1886138403608
 20
-614.3382858951857
 10
256.3983526121269
 20
-613.7584359755233
 10
256.9846598543207
 20
-613.4774212086129
 10
257.645246806801
 20
-613.4414897629302
 10
258.2585224220904
 20
-613.6573055887019
 10
258.8717980373784
 20
-613.8731214144731
 10
259.3642471591337
 20
-614.3146727406142
 10
259.6453897220627
 20
-614.9011166006682
 10
259.9262766929482
 20
-615.4872872250024
 10
259.9620715207752
 20
-616.1480019735027
 10
259.7462556950047
 20
-616.7612775887927
 10
259.6144999627577
 20
-617.136076232046
 10
259.3979568000173
 20
-617.4656927362461
 10
259.1158409251333
 20
-617.7295915196697
 97
        0
 97
        1
330
1EF
 75
     2
 76
     1
 98
        1
 10
0.0
 20
0.0
450
        0
451
        0
460
0.0
461
0.0
452
        0
462
0.0
453
        0
470

  0
ENDBLK
  5
1E5
330
1E2
100
AcDbEntity
  8
0
100
AcDbBlockEnd
  0
BLOCK
  5
1E8
330
1E6
100
AcDbEntity
  8
0
100
AcDbBlockBegin
  2
Block_38
 70
     0
 10
0.0
 20
0.0
 30
0.0
  3
Block_38
  1

  0
SPLINE
  5
1EA
330
1E6
100
AcDbEntity
  8
Guides
100
AcDbSpline
210
0.0
220
0.0
230
1.0
 70
     9
 71
     3
 72
    29
 73
    25
 74
     0
 42
0.0000000001
 43
0.0000000001
 40
0.0
 40
0.0
 40
0.0
 40
0.0
 40
1.0
 40
1.0
 40
1.0
 40
2.0
 40
2.0
 40
2.0
 40
3.0
 40
3.0
 40
3.0
 40
4.0
 40
4.0
 40
4.0
 40
5.0
 40
5.0
 40
5.0
 40
6.0
 40
6.0
 40
6.0
 40
7.0
 40
7.0
 40
7.0
 40
8.0
 40
8.0
 40
8.0
 40
8.0
 10
244.750053396306
 20
-622.1784868477089
 30
0.0
 10
242.4491076737806
 20
-621.3686079516247
 30
0.0
 10
240.6001939391357
 20
-619.7122028050476
 30
0.0
 10
239.5442413014204
 20
-617.5148257287337
 30
0.0
 10
239.3976158110298
 20
-617.2093711470014
 30
0.0
 10
239.0306432445532
 20
-617.0807871422496
 30
0.0
 10
238.7248843258589
 20
-617.2274024788188
 30
0.0
 10
238.4199673968319
 20
-617.3743505830413
 30
0.0
 10
238.2901868456908
 20
-617.7411156566066
 30
0.0
 10
238.4374833865831
 20
-618.0470039393284
 30
0.0
 10
239.6352720667915
 20
-620.5395148679098
 30
0.0
 10
241.7323158760661
 20
-622.4182180279555
 30
0.0
 10
244.3421570745553
 20
-623.3367673917776
 30
0.0
 10
248.1127079143119
 20
-624.6639187063688
 30
0.0
 10
252.1458438288797
 20
-623.6752007285448
 30
0.0
 10
254.8786140074999
 20
-621.118363232326
 30
0.0
 10
255.3470794722692
 20
-620.6801480263282
 30
0.0
 10
255.7741387988338
 20
-620.1930981118423
 30
0.0
 10
256.1571947193531
 20
-619.6656577547205
 30
0.0
 10
255.7638140499137
 20
-619.5286367187827
 30
0.0
 10
255.3939687216428
 20
-619.3272612389541
 30
0.0
 10
255.0598288614062
 20
-619.0720830579715
 30
0.0
 10
252.7260411859257
 20
-622.1500656084578
 30
0.0
 10
248.5881648656633
 20
-623.5294175778977
 30
0.0
 10
244.750053396306
 20
-622.1784868477089
 30
0.0
  0
HATCH
  5
1EB
330
1E6
100
AcDbEntity
  8
Guides
 62
   254
420
 14869218
440
 33554687
100
AcDbHatch
 10
0.0
 20
0.0
 30
0.0
210
0.0
220
0.0
230
1.0
  2
SOLID
 70
     1
 71
     1
 91
        1
 92
        1
 93
        1
 72
     4
 94
        3
 73
     0
 74
     0
 95
       29
 96
       25
 40
0.0
 40
0.0
 40
0.0
 40
0.0
 40
1.0
 40
1.0
 40
1.0
 40
2.0
 40
2.0
 40
2.0
 40
3.0
 40
3.0
 40
3.0
 40
4.0
 40
4.0
 40
4.0
 40
5.0
 40
5.0
 40
5.0
 40
6.0
 40
6.0
 40
6.0
 40
7.0
 40
7.0
 40
7.0
 40
8.0
 40
8.0
 40
8.0
 40
8.0
 10
244.750053396306
 20
-622.1784868477089
 10
242.4491076737806
 20
-621.3686079516247
 10
240.6001939391357
 20
-619.7122028050476
 10
239.5442413014204
 20
-617.5148257287337
 10
239.3976158110298
 20
-617.2093711470014
 10
239.0306432445532
 20
-617.0807871422496
 10
238.7248843258589
 20
-617.2274024788188
 10
238.4199673968319
 20
-617.3743505830413
 10
238.2901868456908
 20
-617.7411156566066
 10
238.4374833865831
 20
-618.0470039393284
 10
239.6352720667915
 20
-620.5395148679098
 10
241.7323158760661
 20
-622.4182180279555
 10
244.3421570745553
 20
-623.3367673917776
 10
248.1127079143119
 20
-624.6639187063688
 10
252.1458438288797
 20
-623.6752007285448
 10
254.8786140074999
 20
-621.118363232326
 10
255.3470794722692
 20
-620.6801480263282
 10
255.7741387988338
 20
-620.1930981118423
 10
256.1571947193531
 20
-619.6656577547205
 10
255.7638140499137
 20
-619.5286367187827
 10
255.3939687216428
 20
-619.3272612389541
 10
255.0598288614062
 20
-619.0720830579715
 10
252.7260411859257
 20
-622.1500656084578
 10
248.5881648656633
 20
-623.5294175778977
 10
244.750053396306
 20
-622.1784868477089
 97
        0
 97
        1
330
1EA
 75
     2
 76
     1
 98
        1
 10
0.0
 20
0.0
450
        0
451
        0
460
0.0
461
0.0
452
        0
462
0.0
453
        0
470

  0
SPLINE
  5
1EC
330
1E6
100
AcDbEntity
  8
Guides
100
AcDbSpline
210
0.0
220
0.0
230
1.0
 70
     9
 71
     3
 72
    26
 73
    22
 74
     0
 42
0.0000000001
 43
0.0000000001
 40
0.0
 40
0.0
 40
0.0
 40
0.0
 40
1.0
 40
1.0
 40
1.0
 40
2.0
 40
2.0
 40
2.0
 40
3.0
 40
3.0
 40
3.0
 40
4.0
 40
4.0
 40
4.0
 40
5.0
 40
5.0
 40
5.0
 40
6.0
 40
6.0
 40
6.0
 40
7.0
 40
7.0
 40
7.0
 40
7.0
 10
258.0227737447417
 20
-612.0609185285966
 30
0.0
 10
257.4735536182853
 20
-608.3838350609828
 30
0.0
 10
254.9664498807708
 20
-605.1174393978877
 30
0.0
 10
251.2191734886693
 20
-603.7985900964441
 30
0.0
 10
245.8269595795494
 20
-601.9005735313861
 30
0.0
 10
239.8982560701541
 20
-604.7388786806641
 30
0.0
 10
238.0022721154348
 20
-610.1263312949586
 30
0.0
 10
237.8895734190486
 20
-610.4459235963235
 30
0.0
 10
238.0574808564017
 20
-610.7965708798873
 30
0.0
 10
238.3774424236445
 20
-610.9091600260712
 30
0.0
 10
238.6978260011034
 20
-611.0218851223866
 30
0.0
 10
239.0488374458753
 20
-610.854934329577
 30
0.0
 10
239.1605247781446
 20
-610.5336935039574
 30
0.0
 10
240.8320065956655
 20
-605.7855315303941
 30
0.0
 10
246.0583736568374
 20
-603.284133794969
 30
0.0
 10
250.8112477486048
 20
-604.9568391914355
 30
0.0
 10
254.0592768671016
 20
-606.1000671745794
 30
0.0
 10
256.2502998543691
 20
-608.9028643921097
 30
0.0
 10
256.7833769604864
 20
-612.0775474069709
 30
0.0
 10
257.192674196613
 20
-612.0064423059409
 30
0.0
 10
257.6098746488568
 20
-611.999354282107
 30
0.0
 10
258.0227737447417
 20
-612.0609185285966
 30
0.0
  0
HATCH
  5
1ED
330
1E6
100
AcDbEntity
  8
Guides
 62
   254
420
 14869218
440
 33554687
100
AcDbHatch
 10
0.0
 20
0.0
 30
0.0
210
0.0
220
0.0
230
1.0
  2
SOLID
 70
     1
 71
     1
 91
        1
 92
        1
 93
        1
 72
     4
 94
        3
 73
     0
 74
     0
 95
       26
 96
       22
 40
0.0
 40
0.0
 40
0.0
 40
0.0
 40
1.0
 40
1.0
 40
1.0
 40
2.0
 40
2.0
 40
2.0
 40
3.0
 40
3.0
 40
3.0
 40
4.0
 40
4.0
 40
4.0
 40
5.0
 40
5.0
 40
5.0
 40
6.0
 40
6.0
 40
6.0
 40
7.0
 40
7.0
 40
7.0
 40
7.0
 10
258.0227737447417
 20
-612.0609185285966
 10
257.4735536182853
 20
-608.3838350609828
 10
254.9664498807708
 20
-605.1174393978877
 10
251.2191734886693
 20
-603.7985900964441
 10
245.8269595795494
 20
-601.9005735313861
 10
239.8982560701541
 20
-604.7388786806641
 10
238.0022721154348
 20
-610.1263312949586
 10
237.8895734190486
 20
-610.4459235963235
 10
238.0574808564017
 20
-610.7965708798873
 10
238.3774424236445
 20
-610.9091600260712
 10
238.6978260011034
 20
-611.0218851223866
 10
239.0488374458753
 20
-610.854934329577
 10
239.1605247781446
 20
-610.5336935039574
 10
240.8320065956655
 20
-605.7855315303941
 10
246.0583736568374
 20
-603.284133794969
 10
250.8112477486048
 20
-604.9568391914355
 10
254.0592768671016
 20
-606.1000671745794
 10
256.2502998543691
 20
-608.9028643921097
 10
256.7833769604864
 20
-612.0775474069709
 10
257.192674196613
 20
-612.0064423059409
 10
257.6098746488568
 20
-611.999354282107
 10
258.0227737447417
 20
-612.0609185285966
 97
        0
 97
        1
330
1EC
 75
     2
 76
     1
 98
        1
 10
0.0
 20
0.0
450
        0
451
        0
460
0.0
461
0.0
452
        0
462
0.0
453
        0
470

  0
ENDBLK
  5
1E9
330
1E6
100
AcDbEntity
  8
0
100
AcDbBlockEnd
  0
BLOCK
  5
1F3
330
1F1
100
AcDbEntity
  8
0
100
AcDbBlockBegin
  2
Block_39
 70
     0
 10
0.0
 20
0.0
 30
0.0
  3
Block_39
  1

  0
LWPOLYLINE
  5
1F5
330
1F1
100
AcDbEntity
  8
Guides
100
AcDbPolyline
 90
        3
 70
     1
 43
0.0
 10
251.5590454784257
 20
-614.5599403562808
 10
254.4065255620266
 20
-615.3559103936223
 10
251.5590454784257
 20
-614.5599403562808
  0
HATCH
  5
1F6
330
1F1
100
AcDbEntity
  8
Guides
 62
   254
420
 14869218
440
 33554687
100
AcDbHatch
 10
0.0
 20
0.0
 30
0.0
210
0.0
220
0.0
230
1.0
  2
SOLID
 70
     1
 71
     1
 91
        1
 92
        1
 93
        2
 72
     1
 10
251.5590454784257
 20
-614.5599403562808
 11
254.4065255620266
 21
-615.3559103936223
 72
     1
 10
254.4065255620266
 20
-615.3559103936223
 11
251.5590454784257
 21
-614.5599403562808
 97
        1
330
1F5
 75
     2
 76
     1
 98
        1
 10
0.0
 20
0.0
450
        0
451
        0
460
0.0
461
0.0
452
        0
462
0.0
453
        0
470

  0
LWPOLYLINE
  5
1F7
330
1F1
100
AcDbEntity
  8
Guides
100
AcDbPolyline
 90
        3
 70
     1
 43
0.0
 10
244.0355192715216
 20
-612.4568797898574
 10
241.1907558821543
 20
-611.6616706782017
 10
244.0355192715216
 20
-612.4568797898574
  0
HATCH
  5
1F8
330
1F1
100
AcDbEntity
  8
Guides
 62
   254
420
 14869218
440
 33554687
100
AcDbHatch
 10
0.0
 20
0.0
 30
0.0
210
0.0
220
0.0
230
1.0
  2
SOLID
 70
     1
 71
     1
 91
        1
 92
        1
 93
        2
 72
     1
 10
244.0355192715216
 20
-612.4568797898574
 11
241.1907558821543
 21
-611.6616706782017
 72
     1
 10
241.1907558821543
 20
-611.6616706782017
 11
244.0355192715216
 21
-612.4568797898574
 97
        1
330
1F7
 75
     2
 76
     1
 98
        1
 10
0.0
 20
0.0
450
        0
451
        0
460
0.0
461
0.0
452
        0
462
0.0
453
        0
470

  0
SPLINE
  5
1F9
330
1F1
100
AcDbEntity
  8
Guides
100
AcDbSpline
210
0.0
220
0.0
230
1.0
 70
     9
 71
     3
 72
    20
 73
    16
 74
     0
 42
0.0000000001
 43
0.0000000001
 40
0.0
 40
0.0
 40
0.0
 40
0.0
 40
1.0
 40
1.0
 40
1.0
 40
2.0
 40
2.0
 40
2.0
 40
3.0
 40
3.0
 40
3.0
 40
4.0
 40
4.0
 40
4.0
 40
5.0
 40
5.0
 40
5.0
 40
5.0
 10
249.5221454608975
 20
-617.068197848499
 30
0.0
 10
249.5221454608975
 20
-617.068197848499
 30
0.0
 10
251.0368852651385
 20
-619.6078293059108
 30
0.0
 10
251.0368852651385
 20
-619.6078293059108
 30
0.0
 10
251.2863150576596
 20
-619.4729231565048
 30
0.0
 10
251.5308759030202
 20
-619.3232301258094
 30
0.0
 10
251.7676569528422
 20
-619.1542200651658
 30
0.0
 10
253.113339731414
 20
-618.1938090402105
 30
0.0
 10
254.0079296266078
 20
-616.8367719859745
 30
0.0
 10
254.4065255620266
 20
-615.3559103936223
 30
0.0
 10
254.4065255620266
 20
-615.3559103936223
 30
0.0
 10
251.5590454784257
 20
-614.5599403562808
 30
0.0
 10
251.5590454784257
 20
-614.5599403562808
 30
0.0
 10
251.2631578203492
 20
-615.6891595861045
 30
0.0
 10
250.5001440165374
 20
-616.5808679391593
 30
0.0
 10
249.5221454608975
 20
-617.068197848499
 30
0.0
  0
HATCH
  5
1FA
330
1F1
100
AcDbEntity
  8
Guides
 62
   254
420
 14869218
440
 33554687
100
AcDbHatch
 10
0.0
 20
0.0
 30
0.0
210
0.0
220
0.0
230
1.0
  2
SOLID
 70
     1
 71
     1
 91
        1
 92
        1
 93
        1
 72
     4
 94
        3
 73
     0
 74
     0
 95
       20
 96
       16
 40
0.0
 40
0.0
 40
0.0
 40
0.0
 40
1.0
 40
1.0
 40
1.0
 40
2.0
 40
2.0
 40
2.0
 40
3.0
 40
3.0
 40
3.0
 40
4.0
 40
4.0
 40
4.0
 40
5.0
 40
5.0
 40
5.0
 40
5.0
 10
249.5221454608975
 20
-617.068197848499
 10
249.5221454608975
 20
-617.068197848499
 10
251.0368852651385
 20
-619.6078293059108
 10
251.0368852651385
 20
-619.6078293059108
 10
251.2863150576596
 20
-619.4729231565048
 10
251.5308759030202
 20
-619.3232301258094
 10
251.7676569528422
 20
-619.1542200651658
 10
253.113339731414
 20
-618.1938090402105
 10
254.0079296266078
 20
-616.8367719859745
 10
254.4065255620266
 20
-615.3559103936223
 10
254.4065255620266
 20
-615.3559103936223
 10
251.5590454784257
 20
-614.5599403562808
 10
251.5590454784257
 20
-614.5599403562808
 10
251.2631578203492
 20
-615.6891595861045
 10
250.5001440165374
 20
-616.5808679391593
 10
249.5221454608975
 20
-617.068197848499
 97
        0
 97
        1
330
1F9
 75
     2
 76
     1
 98
        1
 10
0.0
 20
0.0
450
        0
451
        0
460
0.0
461
0.0
452
        0
462
0.0
453
        0
470

  0
SPLINE
  5
1FB
330
1F1
100
AcDbEntity
  8
Guides
100
AcDbSpline
210
0.0
220
0.0
230
1.0
 70
     9
 71
     3
 72
    26
 73
    22
 74
     0
 42
0.0000000001
 43
0.0000000001
 40
0.0
 40
0.0
 40
0.0
 40
0.0
 40
1.0
 40
1.0
 40
1.0
 40
2.0
 40
2.0
 40
2.0
 40
3.0
 40
3.0
 40
3.0
 40
4.0
 40
4.0
 40
4.0
 40
5.0
 40
5.0
 40
5.0
 40
6.0
 40
6.0
 40
6.0
 40
7.0
 40
7.0
 40
7.0
 40
7.0
 10
246.9403564799322
 20
-617.3877354439575
 30
0.0
 10
244.8309587570095
 20
-616.9235494315238
 30
0.0
 10
243.497186444001
 20
-614.8371587619412
 30
0.0
 10
243.9614343392053
 20
-612.7277326360902
 30
0.0
 10
243.9817648491082
 20
-612.6352410999465
 30
0.0
 10
244.0090620397672
 20
-612.5462572624254
 30
0.0
 10
244.0355192715216
 20
-612.4568797898574
 30
0.0
 10
244.0355192715216
 20
-612.4568797898574
 30
0.0
 10
241.1907558821543
 20
-611.6616706782017
 30
0.0
 10
241.1907558821543
 20
-611.6616706782017
 30
0.0
 10
240.6293827308693
 20
-613.606561011137
 30
0.0
 10
240.9281931737296
 20
-615.7795148498684
 30
0.0
 10
242.1954346263672
 20
-617.5551102225024
 30
0.0
 10
244.2281602800768
 20
-620.4032022199022
 30
0.0
 10
248.036459067408
 20
-621.2299643590306
 30
0.0
 10
251.0368852651385
 20
-619.6078293059108
 30
0.0
 10
251.0368852651385
 20
-619.6078293059108
 30
0.0
 10
249.5221454608975
 20
-617.068197848499
 30
0.0
 10
249.5221454608975
 20
-617.068197848499
 30
0.0
 10
248.7504612771859
 20
-617.452697446937
 30
0.0
 10
247.8479632746789
 20
-617.5874772422895
 30
0.0
 10
246.9403564799322
 20
-617.3877354439575
 30
0.0
  0
HATCH
  5
1FC
330
1F1
100
AcDbEntity
  8
Guides
 62
   254
420
 14869218
440
 33554687
100
AcDbHatch
 10
0.0
 20
0.0
 30
0.0
210
0.0
220
0.0
230
1.0
  2
SOLID
 70
     1
 71
     1
 91
        1
 92
        1
 93
        1
 72
     4
 94
        3
 73
     0
 74
     0
 95
       26
 96
       22
 40
0.0
 40
0.0
 40
0.0
 40
0.0
 40
1.0
 40
1.0
 40
1.0
 40
2.0
 40
2.0
 40
2.0
 40
3.0
 40
3.0
 40
3.0
 40
4.0
 40
4.0
 40
4.0
 40
5.0
 40
5.0
 40
5.0
 40
6.0
 40
6.0
 40
6.0
 40
7.0
 40
7.0
 40
7.0
 40
7.0
 10
246.9403564799322
 20
-617.3877354439575
 10
244.8309587570095
 20
-616.9235494315238
 10
243.497186444001
 20
-614.8371587619412
 10
243.9614343392053
 20
-612.7277326360902
 10
243.9817648491082
 20
-612.6352410999465
 10
244.0090620397672
 20
-612.5462572624254
 10
244.0355192715216
 20
-612.4568797898574
 10
244.0355192715216
 20
-612.4568797898574
 10
241.1907558821543
 20
-611.6616706782017
 10
241.1907558821543
 20
-611.6616706782017
 10
240.6293827308693
 20
-613.606561011137
 10
240.9281931737296
 20
-615.7795148498684
 10
242.1954346263672
 20
-617.5551102225024
 10
244.2281602800768
 20
-620.4032022199022
 10
248.036459067408
 20
-621.2299643590306
 10
251.0368852651385
 20
-619.6078293059108
 10
251.0368852651385
 20
-619.6078293059108
 10
249.5221454608975
 20
-617.068197848499
 10
249.5221454608975
 20
-617.068197848499
 10
248.7504612771859
 20
-617.452697446937
 10
247.8479632746789
 20
-617.5874772422895
 10
246.9403564799322
 20
-617.3877354439575
 97
        0
 97
        1
330
1FB
 75
     2
 76
     1
 98
        1
 10
0.0
 20
0.0
450
        0
451
        0
460
0.0
461
0.0
452
        0
462
0.0
453
        0
470

  0
SPLINE
  5
1FD
330
1F1
100
AcDbEntity
  8
Guides
100
AcDbSpline
210
0.0
220
0.0
230
1.0
 70
     9
 71
     3
 72
    29
 73
    25
 74
     0
 42
0.0000000001
 43
0.0000000001
 40
0.0
 40
0.0
 40
0.0
 40
0.0
 40
1.0
 40
1.0
 40
1.0
 40
2.0
 40
2.0
 40
2.0
 40
3.0
 40
3.0
 40
3.0
 40
4.0
 40
4.0
 40
4.0
 40
5.0
 40
5.0
 40
5.0
 40
6.0
 40
6.0
 40
6.0
 40
7.0
 40
7.0
 40
7.0
 40
8.0
 40
8.0
 40
8.0
 40
8.0
 10
243.794543453649
 20
-607.9829183297216
 30
0.0
 10
242.4853286772173
 20
-608.9173537548096
 30
0.0
 10
241.6046529800622
 20
-610.2276455344982
 30
0.0
 10
241.1907558821543
 20
-611.6616706782017
 30
0.0
 10
241.1907558821543
 20
-611.6616706782017
 30
0.0
 10
244.0355192715216
 20
-612.4568797898574
 30
0.0
 10
244.0355192715216
 20
-612.4568797898574
 30
0.0
 10
244.6124355911633
 20
-610.5068258328068
 30
0.0
 10
246.6044711082845
 20
-609.304922528377
 30
0.0
 10
248.6214381624543
 20
-609.7487800616685
 30
0.0
 10
250.7308810282294
 20
-610.2129828140179
 30
0.0
 10
252.0646081983849
 20
-612.2993567436809
 30
0.0
 10
251.6004054460329
 20
-614.4087996094554
 30
0.0
 10
251.5890267381989
 20
-614.4603671850352
 30
0.0
 10
251.5722983692577
 20
-614.5092731687134
 30
0.0
 10
251.5590454784257
 20
-614.5599403562808
 30
0.0
 10
251.5590454784257
 20
-614.5599403562808
 30
0.0
 10
254.4065255620266
 20
-615.3559103936223
 30
0.0
 10
254.4065255620266
 20
-615.3559103936223
 30
0.0
 10
254.9216212622477
 20
-613.4419849721183
 30
0.0
 10
254.608044311286
 20
-611.3212321348154
 30
0.0
 10
253.3667657801259
 20
-609.5820281723888
 30
0.0
 10
251.165015356615
 20
-606.4971394006254
 30
0.0
 10
246.8794154854905
 20
-605.7812130490689
 30
0.0
 10
243.794543453649
 20
-607.9829183297216
 30
0.0
  0
HATCH
  5
1FE
330
1F1
100
AcDbEntity
  8
Guides
 62
   254
420
 14869218
440
 33554687
100
AcDbHatch
 10
0.0
 20
0.0
 30
0.0
210
0.0
220
0.0
230
1.0
  2
SOLID
 70
     1
 71
     1
 91
        1
 92
        1
 93
        1
 72
     4
 94
        3
 73
     0
 74
     0
 95
       29
 96
       25
 40
0.0
 40
0.0
 40
0.0
 40
0.0
 40
1.0
 40
1.0
 40
1.0
 40
2.0
 40
2.0
 40
2.0
 40
3.0
 40
3.0
 40
3.0
 40
4.0
 40
4.0
 40
4.0
 40
5.0
 40
5.0
 40
5.0
 40
6.0
 40
6.0
 40
6.0
 40
7.0
 40
7.0
 40
7.0
 40
8.0
 40
8.0
 40
8.0
 40
8.0
 10
243.794543453649
 20
-607.9829183297216
 10
242.4853286772173
 20
-608.9173537548096
 10
241.6046529800622
 20
-610.2276455344982
 10
241.1907558821543
 20
-611.6616706782017
 10
241.1907558821543
 20
-611.6616706782017
 10
244.0355192715216
 20
-612.4568797898574
 10
244.0355192715216
 20
-612.4568797898574
 10
244.6124355911633
 20
-610.5068258328068
 10
246.6044711082845
 20
-609.304922528377
 10
248.6214381624543
 20
-609.7487800616685
 10
250.7308810282294
 20
-610.2129828140179
 10
252.0646081983849
 20
-612.2993567436809
 10
251.6004054460329
 20
-614.4087996094554
 10
251.5890267381989
 20
-614.4603671850352
 10
251.5722983692577
 20
-614.5092731687134
 10
251.5590454784257
 20
-614.5599403562808
 10
251.5590454784257
 20
-614.5599403562808
 10
254.4065255620266
 20
-615.3559103936223
 10
254.4065255620266
 20
-615.3559103936223
 10
254.9216212622477
 20
-613.4419849721183
 10
254.608044311286
 20
-611.3212321348154
 10
253.3667657801259
 20
-609.5820281723888
 10
251.165015356615
 20
-606.4971394006254
 10
246.8794154854905
 20
-605.7812130490689
 10
243.794543453649
 20
-607.9829183297216
 97
        0
 97
        1
330
1FD
 75
     2
 76
     1
 98
        1
 10
0.0
 20
0.0
450
        0
451
        0
460
0.0
461
0.0
452
        0
462
0.0
453
        0
470

  0
LWPOLYLINE
  5
1FF
330
1F1
100
AcDbEntity
  8
Guides
100
AcDbPolyline
 90
        3
 70
     1
 43
0.0
 10
247.3192037806784
 20
-613.3747557317315
 10
247.319142913285
 20
-613.3747537009626
 10
247.3192037806784
 20
-613.3747557317315
  0
HATCH
  5
200
330
1F1
100
AcDbEntity
  8
Guides
 62
   254
420
 14869218
440
 33554687
100
AcDbHatch
 10
0.0
 20
0.0
 30
0.0
210
0.0
220
0.0
230
1.0
  2
SOLID
 70
     1
 71
     1
 91
        1
 92
        1
 93
        2
 72
     1
 10
247.3192037806784
 20
-613.3747557317315
 11
247.319142913285
 21
-613.3747537009626
 72
     1
 10
247.319142913285
 20
-613.3747537009626
 11
247.3192037806784
 21
-613.3747557317315
 97
        1
330
1FF
 75
     2
 76
     1
 98
        1
 10
0.0
 20
0.0
450
        0
451
        0
460
0.0
461
0.0
452
        0
462
0.0
453
        0
470

  0
ENDBLK
  5
1F4
330
1F1
100
AcDbEntity
  8
0
100
AcDbBlockEnd
  0
BLOCK
  5
207
330
205
100
AcDbEntity
  8
0
100
AcDbBlockBegin
  2
Block_40
 70
     0
 10
0.0
 20
0.0
 30
0.0
  3
Block_40
  1

  0
SPLINE
  5
209
330
205
100
AcDbEntity
  8
Logo
100
AcDbSpline
210
0.0
220
0.0
230
1.0
 70
    11
 71
     3
 72
    17
 73
    13
 74
     0
 42
0.0000000001
 43
0.0000000001
 40
0.0
 40
0.0
 40
0.0
 40
0.0
 40
1.0
 40
1.0
 40
1.0
 40
2.0
 40
2.0
 40
2.0
 40
3.0
 40
3.0
 40
3.0
 40
4.0
 40
4.0
 40
4.0
 40
4.0
 10
610.5256705155571
 20
-556.0257760754203
 30
0.0
 10
610.5256705155571
 20
-556.0257760754203
 30
0.0
 10
610.5256705155571
 20
-595.2383691949403
 30
0.0
 10
610.5256705155571
 20
-595.2383691949403
 30
0.0
 10
610.5256705155571
 20
-595.2383691949403
 30
0.0
 10
603.4097314669666
 20
-595.2383691949403
 30
0.0
 10
603.4097314669666
 20
-595.2383691949403
 30
0.0
 10
603.4097314669666
 20
-595.2383691949403
 30
0.0
 10
603.4097314669666
 20
-556.0257760754203
 30
0.0
 10
603.4097314669666
 20
-556.0257760754203
 30
0.0
 10
603.4097314669666
 20
-556.0257760754203
 30
0.0
 10
610.5256705155571
 20
-556.0257760754203
 30
0.0
 10
610.5256705155571
 20
-556.0257760754203
 30
0.0
  0
SPLINE
  5
20A
330
205
100
AcDbEntity
  8
Logo
100
AcDbSpline
210
0.0
220
0.0
230
1.0
 70
    11
 71
     3
 72
    44
 73
    40
 74
     0
 42
0.0000000001
 43
0.0000000001
 40
0.0
 40
0.0
 40
0.0
 40
0.0
 40
1.0
 40
1.0
 40
1.0
 40
2.0
 40
2.0
 40
2.0
 40
3.0
 40
3.0
 40
3.0
 40
4.0
 40
4.0
 40
4.0
 40
5.0
 40
5.0
 40
5.0
 40
6.0
 40
6.0
 40
6.0
 40
7.0
 40
7.0
 40
7.0
 40
8.0
 40
8.0
 40
8.0
 40
9.0
 40
9.0
 40
9.0
 40
10.0
 40
10.0
 40
10.0
 40
11.0
 40
11.0
 40
11.0
 40
12.0
 40
12.0
 40
12.0
 40
13.0
 40
13.0
 40
13.0
 40
13.0
 10
525.706602101634
 20
-595.2383691949403
 30
0.0
 10
525.706602101634
 20
-595.2383691949403
 30
0.0
 10
518.403390738829
 20
-595.2383691949403
 30
0.0
 10
518.403390738829
 20
-595.2383691949403
 30
0.0
 10
518.403390738829
 20
-595.2383691949403
 30
0.0
 10
518.403390738829
 20
-555.9187412888995
 30
0.0
 10
518.403390738829
 20
-555.9187412888995
 30
0.0
 10
518.403390738829
 20
-555.9187412888995
 30
0.0
 10
525.9875105729531
 20
-555.9187412888995
 30
0.0
 10
525.9875105729531
 20
-555.9187412888995
 30
0.0
 10
525.9875105729531
 20
-555.9187412888995
 30
0.0
 10
535.2570812349997
 20
-582.773830623289
 30
0.0
 10
535.2570812349997
 20
-582.773830623289
 30
0.0
 10
535.2570812349997
 20
-582.773830623289
 30
0.0
 10
544.3859932156282
 20
-555.9187412888995
 30
0.0
 10
544.3859932156282
 20
-555.9187412888995
 30
0.0
 10
544.3859932156282
 20
-555.9187412888995
 30
0.0
 10
551.9234994169587
 20
-555.9187412888995
 30
0.0
 10
551.9234994169587
 20
-555.9187412888995
 30
0.0
 10
551.9234994169587
 20
-555.9187412888995
 30
0.0
 10
551.9234994169587
 20
-595.2383691949403
 30
0.0
 10
551.9234994169587
 20
-595.2383691949403
 30
0.0
 10
551.9234994169587
 20
-595.2383691949403
 30
0.0
 10
544.6202880541537
 20
-595.2383691949403
 30
0.0
 10
544.6202880541537
 20
-595.2383691949403
 30
0.0
 10
544.6202880541537
 20
-595.2383691949403
 30
0.0
 10
544.6202880541537
 20
-579.2965303216575
 30
0.0
 10
544.6202880541537
 20
-579.2965303216575
 30
0.0
 10
544.6202880541537
 20
-579.2965303216575
 30
0.0
 10
538.8618688378464
 20
-595.2383691949403
 30
0.0
 10
538.8618688378464
 20
-595.2383691949403
 30
0.0
 10
538.8618688378464
 20
-595.2383691949403
 30
0.0
 10
531.6522936321493
 20
-595.2383691949403
 30
0.0
 10
531.6522936321493
 20
-595.2383691949403
 30
0.0
 10
531.6522936321493
 20
-595.2383691949403
 30
0.0
 10
525.706602101634
 20
-579.0290456830676
 30
0.0
 10
525.706602101634
 20
-579.0290456830676
 30
0.0
 10
525.706602101634
 20
-579.0290456830676
 30
0.0
 10
525.706602101634
 20
-595.2383691949403
 30
0.0
 10
525.706602101634
 20
-595.2383691949403
 30
0.0
  0
SPLINE
  5
20B
330
205
100
AcDbEntity
  8
Logo
100
AcDbSpline
210
0.0
220
0.0
230
1.0
 70
    11
 71
     3
 72
    17
 73
    13
 74
     0
 42
0.0000000001
 43
0.0000000001
 40
0.0
 40
0.0
 40
0.0
 40
0.0
 40
1.0
 40
1.0
 40
1.0
 40
2.0
 40
2.0
 40
2.0
 40
3.0
 40
3.0
 40
3.0
 40
4.0
 40
4.0
 40
4.0
 40
4.0
 10
563.8093052404674
 20
-556.0257760754203
 30
0.0
 10
563.8093052404674
 20
-556.0257760754203
 30
0.0
 10
563.8093052404674
 20
-595.2383691949403
 30
0.0
 10
563.8093052404674
 20
-595.2383691949403
 30
0.0
 10
563.8093052404674
 20
-595.2383691949403
 30
0.0
 10
556.6933661918814
 20
-595.2383691949403
 30
0.0
 10
556.6933661918814
 20
-595.2383691949403
 30
0.0
 10
556.6933661918814
 20
-595.2383691949403
 30
0.0
 10
556.6933661918814
 20
-556.0257760754203
 30
0.0
 10
556.6933661918814
 20
-556.0257760754203
 30
0.0
 10
556.6933661918814
 20
-556.0257760754203
 30
0.0
 10
563.8093052404674
 20
-556.0257760754203
 30
0.0
 10
563.8093052404674
 20
-556.0257760754203
 30
0.0
  0
SPLINE
  5
20C
330
205
100
AcDbEntity
  8
Logo
100
AcDbSpline
210
0.0
220
0.0
230
1.0
 70
    11
 71
     3
 72
   104
 73
   100
 74
     0
 42
0.0000000001
 43
0.0000000001
 40
0.0
 40
0.0
 40
0.0
 40
0.0
 40
1.0
 40
1.0
 40
1.0
 40
2.0
 40
2.0
 40
2.0
 40
3.0
 40
3.0
 40
3.0
 40
4.0
 40
4.0
 40
4.0
 40
5.0
 40
5.0
 40
5.0
 40
6.0
 40
6.0
 40
6.0
 40
7.0
 40
7.0
 40
7.0
 40
8.0
 40
8.0
 40
8.0
 40
9.0
 40
9.0
 40
9.0
 40
10.0
 40
10.0
 40
10.0
 40
11.0
 40
11.0
 40
11.0
 40
12.0
 40
12.0
 40
12.0
 40
13.0
 40
13.0
 40
13.0
 40
14.0
 40
14.0
 40
14.0
 40
15.0
 40
15.0
 40
15.0
 40
16.0
 40
16.0
 40
16.0
 40
17.0
 40
17.0
 40
17.0
 40
18.0
 40
18.0
 40
18.0
 40
19.0
 40
19.0
 40
19.0
 40
20.0
 40
20.0
 40
20.0
 40
21.0
 40
21.0
 40
21.0
 40
22.0
 40
22.0
 40
22.0
 40
23.0
 40
23.0
 40
23.0
 40
24.0
 40
24.0
 40
24.0
 40
25.0
 40
25.0
 40
25.0
 40
26.0
 40
26.0
 40
26.0
 40
27.0
 40
27.0
 40
27.0
 40
28.0
 40
28.0
 40
28.0
 40
29.0
 40
29.0
 40
29.0
 40
30.0
 40
30.0
 40
30.0
 40
31.0
 40
31.0
 40
31.0
 40
32.0
 40
32.0
 40
32.0
 40
33.0
 40
33.0
 40
33.0
 40
33.0
 10
664.9339119744271
 20
-573.6259378457768
 30
0.0
 10
664.9339119744271
 20
-573.6259378457768
 30
0.0
 10
679.8682656956666
 20
-573.6259378457768
 30
0.0
 10
679.8682656956666
 20
-573.6259378457768
 30
0.0
 10
679.8682656956666
 20
-573.6259378457768
 30
0.0
 10
679.8682656956666
 20
-585.1277773050237
 30
0.0
 10
679.8682656956666
 20
-585.1277773050237
 30
0.0
 10
679.1191764388139
 20
-586.6256503500276
 30
0.0
 10
678.2216595617435
 20
-587.9896787480285
 30
0.0
 10
677.1761239559721
 20
-589.2200671544426
 30
0.0
 10
676.1301794586833
 20
-590.4504555608566
 30
0.0
 10
674.9677008794049
 20
-591.5122078982665
 30
0.0
 10
673.6882793266221
 20
-592.4030729570023
 30
0.0
 10
672.408448882329
 20
-593.294961292859
 30
0.0
 10
671.027213342128
 20
-593.981375583464
 30
0.0
 10
669.5449815975344
 20
-594.462725139668
 30
0.0
 10
668.0623409614258
 20
-594.9442793512919
 30
0.0
 10
666.525317753725
 20
-595.1849541293959
 30
0.0
 10
664.9339119744271
 20
-595.1849541293959
 30
0.0
 10
662.5930080467591
 20
-595.1849541293959
 30
0.0
 10
660.3845849701913
 20
-594.6684038403396
 30
0.0
 10
658.3094605277666
 20
-593.633666018843
 30
0.0
 10
656.2331094107854
 20
-592.5995421636171
 30
0.0
 10
654.4233555620796
 20
-591.1994944110743
 30
0.0
 10
652.8785634155785
 20
-589.4341367274836
 30
0.0
 10
651.3337712690737
 20
-587.6687790438904
 30
0.0
 10
650.1083233963738
 20
-585.6007359888616
 30
0.0
 10
649.2034464720168
 20
-583.2285749744309
 30
0.0
 10
648.297751764636
 20
-580.8572325816899
 30
0.0
 10
647.8459266397269
 20
-578.3160261874002
 30
0.0
 10
647.8459266397269
 20
-575.6053651024045
 30
0.0
 10
647.8459266397269
 20
-572.8955226391102
 30
0.0
 10
648.297751764636
 20
-570.3543162448199
 30
0.0
 10
649.2034464720168
 20
-567.9821552303853
 30
0.0
 10
650.1083233963738
 20
-565.6108128376482
 30
0.0
 10
651.3337712690737
 20
-563.5419511609226
 30
0.0
 10
652.8785634155785
 20
-561.7765934773319
 30
0.0
 10
654.4233555620796
 20
-560.0112357937388
 30
0.0
 10
656.2331094107854
 20
-558.6120066628926
 30
0.0
 10
658.3094605277666
 20
-557.5772688413929
 30
0.0
 10
660.3845849701913
 20
-556.5431449861701
 30
0.0
 10
662.5930080467591
 20
-556.0257760754203
 30
0.0
 10
664.9339119744271
 20
-556.0257760754203
 30
0.0
 10
667.9605269740044
 20
-556.0257760754203
 30
0.0
 10
670.7156380071237
 20
-556.837439485239
 30
0.0
 10
673.1967917246958
 20
-558.4599476831898
 30
0.0
 10
675.6779454422641
 20
-560.0830698474074
 30
0.0
 10
677.6986873130988
 20
-562.2313378284699
 30
0.0
 10
679.2594262287181
 20
-564.9061842143433
 30
0.0
 10
679.2594262287181
 20
-564.9061842143433
 30
0.0
 10
674.1098464793658
 20
-570.8976763943589
 30
0.0
 10
674.1098464793658
 20
-570.8976763943589
 30
0.0
 10
673.2977879290851
 20
-568.8648340721784
 30
0.0
 10
672.0805178866996
 20
-567.2249301632289
 30
0.0
 10
670.4580363522081
 20
-565.9761227686914
 30
0.0
 10
668.8347370346783
 20
-564.7281339958481
 30
0.0
 10
666.9934985392585
 20
-564.1037302985845
 30
0.0
 10
664.9339119744271
 20
-564.1037302985845
 30
0.0
 10
663.560036481505
 20
-564.1037302985845
 30
0.0
 10
662.2650770511257
 20
-564.4070296362933
 30
0.0
 10
661.0482159002542
 20
-565.0132190008634
 30
0.0
 10
659.8309458578679
 20
-565.6200223317081
 30
0.0
 10
658.7694634829828
 20
-566.4400766138891
 30
0.0
 10
657.8645865586263
 20
-567.4739958136991
 30
0.0
 10
656.9588918512448
 20
-568.5087336351918
 30
0.0
 10
656.2412872411035
 20
-569.7207030534862
 30
0.0
 10
655.7109549451728
 20
-571.1117459673961
 30
0.0
 10
655.1798048662146
 20
-572.5025842258798
 30
0.0
 10
654.9152520555239
 20
-574.0004572708837
 30
0.0
 10
654.9152520555239
 20
-575.6053651024045
 30
0.0
 10
654.9152520555239
 20
-577.2102729339325
 30
0.0
 10
655.1798048662146
 20
-578.7081459789363
 30
0.0
 10
655.7109549451728
 20
-580.0989842374162
 30
0.0
 10
656.2412872411035
 20
-581.4900271513267
 30
0.0
 10
656.9588918512448
 20
-582.7120246853784
 30
0.0
 10
657.8645865586263
 20
-583.7635442516068
 30
0.0
 10
658.7694634829828
 20
-584.8158824395255
 30
0.0
 10
659.8309458578679
 20
-585.6451462157735
 30
0.0
 10
661.0482159002542
 20
-586.2511309249207
 30
0.0
 10
662.2650770511257
 20
-586.8579342557621
 30
0.0
 10
663.560036481505
 20
-587.1606196272035
 30
0.0
 10
664.9339119744271
 20
-587.1606196272035
 30
0.0
 10
665.6830012312791
 20
-587.1606196272035
 30
0.0
 10
666.4553973045277
 20
-587.0359844742573
 30
0.0
 10
667.2511001941767
 20
-586.7861002020966
 30
0.0
 10
668.0472119753436
 20
-586.5370345516303
 30
0.0
 10
668.8347370346783
 20
-586.1709059988897
 30
0.0
 10
669.6153109382451
 20
-585.6893517872626
 30
0.0
 10
670.3950670587796
 20
-585.2080022310617
 30
0.0
 10
671.1134894519497
 20
-584.6286227269738
 30
0.0
 10
671.7689425516979
 20
-583.950803964158
 30
0.0
 10
672.4243956514434
 20
-583.2738038230364
 30
0.0
 10
672.9862125940842
 20
-582.506345984703
 30
0.0
 10
673.4543933796178
 20
-581.6504770033953
 30
0.0
 10
673.4543933796178
 20
-581.6504770033953
 30
0.0
 10
664.9339119744271
 20
-581.6504770033953
 30
0.0
 10
664.9339119744271
 20
-581.6504770033953
 30
0.0
 10
664.9339119744271
 20
-581.6504770033953
 30
0.0
 10
664.9339119744271
 20
-573.6259378457768
 30
0.0
 10
664.9339119744271
 20
-573.6259378457768
 30
0.0
  0
SPLINE
  5
20D
330
205
100
AcDbEntity
  8
Logo
100
AcDbSpline
210
0.0
220
0.0
230
1.0
 70
    11
 71
     3
 72
    35
 73
    31
 74
     0
 42
0.0000000001
 43
0.0000000001
 40
0.0
 40
0.0
 40
0.0
 40
0.0
 40
1.0
 40
1.0
 40
1.0
 40
2.0
 40
2.0
 40
2.0
 40
3.0
 40
3.0
 40
3.0
 40
4.0
 40
4.0
 40
4.0
 40
5.0
 40
5.0
 40
5.0
 40
6.0
 40
6.0
 40
6.0
 40
7.0
 40
7.0
 40
7.0
 40
8.0
 40
8.0
 40
8.0
 40
9.0
 40
9.0
 40
9.0
 40
10.0
 40
10.0
 40
10.0
 40
10.0
 10
591.4255765663859
 20
-555.9723610098682
 30
0.0
 10
591.4255765663859
 20
-555.9723610098682
 30
0.0
 10
598.7287879291876
 20
-555.9723610098682
 30
0.0
 10
598.7287879291876
 20
-555.9723610098682
 30
0.0
 10
598.7287879291876
 20
-555.9723610098682
 30
0.0
 10
598.7287879291876
 20
-595.2383691949403
 30
0.0
 10
598.7287879291876
 20
-595.2383691949403
 30
0.0
 10
598.7287879291876
 20
-595.2383691949403
 30
0.0
 10
590.6764873095305
 20
-595.2383691949403
 30
0.0
 10
590.6764873095305
 20
-595.2383691949403
 30
0.0
 10
590.6764873095305
 20
-595.2383691949403
 30
0.0
 10
575.8823833781913
 20
-569.7743227744618
 30
0.0
 10
575.8823833781913
 20
-569.7743227744618
 30
0.0
 10
575.8823833781913
 20
-569.7743227744618
 30
0.0
 10
575.8823833781913
 20
-595.2383691949403
 30
0.0
 10
575.8823833781913
 20
-595.2383691949403
 30
0.0
 10
575.8823833781913
 20
-595.2383691949403
 30
0.0
 10
568.5791720153862
 20
-595.2383691949403
 30
0.0
 10
568.5791720153862
 20
-595.2383691949403
 30
0.0
 10
568.5791720153862
 20
-595.2383691949403
 30
0.0
 10
568.5791720153862
 20
-555.9187412888995
 30
0.0
 10
568.5791720153862
 20
-555.9187412888995
 30
0.0
 10
568.5791720153862
 20
-555.9187412888995
 30
0.0
 10
576.631472635044
 20
-555.9187412888995
 30
0.0
 10
576.631472635044
 20
-555.9187412888995
 30
0.0
 10
576.631472635044
 20
-555.9187412888995
 30
0.0
 10
591.4255765663859
 20
-581.382992364806
 30
0.0
 10
591.4255765663859
 20
-581.382992364806
 30
0.0
 10
591.4255765663859
 20
-581.382992364806
 30
0.0
 10
591.4255765663859
 20
-555.9723610098682
 30
0.0
 10
591.4255765663859
 20
-555.9723610098682
 30
0.0
  0
SPLINE
  5
20E
330
205
100
AcDbEntity
  8
Logo
100
AcDbSpline
210
0.0
220
0.0
230
1.0
 70
    11
 71
     3
 72
    35
 73
    31
 74
     0
 42
0.0000000001
 43
0.0000000001
 40
0.0
 40
0.0
 40
0.0
 40
0.0
 40
1.0
 40
1.0
 40
1.0
 40
2.0
 40
2.0
 40
2.0
 40
3.0
 40
3.0
 40
3.0
 40
4.0
 40
4.0
 40
4.0
 40
5.0
 40
5.0
 40
5.0
 40
6.0
 40
6.0
 40
6.0
 40
7.0
 40
7.0
 40
7.0
 40
8.0
 40
8.0
 40
8.0
 40
9.0
 40
9.0
 40
9.0
 40
10.0
 40
10.0
 40
10.0
 40
10.0
 10
638.1419418414717
 20
-555.9723610098682
 30
0.0
 10
638.1419418414717
 20
-555.9723610098682
 30
0.0
 10
645.4451532042767
 20
-555.9723610098682
 30
0.0
 10
645.4451532042767
 20
-555.9723610098682
 30
0.0
 10
645.4451532042767
 20
-555.9723610098682
 30
0.0
 10
645.4451532042767
 20
-595.2383691949403
 30
0.0
 10
645.4451532042767
 20
-595.2383691949403
 30
0.0
 10
645.4451532042767
 20
-595.2383691949403
 30
0.0
 10
637.3928525846196
 20
-595.2383691949403
 30
0.0
 10
637.3928525846196
 20
-595.2383691949403
 30
0.0
 10
637.3928525846196
 20
-595.2383691949403
 30
0.0
 10
622.5987486532804
 20
-569.7743227744618
 30
0.0
 10
622.5987486532804
 20
-569.7743227744618
 30
0.0
 10
622.5987486532804
 20
-569.7743227744618
 30
0.0
 10
622.5987486532804
 20
-595.2383691949403
 30
0.0
 10
622.5987486532804
 20
-595.2383691949403
 30
0.0
 10
622.5987486532804
 20
-595.2383691949403
 30
0.0
 10
615.2955372904752
 20
-595.2383691949403
 30
0.0
 10
615.2955372904752
 20
-595.2383691949403
 30
0.0
 10
615.2955372904752
 20
-595.2383691949403
 30
0.0
 10
615.2955372904752
 20
-555.9187412888995
 30
0.0
 10
615.2955372904752
 20
-555.9187412888995
 30
0.0
 10
615.2955372904752
 20
-555.9187412888995
 30
0.0
 10
623.347837910133
 20
-555.9187412888995
 30
0.0
 10
623.347837910133
 20
-555.9187412888995
 30
0.0
 10
623.347837910133
 20
-555.9187412888995
 30
0.0
 10
638.1419418414717
 20
-581.382992364806
 30
0.0
 10
638.1419418414717
 20
-581.382992364806
 30
0.0
 10
638.1419418414717
 20
-581.382992364806
 30
0.0
 10
638.1419418414717
 20
-555.9723610098682
 30
0.0
 10
638.1419418414717
 20
-555.9723610098682
 30
0.0
  0
LWPOLYLINE
  5
20F
330
205
100
AcDbEntity
  8
Logo
100
AcDbPolyline
 90
        1
 70
     0
 43
0.0
 10
544.6202880541537
 20
-595.2383691949403
  0
HATCH
  5
210
330
205
100
AcDbEntity
  8
Logo
 62
   158
420
    10049
440
 33554687
100
AcDbHatch
 10
0.0
 20
0.0
 30
0.0
210
0.0
220
0.0
230
1.0
  2
SOLID
 70
     1
 71
     1
 91
        1
 92
        3
 72
     0
 73
     1
 93
        1
 10
544.6202880541537
 20
-595.2383691949403
 97
        0
 75
     2
 76
     1
 98
        1
 10
0.0
 20
0.0
450
        0
451
        0
460
0.0
461
0.0
452
        0
462
0.0
453
        0
470

  0
LWPOLYLINE
  5
211
330
205
100
AcDbEntity
  8
Logo
 62
    30
420
 16225309
370
    80
100
AcDbPolyline
 90
        1
 70
     0
 43
0.0
 10
526.7501050500539
 20
-602.4490926623505
  0
LWPOLYLINE
  5
212
330
205
100
AcDbEntity
  8
Logo
100
AcDbPolyline
 90
        1
 70
     0
 43
0.0
 10
544.586371047839
 20
-595.6388681554227
  0
HATCH
  5
213
330
205
100
AcDbEntity
  8
Logo
 62
   158
420
    10049
440
 33554687
100
AcDbHatch
 10
0.0
 20
0.0
 30
0.0
210
0.0
220
0.0
230
1.0
  2
SOLID
 70
     1
 71
     1
 91
        1
 92
        3
 72
     0
 73
     1
 93
        1
 10
544.586371047839
 20
-595.6388681554227
 97
        0
 75
     2
 76
     1
 98
        1
 10
0.0
 20
0.0
450
        0
451
        0
460
0.0
461
0.0
452
        0
462
0.0
453
        0
470

  0
INSERT
  5
215
330
205
100
AcDbEntity
  8
Logo
100
AcDbBlockReference
  2
Block_41
 10
0.0
 20
0.0
 30
0.0
  0
SPLINE
  5
240
330
205
100
AcDbEntity
  8
Logo
100
AcDbSpline
210
0.0
220
0.0
230
1.0
 70
     9
 71
     3
 72
    26
 73
    22
 74
     0
 42
0.0000000001
 43
0.0000000001
 40
0.0
 40
0.0
 40
0.0
 40
0.0
 40
1.0
 40
1.0
 40
1.0
 40
2.0
 40
2.0
 40
2.0
 40
3.0
 40
3.0
 40
3.0
 40
4.0
 40
4.0
 40
4.0
 40
5.0
 40
5.0
 40
5.0
 40
6.0
 40
6.0
 40
6.0
 40
7.0
 40
7.0
 40
7.0
 40
7.0
 10
513.6233900208453
 20
-559.2938795443065
 30
0.0
 10
513.6233900208453
 20
-559.2938795443065
 30
0.0
 10
513.6233900208453
 20
-603.2091948315077
 30
0.0
 10
513.6233900208453
 20
-603.2091948315077
 30
0.0
 10
513.6233900208453
 20
-603.2091948315077
 30
0.0
 10
513.6233829049079
 20
-603.2091948315077
 30
0.0
 10
513.6233829049079
 20
-603.2091948315077
 30
0.0
 10
509.6933621870064
 20
-603.2091948285867
 30
0.0
 10
506.5074509782559
 20
-600.0200163379079
 30
0.0
 10
506.5074509773736
 20
-596.0859652923995
 30
0.0
 10
506.5074509773736
 20
-596.0859652923995
 30
0.0
 10
506.5074509730382
 20
-559.2938795443065
 30
0.0
 10
506.5074509730382
 20
-559.2938795443065
 30
0.0
 10
506.5074509726076
 20
-557.380353159607
 30
0.0
 10
508.0570814045132
 20
-555.8291335316524
 30
0.0
 10
509.9686474169697
 20
-555.8291335316524
 30
0.0
 10
509.9686474169697
 20
-555.8291335316524
 30
0.0
 10
510.1621935761412
 20
-555.8291335316524
 30
0.0
 10
510.1621935761412
 20
-555.8291335316524
 30
0.0
 10
512.0737595887177
 20
-555.8291335316524
 30
0.0
 10
513.6233900208453
 20
-557.3803531594799
 30
0.0
 10
513.6233900208453
 20
-559.2938795443065
 30
0.0
  0
HATCH
  5
241
330
205
100
AcDbEntity
  8
Logo
 62
    30
420
 16225309
440
 33554687
100
AcDbHatch
 10
0.0
 20
0.0
 30
0.0
210
0.0
220
0.0
230
1.0
  2
SOLID
 70
     1
 71
     1
 91
        1
 92
        1
 93
        1
 72
     4
 94
        3
 73
     0
 74
     0
 95
       26
 96
       22
 40
0.0
 40
0.0
 40
0.0
 40
0.0
 40
1.0
 40
1.0
 40
1.0
 40
2.0
 40
2.0
 40
2.0
 40
3.0
 40
3.0
 40
3.0
 40
4.0
 40
4.0
 40
4.0
 40
5.0
 40
5.0
 40
5.0
 40
6.0
 40
6.0
 40
6.0
 40
7.0
 40
7.0
 40
7.0
 40
7.0
 10
513.6233900208453
 20
-559.2938795443065
 10
513.6233900208453
 20
-559.2938795443065
 10
513.6233900208453
 20
-603.2091948315077
 10
513.6233900208453
 20
-603.2091948315077
 10
513.6233900208453
 20
-603.2091948315077
 10
513.6233829049079
 20
-603.2091948315077
 10
513.6233829049079
 20
-603.2091948315077
 10
509.6933621870064
 20
-603.2091948285867
 10
506.5074509782559
 20
-600.0200163379079
 10
506.5074509773736
 20
-596.0859652923995
 10
506.5074509773736
 20
-596.0859652923995
 10
506.5074509730382
 20
-559.2938795443065
 10
506.5074509730382
 20
-559.2938795443065
 10
506.5074509726076
 20
-557.380353159607
 10
508.0570814045132
 20
-555.8291335316524
 10
509.9686474169697
 20
-555.8291335316524
 10
509.9686474169697
 20
-555.8291335316524
 10
510.1621935761412
 20
-555.8291335316524
 10
510.1621935761412
 20
-555.8291335316524
 10
512.0737595887177
 20
-555.8291335316524
 10
513.6233900208453
 20
-557.3803531594799
 10
513.6233900208453
 20
-559.2938795443065
 97
        0
 97
        1
330
240
 75
     2
 76
     1
 98
        1
 10
0.0
 20
0.0
450
        0
451
        0
460
0.0
461
0.0
452
        0
462
0.0
453
        0
470

  0
ENDBLK
  5
208
330
205
100
AcDbEntity
  8
0
100
AcDbBlockEnd
  0
BLOCK
  5
216
330
214
100
AcDbEntity
  8
0
100
AcDbBlockBegin
  2
Block_41
 70
     0
 10
0.0
 20
0.0
 30
0.0
  3
Block_41
  1

  0
INSERT
  5
219
330
214
100
AcDbEntity
  8
Logo
100
AcDbBlockReference
  2
Block_42
 10
0.0
 20
0.0
 30
0.0
  0
INSERT
  5
225
330
214
100
AcDbEntity
  8
Logo
100
AcDbBlockReference
  2
Block_43
 10
0.0
 20
0.0
 30
0.0
  0
INSERT
  5
234
330
214
100
AcDbEntity
  8
Logo
100
AcDbBlockReference
  2
Block_45
 10
0.0
 20
0.0
 30
0.0
  0
ENDBLK
  5
217
330
214
100
AcDbEntity
  8
0
100
AcDbBlockEnd
  0
BLOCK
  5
21A
330
218
100
AcDbEntity
  8
0
100
AcDbBlockBegin
  2
Block_42
 70
     0
 10
0.0
 20
0.0
 30
0.0
  3
Block_42
  1

  0
SPLINE
  5
21C
330
218
100
AcDbEntity
  8
Logo
100
AcDbSpline
210
0.0
220
0.0
230
1.0
 70
     9
 71
     3
 72
    32
 73
    28
 74
     0
 42
0.0000000001
 43
0.0000000001
 40
0.0
 40
0.0
 40
0.0
 40
0.0
 40
1.0
 40
1.0
 40
1.0
 40
2.0
 40
2.0
 40
2.0
 40
3.0
 40
3.0
 40
3.0
 40
4.0
 40
4.0
 40
4.0
 40
5.0
 40
5.0
 40
5.0
 40
6.0
 40
6.0
 40
6.0
 40
7.0
 40
7.0
 40
7.0
 40
8.0
 40
8.0
 40
8.0
 40
9.0
 40
9.0
 40
9.0
 40
9.0
 10
501.457816285843
 20
-538.916547573831
 30
0.0
 10
501.2548422126847
 20
-538.820766260049
 30
0.0
 10
501.166730886919
 20
-538.5753266434707
 30
0.0
 10
501.2625122007049
 20
-538.3725396431925
 30
0.0
 10
501.2625122007049
 20
-538.3725396431925
 30
0.0
 10
501.2625122007049
 20
-538.3725396431925
 30
0.0
 10
501.2625122007049
 20
-538.3725396431925
 30
0.0
 10
501.3620349720609
 20
-538.1693784971547
 30
0.0
 10
501.6072875157552
 20
-538.0810800985082
 30
0.0
 10
501.8102615889128
 20
-538.1768614122941
 30
0.0
 10
501.8102615889128
 20
-538.1768614122941
 30
0.0
 10
501.8102615889128
 20
-538.1768614122941
 30
0.0
 10
501.8102615889128
 20
-538.1768614122941
 30
0.0
 10
502.0134227349513
 20
-538.27264272608
 30
0.0
 10
502.1015340607176
 20
-538.5180823426545
 30
0.0
 10
502.0018242164847
 20
-538.7208693429358
 30
0.0
 10
502.0018242164847
 20
-538.7208693429358
 30
0.0
 10
502.0018242164847
 20
-538.7208693429358
 30
0.0
 10
502.0018242164847
 20
-538.7208693429358
 30
0.0
 10
501.932981397202
 20
-538.870527645725
 30
0.0
 10
501.7872516248598
 20
-538.9584518986144
 30
0.0
 10
501.6340389373782
 20
-538.9584518986144
 30
0.0
 10
501.6340389373782
 20
-538.9584518986144
 30
0.0
 10
501.6340389373782
 20
-538.9584518986144
 30
0.0
 10
501.6340389373782
 20
-538.9584518986144
 30
0.0
 10
501.5766075636819
 20
-538.9584518986144
 30
0.0
 10
501.5152476595393
 20
-538.9431119225778
 30
0.0
 10
501.457816285843
 20
-538.916547573831
 30
0.0
  0
HATCH
  5
21D
330
218
100
AcDbEntity
  8
Logo
 62
    30
420
 16225309
440
 33554687
100
AcDbHatch
 10
0.0
 20
0.0
 30
0.0
210
0.0
220
0.0
230
1.0
  2
SOLID
 70
     1
 71
     1
 91
        1
 92
        1
 93
        1
 72
     4
 94
        3
 73
     0
 74
     0
 95
       32
 96
       28
 40
0.0
 40
0.0
 40
0.0
 40
0.0
 40
1.0
 40
1.0
 40
1.0
 40
2.0
 40
2.0
 40
2.0
 40
3.0
 40
3.0
 40
3.0
 40
4.0
 40
4.0
 40
4.0
 40
5.0
 40
5.0
 40
5.0
 40
6.0
 40
6.0
 40
6.0
 40
7.0
 40
7.0
 40
7.0
 40
8.0
 40
8.0
 40
8.0
 40
9.0
 40
9.0
 40
9.0
 40
9.0
 10
501.457816285843
 20
-538.916547573831
 10
501.2548422126847
 20
-538.820766260049
 10
501.166730886919
 20
-538.5753266434707
 10
501.2625122007049
 20
-538.3725396431925
 10
501.2625122007049
 20
-538.3725396431925
 10
501.2625122007049
 20
-538.3725396431925
 10
501.2625122007049
 20
-538.3725396431925
 10
501.3620349720609
 20
-538.1693784971547
 10
501.6072875157552
 20
-538.0810800985082
 10
501.8102615889128
 20
-538.1768614122941
 10
501.8102615889128
 20
-538.1768614122941
 10
501.8102615889128
 20
-538.1768614122941
 10
501.8102615889128
 20
-538.1768614122941
 10
502.0134227349513
 20
-538.27264272608
 10
502.1015340607176
 20
-538.5180823426545
 10
502.0018242164847
 20
-538.7208693429358
 10
502.0018242164847
 20
-538.7208693429358
 10
502.0018242164847
 20
-538.7208693429358
 10
502.0018242164847
 20
-538.7208693429358
 10
501.932981397202
 20
-538.870527645725
 10
501.7872516248598
 20
-538.9584518986144
 10
501.6340389373782
 20
-538.9584518986144
 10
501.6340389373782
 20
-538.9584518986144
 10
501.6340389373782
 20
-538.9584518986144
 10
501.6340389373782
 20
-538.9584518986144
 10
501.5766075636819
 20
-538.9584518986144
 10
501.5152476595393
 20
-538.9431119225778
 10
501.457816285843
 20
-538.916547573831
 97
        0
 97
        1
330
21C
 75
     2
 76
     1
 98
        1
 10
0.0
 20
0.0
450
        0
451
        0
460
0.0
461
0.0
452
        0
462
0.0
453
        0
470

  0
SPLINE
  5
21E
330
218
100
AcDbEntity
  8
Logo
100
AcDbSpline
210
0.0
220
0.0
230
1.0
 70
     9
 71
     3
 72
    32
 73
    28
 74
     0
 42
0.0000000001
 43
0.0000000001
 40
0.0
 40
0.0
 40
0.0
 40
0.0
 40
1.0
 40
1.0
 40
1.0
 40
2.0
 40
2.0
 40
2.0
 40
3.0
 40
3.0
 40
3.0
 40
4.0
 40
4.0
 40
4.0
 40
5.0
 40
5.0
 40
5.0
 40
6.0
 40
6.0
 40
6.0
 40
7.0
 40
7.0
 40
7.0
 40
8.0
 40
8.0
 40
8.0
 40
9.0
 40
9.0
 40
9.0
 40
9.0
 10
502.1397533939786
 20
-537.5680223114727
 30
0.0
 10
501.9558607544238
 20
-537.4415610456174
 30
0.0
 10
501.9098408263172
 20
-537.1848970563328
 30
0.0
 10
502.0400435497426
 20
-537.0008173439011
 30
0.0
 10
502.0400435497426
 20
-537.0008173439011
 30
0.0
 10
502.0400435497426
 20
-537.0008173439011
 30
0.0
 10
502.0400435497426
 20
-537.0008173439011
 30
0.0
 10
502.1704333460487
 20
-536.8129961738993
 30
0.0
 10
502.4231688048863
 20
-536.7669762457932
 30
0.0
 10
502.6109899748843
 20
-536.8975531149756
 30
0.0
 10
502.6109899748843
 20
-536.8975531149756
 30
0.0
 10
502.6109899748843
 20
-536.8975531149756
 30
0.0
 10
502.6109899748843
 20
-536.8975531149756
 30
0.0
 10
502.7948826144398
 20
-537.0277558384042
 30
0.0
 10
502.8409025425458
 20
-537.2844198276887
 30
0.0
 10
502.7105127462403
 20
-537.4681253943635
 30
0.0
 10
502.7105127462403
 20
-537.4681253943635
 30
0.0
 10
502.7105127462403
 20
-537.4681253943635
 30
0.0
 10
502.7105127462403
 20
-537.4681253943635
 30
0.0
 10
502.630071408491
 20
-537.5833622875092
 30
0.0
 10
502.5036101426357
 20
-537.6443480458988
 30
0.0
 10
502.3771488767764
 20
-537.6443480458988
 30
0.0
 10
502.3771488767764
 20
-537.6443480458988
 30
0.0
 10
502.3771488767764
 20
-537.6443480458988
 30
0.0
 10
502.3771488767764
 20
-537.6443480458988
 30
0.0
 10
502.2929660814571
 20
-537.6443480458988
 30
0.0
 10
502.2125247437078
 20
-537.6177836971526
 30
0.0
 10
502.1397533939786
 20
-537.5680223114727
 30
0.0
  0
HATCH
  5
21F
330
218
100
AcDbEntity
  8
Logo
 62
    30
420
 16225309
440
 33554687
100
AcDbHatch
 10
0.0
 20
0.0
 30
0.0
210
0.0
220
0.0
230
1.0
  2
SOLID
 70
     1
 71
     1
 91
        1
 92
        1
 93
        1
 72
     4
 94
        3
 73
     0
 74
     0
 95
       32
 96
       28
 40
0.0
 40
0.0
 40
0.0
 40
0.0
 40
1.0
 40
1.0
 40
1.0
 40
2.0
 40
2.0
 40
2.0
 40
3.0
 40
3.0
 40
3.0
 40
4.0
 40
4.0
 40
4.0
 40
5.0
 40
5.0
 40
5.0
 40
6.0
 40
6.0
 40
6.0
 40
7.0
 40
7.0
 40
7.0
 40
8.0
 40
8.0
 40
8.0
 40
9.0
 40
9.0
 40
9.0
 40
9.0
 10
502.1397533939786
 20
-537.5680223114727
 10
501.9558607544238
 20
-537.4415610456174
 10
501.9098408263172
 20
-537.1848970563328
 10
502.0400435497426
 20
-537.0008173439011
 10
502.0400435497426
 20
-537.0008173439011
 10
502.0400435497426
 20
-537.0008173439011
 10
502.0400435497426
 20
-537.0008173439011
 10
502.1704333460487
 20
-536.8129961738993
 10
502.4231688048863
 20
-536.7669762457932
 10
502.6109899748843
 20
-536.8975531149756
 10
502.6109899748843
 20
-536.8975531149756
 10
502.6109899748843
 20
-536.8975531149756
 10
502.6109899748843
 20
-536.8975531149756
 10
502.7948826144398
 20
-537.0277558384042
 10
502.8409025425458
 20
-537.2844198276887
 10
502.7105127462403
 20
-537.4681253943635
 10
502.7105127462403
 20
-537.4681253943635
 10
502.7105127462403
 20
-537.4681253943635
 10
502.7105127462403
 20
-537.4681253943635
 10
502.630071408491
 20
-537.5833622875092
 10
502.5036101426357
 20
-537.6443480458988
 10
502.3771488767764
 20
-537.6443480458988
 10
502.3771488767764
 20
-537.6443480458988
 10
502.3771488767764
 20
-537.6443480458988
 10
502.3771488767764
 20
-537.6443480458988
 10
502.2929660814571
 20
-537.6443480458988
 10
502.2125247437078
 20
-537.6177836971526
 10
502.1397533939786
 20
-537.5680223114727
 97
        0
 97
        1
330
21E
 75
     2
 76
     1
 98
        1
 10
0.0
 20
0.0
450
        0
451
        0
460
0.0
461
0.0
452
        0
462
0.0
453
        0
470

  0
SPLINE
  5
220
330
218
100
AcDbEntity
  8
Logo
100
AcDbSpline
210
0.0
220
0.0
230
1.0
 70
     9
 71
     3
 72
    38
 73
    34
 74
     0
 42
0.0000000001
 43
0.0000000001
 40
0.0
 40
0.0
 40
0.0
 40
0.0
 40
1.0
 40
1.0
 40
1.0
 40
2.0
 40
2.0
 40
2.0
 40
3.0
 40
3.0
 40
3.0
 40
4.0
 40
4.0
 40
4.0
 40
5.0
 40
5.0
 40
5.0
 40
6.0
 40
6.0
 40
6.0
 40
7.0
 40
7.0
 40
7.0
 40
8.0
 40
8.0
 40
8.0
 40
9.0
 40
9.0
 40
9.0
 40
10.0
 40
10.0
 40
10.0
 40
11.0
 40
11.0
 40
11.0
 40
11.0
 10
502.9657094934093
 20
-536.4459513450192
 30
0.0
 10
502.8048268179107
 20
-536.2850686695175
 30
0.0
 10
502.8008982874605
 20
-536.0284046802367
 30
0.0
 10
502.9619680358393
 20
-535.8634064014077
 30
0.0
 10
502.9619680358393
 20
-535.8634064014077
 30
0.0
 10
502.9619680358393
 20
-535.8634064014077
 30
0.0
 10
502.9619680358393
 20
-535.8634064014077
 30
0.0
 10
502.9619680358393
 20
-535.8634064014077
 30
0.0
 10
502.9619680358393
 20
-535.8634064014077
 30
0.0
 10
502.9619680358393
 20
-535.8634064014077
 30
0.0
 10
502.9619680358393
 20
-535.8634064014077
 30
0.0
 10
502.9619680358393
 20
-535.8634064014077
 30
0.0
 10
502.9619680358393
 20
-535.8634064014077
 30
0.0
 10
503.1189221808877
 20
-535.7025237259091
 30
0.0
 10
503.3795147006225
 20
-535.7025237259091
 30
0.0
 10
503.5403973761204
 20
-535.8596649438409
 30
0.0
 10
503.5403973761204
 20
-535.8596649438409
 30
0.0
 10
503.5403973761204
 20
-535.8596649438409
 30
0.0
 10
503.5403973761204
 20
-535.8596649438409
 30
0.0
 10
503.701280051619
 20
-536.0168061617695
 30
0.0
 10
503.7052085820692
 20
-536.2772116086203
 30
0.0
 10
503.5443259065707
 20
-536.4380942841227
 30
0.0
 10
503.5443259065707
 20
-536.4380942841227
 30
0.0
 10
503.5443259065707
 20
-536.4380942841227
 30
0.0
 10
503.5443259065707
 20
-536.4380942841227
 30
0.0
 10
503.4636974959412
 20
-536.5226512251985
 30
0.0
 10
503.3604332670158
 20
-536.560814092408
 30
0.0
 10
503.2530534347633
 20
-536.560814092408
 30
0.0
 10
503.2530534347633
 20
-536.560814092408
 30
0.0
 10
503.2530534347633
 20
-536.560814092408
 30
0.0
 10
503.2530534347633
 20
-536.560814092408
 30
0.0
 10
503.149602132961
 20
-536.560814092408
 30
0.0
 10
503.0461508311581
 20
-536.5226512251985
 30
0.0
 10
502.9657094934093
 20
-536.4459513450192
 30
0.0
  0
HATCH
  5
221
330
218
100
AcDbEntity
  8
Logo
 62
    30
420
 16225309
440
 33554687
100
AcDbHatch
 10
0.0
 20
0.0
 30
0.0
210
0.0
220
0.0
230
1.0
  2
SOLID
 70
     1
 71
     1
 91
        1
 92
        1
 93
        1
 72
     4
 94
        3
 73
     0
 74
     0
 95
       38
 96
       34
 40
0.0
 40
0.0
 40
0.0
 40
0.0
 40
1.0
 40
1.0
 40
1.0
 40
2.0
 40
2.0
 40
2.0
 40
3.0
 40
3.0
 40
3.0
 40
4.0
 40
4.0
 40
4.0
 40
5.0
 40
5.0
 40
5.0
 40
6.0
 40
6.0
 40
6.0
 40
7.0
 40
7.0
 40
7.0
 40
8.0
 40
8.0
 40
8.0
 40
9.0
 40
9.0
 40
9.0
 40
10.0
 40
10.0
 40
10.0
 40
11.0
 40
11.0
 40
11.0
 40
11.0
 10
502.9657094934093
 20
-536.4459513450192
 10
502.8048268179107
 20
-536.2850686695175
 10
502.8008982874605
 20
-536.0284046802367
 10
502.9619680358393
 20
-535.8634064014077
 10
502.9619680358393
 20
-535.8634064014077
 10
502.9619680358393
 20
-535.8634064014077
 10
502.9619680358393
 20
-535.8634064014077
 10
502.9619680358393
 20
-535.8634064014077
 10
502.9619680358393
 20
-535.8634064014077
 10
502.9619680358393
 20
-535.8634064014077
 10
502.9619680358393
 20
-535.8634064014077
 10
502.9619680358393
 20
-535.8634064014077
 10
502.9619680358393
 20
-535.8634064014077
 10
503.1189221808877
 20
-535.7025237259091
 10
503.3795147006225
 20
-535.7025237259091
 10
503.5403973761204
 20
-535.8596649438409
 10
503.5403973761204
 20
-535.8596649438409
 10
503.5403973761204
 20
-535.8596649438409
 10
503.5403973761204
 20
-535.8596649438409
 10
503.701280051619
 20
-536.0168061617695
 10
503.7052085820692
 20
-536.2772116086203
 10
503.5443259065707
 20
-536.4380942841227
 10
503.5443259065707
 20
-536.4380942841227
 10
503.5443259065707
 20
-536.4380942841227
 10
503.5443259065707
 20
-536.4380942841227
 10
503.4636974959412
 20
-536.5226512251985
 10
503.3604332670158
 20
-536.560814092408
 10
503.2530534347633
 20
-536.560814092408
 10
503.2530534347633
 20
-536.560814092408
 10
503.2530534347633
 20
-536.560814092408
 10
503.2530534347633
 20
-536.560814092408
 10
503.149602132961
 20
-536.560814092408
 10
503.0461508311581
 20
-536.5226512251985
 10
502.9657094934093
 20
-536.4459513450192
 97
        0
 97
        1
330
220
 75
     2
 76
     1
 98
        1
 10
0.0
 20
0.0
450
        0
451
        0
460
0.0
461
0.0
452
        0
462
0.0
453
        0
470

  0
SPLINE
  5
222
330
218
100
AcDbEntity
  8
Logo
100
AcDbSpline
210
0.0
220
0.0
230
1.0
 70
     9
 71
     3
 72
    32
 73
    28
 74
     0
 42
0.0000000001
 43
0.0000000001
 40
0.0
 40
0.0
 40
0.0
 40
0.0
 40
1.0
 40
1.0
 40
1.0
 40
2.0
 40
2.0
 40
2.0
 40
3.0
 40
3.0
 40
3.0
 40
4.0
 40
4.0
 40
4.0
 40
5.0
 40
5.0
 40
5.0
 40
6.0
 40
6.0
 40
6.0
 40
7.0
 40
7.0
 40
7.0
 40
8.0
 40
8.0
 40
8.0
 40
9.0
 40
9.0
 40
9.0
 40
9.0
 10
504.2816529333664
 20
-535.565308346034
 30
0.0
 10
504.2279630172401
 20
-535.565308346034
 30
0.0
 10
504.1742731011138
 20
-535.5537098275674
 30
0.0
 10
504.1245117154377
 20
-535.5346283939606
 30
0.0
 10
504.0747503297617
 20
-535.515546960354
 30
0.0
 10
504.0324718592219
 20
-535.4848670082847
 30
0.0
 10
503.9943089920085
 20
-535.446704141072
 30
0.0
 10
503.9136805813829
 20
-535.3658886575656
 30
0.0
 10
503.8715891837233
 20
-535.2663658862097
 30
0.0
 10
503.8715891837233
 20
-535.155244596391
 30
0.0
 10
503.8715891837233
 20
-535.0482389098954
 30
0.0
 10
503.9176091118331
 20
-534.9446005352123
 30
0.0
 10
503.9943089920085
 20
-534.867900655033
 30
0.0
 10
504.1475216794908
 20
-534.7148750404316
 30
0.0
 10
504.415597114365
 20
-534.7148750404316
 30
0.0
 10
504.5727383322935
 20
-534.867900655033
 30
0.0
 10
504.6494382124735
 20
-534.9408590776429
 30
0.0
 10
504.6915296101331
 20
-535.0482389098954
 30
0.0
 10
504.6915296101331
 20
-535.155244596391
 30
0.0
 10
504.6915296101331
 20
-535.2663658862097
 30
0.0
 10
504.6494382124735
 20
-535.370004260892
 30
0.0
 10
504.5727383322935
 20
-535.446704141072
 30
0.0
 10
504.5343883922046
 20
-535.4848670082847
 30
0.0
 10
504.4883684640947
 20
-535.515546960354
 30
0.0
 10
504.4386070784186
 20
-535.5346283939606
 30
0.0
 10
504.3888456927387
 20
-535.5537098275674
 30
0.0
 10
504.3390843070626
 20
-535.565308346034
 30
0.0
 10
504.2816529333664
 20
-535.565308346034
 30
0.0
  0
HATCH
  5
223
330
218
100
AcDbEntity
  8
Logo
 62
    30
420
 16225309
440
 33554687
100
AcDbHatch
 10
0.0
 20
0.0
 30
0.0
210
0.0
220
0.0
230
1.0
  2
SOLID
 70
     1
 71
     1
 91
        1
 92
        1
 93
        1
 72
     4
 94
        3
 73
     0
 74
     0
 95
       32
 96
       28
 40
0.0
 40
0.0
 40
0.0
 40
0.0
 40
1.0
 40
1.0
 40
1.0
 40
2.0
 40
2.0
 40
2.0
 40
3.0
 40
3.0
 40
3.0
 40
4.0
 40
4.0
 40
4.0
 40
5.0
 40
5.0
 40
5.0
 40
6.0
 40
6.0
 40
6.0
 40
7.0
 40
7.0
 40
7.0
 40
8.0
 40
8.0
 40
8.0
 40
9.0
 40
9.0
 40
9.0
 40
9.0
 10
504.2816529333664
 20
-535.565308346034
 10
504.2279630172401
 20
-535.565308346034
 10
504.1742731011138
 20
-535.5537098275674
 10
504.1245117154377
 20
-535.5346283939606
 10
504.0747503297617
 20
-535.515546960354
 10
504.0324718592219
 20
-535.4848670082847
 10
503.9943089920085
 20
-535.446704141072
 10
503.9136805813829
 20
-535.3658886575656
 10
503.8715891837233
 20
-535.2663658862097
 10
503.8715891837233
 20
-535.155244596391
 10
503.8715891837233
 20
-535.0482389098954
 10
503.9176091118331
 20
-534.9446005352123
 10
503.9943089920085
 20
-534.867900655033
 10
504.1475216794908
 20
-534.7148750404316
 10
504.415597114365
 20
-534.7148750404316
 10
504.5727383322935
 20
-534.867900655033
 10
504.6494382124735
 20
-534.9408590776429
 10
504.6915296101331
 20
-535.0482389098954
 10
504.6915296101331
 20
-535.155244596391
 10
504.6915296101331
 20
-535.2663658862097
 10
504.6494382124735
 20
-535.370004260892
 10
504.5727383322935
 20
-535.446704141072
 10
504.5343883922046
 20
-535.4848670082847
 10
504.4883684640947
 20
-535.515546960354
 10
504.4386070784186
 20
-535.5346283939606
 10
504.3888456927387
 20
-535.5537098275674
 10
504.3390843070626
 20
-535.565308346034
 10
504.2816529333664
 20
-535.565308346034
 97
        0
 97
        1
330
222
 75
     2
 76
     1
 98
        1
 10
0.0
 20
0.0
450
        0
451
        0
460
0.0
461
0.0
452
        0
462
0.0
453
        0
470

  0
ENDBLK
  5
21B
330
218
100
AcDbEntity
  8
0
100
AcDbBlockEnd
  0
BLOCK
  5
226
330
224
100
AcDbEntity
  8
0
100
AcDbBlockBegin
  2
Block_43
 70
     0
 10
0.0
 20
0.0
 30
0.0
  3
Block_43
  1

  0
INSERT
  5
229
330
224
100
AcDbEntity
  8
Logo
100
AcDbBlockReference
  2
Block_44
 10
0.0
 20
0.0
 30
0.0
  0
SPLINE
  5
230
330
224
100
AcDbEntity
  8
Logo
100
AcDbSpline
210
0.0
220
0.0
230
1.0
 70
     9
 71
     3
 72
    26
 73
    22
 74
     0
 42
0.0000000001
 43
0.0000000001
 40
0.0
 40
0.0
 40
0.0
 40
0.0
 40
1.0
 40
1.0
 40
1.0
 40
2.0
 40
2.0
 40
2.0
 40
3.0
 40
3.0
 40
3.0
 40
4.0
 40
4.0
 40
4.0
 40
5.0
 40
5.0
 40
5.0
 40
6.0
 40
6.0
 40
6.0
 40
7.0
 40
7.0
 40
7.0
 40
7.0
 10
514.4017707354127
 20
-550.8239285154006
 30
0.0
 10
514.1757866982015
 20
-551.5415400772756
 30
0.0
 10
514.5755614395293
 20
-552.3089130248298
 30
0.0
 10
515.2929859285267
 20
-552.5348970620443
 30
0.0
 10
515.6400061181194
 20
-552.6445217688354
 30
0.0
 10
516.0096621260112
 20
-552.6119710879807
 30
0.0
 10
516.3331111329131
 20
-552.4436054973425
 30
0.0
 10
516.656185994061
 20
-552.2752399067038
 30
0.0
 10
516.894329768376
 20
-551.9912632771596
 30
0.0
 10
517.0037674022902
 20
-551.6436818689298
 30
0.0
 10
517.1132050362045
 20
-551.2961004607044
 30
0.0
 10
517.0808414282272
 20
-550.9268185985689
 30
0.0
 10
516.9124758375885
 20
-550.6039308103011
 30
0.0
 10
516.7441102469504
 20
-550.2806688762762
 30
0.0
 10
516.4599465445286
 20
-550.042338029081
 30
0.0
 10
516.1123651362994
 20
-549.9330874680469
 30
0.0
 10
515.3945665015442
 20
-549.7059809935612
 30
0.0
 10
514.6275676997472
 20
-550.1066910992827
 30
0.0
 10
514.4017707354127
 20
-550.8243026611577
 30
0.0
 10
514.4017707354127
 20
-550.8243026611577
 30
0.0
 10
514.4017707354127
 20
-550.8239285154006
 30
0.0
 10
514.4017707354127
 20
-550.8239285154006
 30
0.0
  0
SPLINE
  5
231
330
224
100
AcDbEntity
  8
Logo
100
AcDbSpline
210
0.0
220
0.0
230
1.0
 70
     9
 71
     3
 72
    29
 73
    25
 74
     0
 42
0.0000000001
 43
0.0000000001
 40
0.0
 40
0.0
 40
0.0
 40
0.0
 40
1.0
 40
1.0
 40
1.0
 40
2.0
 40
2.0
 40
2.0
 40
3.0
 40
3.0
 40
3.0
 40
4.0
 40
4.0
 40
4.0
 40
5.0
 40
5.0
 40
5.0
 40
6.0
 40
6.0
 40
6.0
 40
7.0
 40
7.0
 40
7.0
 40
8.0
 40
8.0
 40
8.0
 40
8.0
 10
515.7054816255891
 20
-553.6689328514312
 30
0.0
 10
515.4598549361371
 20
-553.6689328514312
 30
0.0
 10
515.2127316636543
 20
-553.6315182757359
 30
0.0
 10
514.9715947232833
 20
-553.5555666870701
 30
0.0
 10
513.6914550157972
 20
-553.152237561053
 30
0.0
 10
512.9781461301263
 20
-551.7828640905268
 30
0.0
 10
513.381101110387
 20
-550.5029114559175
 30
0.0
 10
513.381101110387
 20
-550.5029114559175
 30
0.0
 10
513.381101110387
 20
-550.5025373101605
 30
0.0
 10
513.381101110387
 20
-550.5025373101605
 30
0.0
 10
513.7844302364042
 20
-549.2225846755513
 30
0.0
 10
515.1541778526874
 20
-548.5094628627605
 30
0.0
 10
516.4337563415395
 20
-548.9124178430212
 30
0.0
 10
517.0539029337233
 20
-549.1077219281593
 30
0.0
 10
517.5608704344236
 20
-549.532751508082
 30
0.0
 10
517.8613094772756
 20
-550.1093101195817
 30
0.0
 10
518.1617485201245
 20
-550.6858687310788
 30
0.0
 10
518.2197411124541
 20
-551.3447394091092
 30
0.0
 10
518.0244370273166
 20
-551.9650730741737
 30
0.0
 10
517.8291329421748
 20
-552.5850325934775
 30
0.0
 10
517.4039162893753
 20
-553.0920000941777
 30
0.0
 10
516.8273576778749
 20
-553.3924391370297
 30
0.0
 10
516.4750994476851
 20
-553.5761447037012
 30
0.0
 10
516.0917871196651
 20
-553.6689328514312
 30
0.0
 10
515.7054816255891
 20
-553.6689328514312
 30
0.0
  0
HATCH
  5
232
330
224
100
AcDbEntity
  8
Logo
 62
    30
420
 16225309
440
 33554687
100
AcDbHatch
 10
0.0
 20
0.0
 30
0.0
210
0.0
220
0.0
230
1.0
  2
SOLID
 70
     1
 71
     1
 91
        2
 92
        1
 93
        1
 72
     4
 94
        3
 73
     0
 74
     0
 95
       26
 96
       22
 40
0.0
 40
0.0
 40
0.0
 40
0.0
 40
1.0
 40
1.0
 40
1.0
 40
2.0
 40
2.0
 40
2.0
 40
3.0
 40
3.0
 40
3.0
 40
4.0
 40
4.0
 40
4.0
 40
5.0
 40
5.0
 40
5.0
 40
6.0
 40
6.0
 40
6.0
 40
7.0
 40
7.0
 40
7.0
 40
7.0
 10
514.4017707354127
 20
-550.8239285154006
 10
514.1757866982015
 20
-551.5415400772756
 10
514.5755614395293
 20
-552.3089130248298
 10
515.2929859285267
 20
-552.5348970620443
 10
515.6400061181194
 20
-552.6445217688354
 10
516.0096621260112
 20
-552.6119710879807
 10
516.3331111329131
 20
-552.4436054973425
 10
516.656185994061
 20
-552.2752399067038
 10
516.894329768376
 20
-551.9912632771596
 10
517.0037674022902
 20
-551.6436818689298
 10
517.1132050362045
 20
-551.2961004607044
 10
517.0808414282272
 20
-550.9268185985689
 10
516.9124758375885
 20
-550.6039308103011
 10
516.7441102469504
 20
-550.2806688762762
 10
516.4599465445286
 20
-550.042338029081
 10
516.1123651362994
 20
-549.9330874680469
 10
515.3945665015442
 20
-549.7059809935612
 10
514.6275676997472
 20
-550.1066910992827
 10
514.4017707354127
 20
-550.8243026611577
 10
514.4017707354127
 20
-550.8243026611577
 10
514.4017707354127
 20
-550.8239285154006
 10
514.4017707354127
 20
-550.8239285154006
 97
        0
 97
        1
330
230
 92
        1
 93
        1
 72
     4
 94
        3
 73
     0
 74
     0
 95
       29
 96
       25
 40
0.0
 40
0.0
 40
0.0
 40
0.0
 40
1.0
 40
1.0
 40
1.0
 40
2.0
 40
2.0
 40
2.0
 40
3.0
 40
3.0
 40
3.0
 40
4.0
 40
4.0
 40
4.0
 40
5.0
 40
5.0
 40
5.0
 40
6.0
 40
6.0
 40
6.0
 40
7.0
 40
7.0
 40
7.0
 40
8.0
 40
8.0
 40
8.0
 40
8.0
 10
515.7054816255891
 20
-553.6689328514312
 10
515.4598549361371
 20
-553.6689328514312
 10
515.2127316636543
 20
-553.6315182757359
 10
514.9715947232833
 20
-553.5555666870701
 10
513.6914550157972
 20
-553.152237561053
 10
512.9781461301263
 20
-551.7828640905268
 10
513.381101110387
 20
-550.5029114559175
 10
513.381101110387
 20
-550.5029114559175
 10
513.381101110387
 20
-550.5025373101605
 10
513.381101110387
 20
-550.5025373101605
 10
513.7844302364042
 20
-549.2225846755513
 10
515.1541778526874
 20
-548.5094628627605
 10
516.4337563415395
 20
-548.9124178430212
 10
517.0539029337233
 20
-549.1077219281593
 10
517.5608704344236
 20
-549.532751508082
 10
517.8613094772756
 20
-550.1093101195817
 10
518.1617485201245
 20
-550.6858687310788
 10
518.2197411124541
 20
-551.3447394091092
 10
518.0244370273166
 20
-551.9650730741737
 10
517.8291329421748
 20
-552.5850325934775
 10
517.4039162893753
 20
-553.0920000941777
 10
516.8273576778749
 20
-553.3924391370297
 10
516.4750994476851
 20
-553.5761447037012
 10
516.0917871196651
 20
-553.6689328514312
 10
515.7054816255891
 20
-553.6689328514312
 97
        0
 97
        1
330
231
 75
     2
 76
     1
 98
        1
 10
0.0
 20
0.0
450
        0
451
        0
460
0.0
461
0.0
452
        0
462
0.0
453
        0
470

  0
ENDBLK
  5
227
330
224
100
AcDbEntity
  8
0
100
AcDbBlockEnd
  0
BLOCK
  5
22A
330
228
100
AcDbEntity
  8
0
100
AcDbBlockBegin
  2
Block_44
 70
     0
 10
0.0
 20
0.0
 30
0.0
  3
Block_44
  1

  0
SPLINE
  5
22C
330
228
100
AcDbEntity
  8
Logo
100
AcDbSpline
210
0.0
220
0.0
230
1.0
 70
     9
 71
     3
 72
    29
 73
    25
 74
     0
 42
0.0000000001
 43
0.0000000001
 40
0.0
 40
0.0
 40
0.0
 40
0.0
 40
1.0
 40
1.0
 40
1.0
 40
2.0
 40
2.0
 40
2.0
 40
3.0
 40
3.0
 40
3.0
 40
4.0
 40
4.0
 40
4.0
 40
5.0
 40
5.0
 40
5.0
 40
6.0
 40
6.0
 40
6.0
 40
7.0
 40
7.0
 40
7.0
 40
8.0
 40
8.0
 40
8.0
 40
8.0
 10
502.1750637001594
 20
-547.1041547343518
 30
0.0
 10
501.0479576484669
 20
-544.9408500880821
 30
0.0
 10
500.8292586806946
 20
-542.468132803544
 30
0.0
 10
501.5592098184781
 20
-540.1420473955994
 30
0.0
 10
501.6607970716
 20
-539.8188113116939
 30
0.0
 10
501.4806401095663
 20
-539.4742156357838
 30
0.0
 10
501.1571887071974
 20
-539.3724130641946
 30
0.0
 10
500.8341248780662
 20
-539.2714287027806
 30
0.0
 10
500.4887971193628
 20
-539.4506167317098
 30
0.0
 10
500.3874036528633
 20
-539.7746279620975
 30
0.0
 10
499.5594180166795
 20
-542.4131404668613
 30
0.0
 10
499.8074648916175
 20
-545.217706574018
 30
0.0
 10
501.0859182943457
 20
-547.6713897059982
 30
0.0
 10
502.9328985795284
 20
-551.2163929603202
 30
0.0
 10
506.553693934526
 20
-553.2495160609404
 30
0.0
 10
510.2960796283049
 20
-553.249128487699
 30
0.0
 10
510.9375564076584
 20
-553.249128487699
 30
0.0
 10
511.5821553047967
 20
-553.1851789027554
 30
0.0
 10
512.2222109822638
 20
-553.0616722296091
 30
0.0
 10
512.0285320204518
 20
-552.6928747579131
 30
0.0
 10
511.8960035035029
 20
-552.2931575542351
 30
0.0
 10
511.8263049154676
 20
-551.8785403125852
 30
0.0
 10
508.0192806176443
 20
-552.5320749261371
 30
0.0
 10
504.0551384338486
 20
-550.7126769366838
 30
0.0
 10
502.1750637001594
 20
-547.1041547343518
 30
0.0
  0
HATCH
  5
22D
330
228
100
AcDbEntity
  8
Logo
 62
    30
420
 16225309
440
 33554687
100
AcDbHatch
 10
0.0
 20
0.0
 30
0.0
210
0.0
220
0.0
230
1.0
  2
SOLID
 70
     1
 71
     1
 91
        1
 92
        1
 93
        1
 72
     4
 94
        3
 73
     0
 74
     0
 95
       29
 96
       25
 40
0.0
 40
0.0
 40
0.0
 40
0.0
 40
1.0
 40
1.0
 40
1.0
 40
2.0
 40
2.0
 40
2.0
 40
3.0
 40
3.0
 40
3.0
 40
4.0
 40
4.0
 40
4.0
 40
5.0
 40
5.0
 40
5.0
 40
6.0
 40
6.0
 40
6.0
 40
7.0
 40
7.0
 40
7.0
 40
8.0
 40
8.0
 40
8.0
 40
8.0
 10
502.1750637001594
 20
-547.1041547343518
 10
501.0479576484669
 20
-544.9408500880821
 10
500.8292586806946
 20
-542.468132803544
 10
501.5592098184781
 20
-540.1420473955994
 10
501.6607970716
 20
-539.8188113116939
 10
501.4806401095663
 20
-539.4742156357838
 10
501.1571887071974
 20
-539.3724130641946
 10
500.8341248780662
 20
-539.2714287027806
 10
500.4887971193628
 20
-539.4506167317098
 10
500.3874036528633
 20
-539.7746279620975
 10
499.5594180166795
 20
-542.4131404668613
 10
499.8074648916175
 20
-545.217706574018
 10
501.0859182943457
 20
-547.6713897059982
 10
502.9328985795284
 20
-551.2163929603202
 10
506.553693934526
 20
-553.2495160609404
 10
510.2960796283049
 20
-553.249128487699
 10
510.9375564076584
 20
-553.249128487699
 10
511.5821553047967
 20
-553.1851789027554
 10
512.2222109822638
 20
-553.0616722296091
 10
512.0285320204518
 20
-552.6928747579131
 10
511.8960035035029
 20
-552.2931575542351
 10
511.8263049154676
 20
-551.8785403125852
 10
508.0192806176443
 20
-552.5320749261371
 10
504.0551384338486
 20
-550.7126769366838
 10
502.1750637001594
 20
-547.1041547343518
 97
        0
 97
        1
330
22C
 75
     2
 76
     1
 98
        1
 10
0.0
 20
0.0
450
        0
451
        0
460
0.0
461
0.0
452
        0
462
0.0
453
        0
470

  0
SPLINE
  5
22E
330
228
100
AcDbEntity
  8
Logo
100
AcDbSpline
210
0.0
220
0.0
230
1.0
 70
     9
 71
     3
 72
    26
 73
    22
 74
     0
 42
0.0000000001
 43
0.0000000001
 40
0.0
 40
0.0
 40
0.0
 40
0.0
 40
1.0
 40
1.0
 40
1.0
 40
2.0
 40
2.0
 40
2.0
 40
3.0
 40
3.0
 40
3.0
 40
4.0
 40
4.0
 40
4.0
 40
5.0
 40
5.0
 40
5.0
 40
6.0
 40
6.0
 40
6.0
 40
7.0
 40
7.0
 40
7.0
 40
7.0
 10
518.7796918562736
 20
-548.7824329999913
 30
0.0
 10
520.890544923779
 20
-545.7218962982843
 30
0.0
 10
521.2910157420946
 20
-541.6237829638054
 30
0.0
 10
519.4553612083201
 20
-538.1007421931999
 30
0.0
 10
516.8140710953163
 20
-533.0310258044952
 30
0.0
 10
510.5454399458966
 20
-531.0537132507361
 30
0.0
 10
505.4804605634823
 20
-533.6929147745969
 30
0.0
 10
505.1798329187014
 20
-533.8493221096273
 30
0.0
 10
505.06291499067
 20
-534.2201005112293
 30
0.0
 10
505.2196668352489
 20
-534.5209004107838
 30
0.0
 10
505.3766339982981
 20
-534.8220878835806
 30
0.0
 10
505.7470248266548
 20
-534.9399532128721
 30
0.0
 10
506.0480400446772
 20
-534.781651075325
 30
0.0
 10
510.5123454973933
 20
-532.455953240618
 30
0.0
 10
516.0379126143375
 20
-534.1995160657029
 30
0.0
 10
518.3662158025026
 20
-538.6679341011533
 30
0.0
 10
519.9572470249801
 20
-541.7216667392787
 30
0.0
 10
519.6426452116358
 20
-545.2652919554068
 30
0.0
 10
517.8632103298119
 20
-547.9479016823823
 30
0.0
 10
518.2106912731917
 20
-548.1755794302645
 30
0.0
 10
518.5202115706933
 20
-548.4554073110558
 30
0.0
 10
518.7796918562736
 20
-548.7824329999913
 30
0.0
  0
HATCH
  5
22F
330
228
100
AcDbEntity
  8
Logo
 62
    30
420
 16225309
440
 33554687
100
AcDbHatch
 10
0.0
 20
0.0
 30
0.0
210
0.0
220
0.0
230
1.0
  2
SOLID
 70
     1
 71
     1
 91
        1
 92
        1
 93
        1
 72
     4
 94
        3
 73
     0
 74
     0
 95
       26
 96
       22
 40
0.0
 40
0.0
 40
0.0
 40
0.0
 40
1.0
 40
1.0
 40
1.0
 40
2.0
 40
2.0
 40
2.0
 40
3.0
 40
3.0
 40
3.0
 40
4.0
 40
4.0
 40
4.0
 40
5.0
 40
5.0
 40
5.0
 40
6.0
 40
6.0
 40
6.0
 40
7.0
 40
7.0
 40
7.0
 40
7.0
 10
518.7796918562736
 20
-548.7824329999913
 10
520.890544923779
 20
-545.7218962982843
 10
521.2910157420946
 20
-541.6237829638054
 10
519.4553612083201
 20
-538.1007421931999
 10
516.8140710953163
 20
-533.0310258044952
 10
510.5454399458966
 20
-531.0537132507361
 10
505.4804605634823
 20
-533.6929147745969
 10
505.1798329187014
 20
-533.8493221096273
 10
505.06291499067
 20
-534.2201005112293
 10
505.2196668352489
 20
-534.5209004107838
 10
505.3766339982981
 20
-534.8220878835806
 10
505.7470248266548
 20
-534.9399532128721
 10
506.0480400446772
 20
-534.781651075325
 10
510.5123454973933
 20
-532.455953240618
 10
516.0379126143375
 20
-534.1995160657029
 10
518.3662158025026
 20
-538.6679341011533
 10
519.9572470249801
 20
-541.7216667392787
 10
519.6426452116358
 20
-545.2652919554068
 10
517.8632103298119
 20
-547.9479016823823
 10
518.2106912731917
 20
-548.1755794302645
 10
518.5202115706933
 20
-548.4554073110558
 10
518.7796918562736
 20
-548.7824329999913
 97
        0
 97
        1
330
22E
 75
     2
 76
     1
 98
        1
 10
0.0
 20
0.0
450
        0
451
        0
460
0.0
461
0.0
452
        0
462
0.0
453
        0
470

  0
ENDBLK
  5
22B
330
228
100
AcDbEntity
  8
0
100
AcDbBlockEnd
  0
BLOCK
  5
235
330
233
100
AcDbEntity
  8
0
100
AcDbBlockBegin
  2
Block_45
 70
     0
 10
0.0
 20
0.0
 30
0.0
  3
Block_45
  1

  0
LWPOLYLINE
  5
237
330
233
100
AcDbEntity
  8
Logo
100
AcDbPolyline
 90
        3
 70
     1
 43
0.0
 10
512.352112613902
 20
-546.1918503861648
 10
513.8878500538411
 20
-548.7183542239656
 10
512.352112613902
 20
-546.1918503861648
  0
LWPOLYLINE
  5
238
330
233
100
AcDbEntity
  8
Logo
100
AcDbPolyline
 90
        3
 70
     1
 43
0.0
 10
508.2944145558344
 20
-539.5164180554781
 10
506.7601412814783
 20
-536.9923257845137
 10
508.2944145558344
 20
-539.5164180554781
  0
SPLINE
  5
239
330
233
100
AcDbEntity
  8
Logo
100
AcDbSpline
210
0.0
220
0.0
230
1.0
 70
     9
 71
     3
 72
    20
 73
    16
 74
     0
 42
0.0000000001
 43
0.0000000001
 40
0.0
 40
0.0
 40
0.0
 40
0.0
 40
1.0
 40
1.0
 40
1.0
 40
2.0
 40
2.0
 40
2.0
 40
3.0
 40
3.0
 40
3.0
 40
4.0
 40
4.0
 40
4.0
 40
5.0
 40
5.0
 40
5.0
 40
5.0
 10
509.151102143782
 20
-546.6321335891797
 30
0.0
 10
509.151102143782
 20
-546.6321335891797
 30
0.0
 10
508.5223937495721
 20
-549.5215782363516
 30
0.0
 10
508.5223937495721
 20
-549.5215782363516
 30
0.0
 10
508.7967094775838
 20
-549.593451540912
 30
0.0
 10
509.0775708870201
 20
-549.651199953986
 30
0.0
 10
509.3659469109804
 20
-549.6895266412575
 30
0.0
 10
511.0047788333137
 20
-549.9074289306996
 30
0.0
 10
512.5851302597868
 20
-549.5275210260656
 30
0.0
 10
513.8878500538411
 20
-548.7183542239656
 30
0.0
 10
513.8878500538411
 20
-548.7183542239656
 30
0.0
 10
512.352112613902
 20
-546.1918503861648
 30
0.0
 10
512.352112613902
 20
-546.1918503861648
 30
0.0
 10
511.3646190567481
 20
-546.8143791403494
 30
0.0
 10
510.1982389165238
 20
-546.9443453675292
 30
0.0
 10
509.151102143782
 20
-546.6321335891797
 30
0.0
  0
HATCH
  5
23A
330
233
100
AcDbEntity
  8
Logo
 62
    41
420
 16767650
440
 33554687
100
AcDbHatch
 10
0.0
 20
0.0
 30
0.0
210
0.0
220
0.0
230
1.0
  2
SOLID
 70
     1
 71
     1
 91
        1
 92
        1
 93
        1
 72
     4
 94
        3
 73
     0
 74
     0
 95
       20
 96
       16
 40
0.0
 40
0.0
 40
0.0
 40
0.0
 40
1.0
 40
1.0
 40
1.0
 40
2.0
 40
2.0
 40
2.0
 40
3.0
 40
3.0
 40
3.0
 40
4.0
 40
4.0
 40
4.0
 40
5.0
 40
5.0
 40
5.0
 40
5.0
 10
509.151102143782
 20
-546.6321335891797
 10
509.151102143782
 20
-546.6321335891797
 10
508.5223937495721
 20
-549.5215782363516
 10
508.5223937495721
 20
-549.5215782363516
 10
508.7967094775838
 20
-549.593451540912
 10
509.0775708870201
 20
-549.651199953986
 10
509.3659469109804
 20
-549.6895266412575
 10
511.0047788333137
 20
-549.9074289306996
 10
512.5851302597868
 20
-549.5275210260656
 10
513.8878500538411
 20
-548.7183542239656
 10
513.8878500538411
 20
-548.7183542239656
 10
512.352112613902
 20
-546.1918503861648
 10
512.352112613902
 20
-546.1918503861648
 10
511.3646190567481
 20
-546.8143791403494
 10
510.1982389165238
 20
-546.9443453675292
 10
509.151102143782
 20
-546.6321335891797
 97
        0
 97
        1
330
239
 75
     2
 76
     1
 98
        1
 10
0.0
 20
0.0
450
        0
451
        0
460
0.0
461
0.0
452
        0
462
0.0
453
        0
470

  0
SPLINE
  5
23B
330
233
100
AcDbEntity
  8
Logo
100
AcDbSpline
210
0.0
220
0.0
230
1.0
 70
     9
 71
     3
 72
    26
 73
    22
 74
     0
 42
0.0000000001
 43
0.0000000001
 40
0.0
 40
0.0
 40
0.0
 40
0.0
 40
1.0
 40
1.0
 40
1.0
 40
2.0
 40
2.0
 40
2.0
 40
3.0
 40
3.0
 40
3.0
 40
4.0
 40
4.0
 40
4.0
 40
5.0
 40
5.0
 40
5.0
 40
6.0
 40
6.0
 40
6.0
 40
7.0
 40
7.0
 40
7.0
 40
7.0
 10
507.0473545857143
 20
-545.1017791109394
 30
0.0
 10
505.8239796470579
 20
-543.321784401096
 30
0.0
 10
506.2752225600846
 20
-540.8869631668957
 30
0.0
 10
508.0552818654651
 20
-539.6636097600834
 30
0.0
 10
508.133313278206
 20
-539.6099523979025
 30
0.0
 10
508.2140361717941
 20
-539.5636158636261
 30
0.0
 10
508.2944145558344
 20
-539.5164180554781
 30
0.0
 10
508.2944145558344
 20
-539.5164180554781
 30
0.0
 10
506.7601412814783
 20
-536.9923257845137
 30
0.0
 10
506.7601412814783
 20
-536.9923257845137
 30
0.0
 10
505.0215523130021
 20
-538.0291703344957
 30
0.0
 10
503.7553505310915
 20
-539.8201893498881
 30
0.0
 10
503.4678357809993
 20
-541.9825896585941
 30
0.0
 10
503.0066882184538
 20
-545.451154856836
 30
0.0
 10
505.2230688670412
 20
-548.6565147600053
 30
0.0
 10
508.5223937495721
 20
-549.5215782363516
 30
0.0
 10
508.5223937495721
 20
-549.5215782363516
 30
0.0
 10
509.151102143782
 20
-546.6321335891797
 30
0.0
 10
509.151102143782
 20
-546.6321335891797
 30
0.0
 10
508.324882119034
 20
-546.3857661982919
 30
0.0
 10
507.5737221121682
 20
-545.8676669010027
 30
0.0
 10
507.0473545857143
 20
-545.1017791109394
 30
0.0
  0
HATCH
  5
23C
330
233
100
AcDbEntity
  8
Logo
 62
    30
420
 16225309
440
 33554687
100
AcDbHatch
 10
0.0
 20
0.0
 30
0.0
210
0.0
220
0.0
230
1.0
  2
SOLID
 70
     1
 71
     1
 91
        1
 92
        1
 93
        1
 72
     4
 94
        3
 73
     0
 74
     0
 95
       26
 96
       22
 40
0.0
 40
0.0
 40
0.0
 40
0.0
 40
1.0
 40
1.0
 40
1.0
 40
2.0
 40
2.0
 40
2.0
 40
3.0
 40
3.0
 40
3.0
 40
4.0
 40
4.0
 40
4.0
 40
5.0
 40
5.0
 40
5.0
 40
6.0
 40
6.0
 40
6.0
 40
7.0
 40
7.0
 40
7.0
 40
7.0
 10
507.0473545857143
 20
-545.1017791109394
 10
505.8239796470579
 20
-543.321784401096
 10
506.2752225600846
 20
-540.8869631668957
 10
508.0552818654651
 20
-539.6636097600834
 10
508.133313278206
 20
-539.6099523979025
 10
508.2140361717941
 20
-539.5636158636261
 10
508.2944145558344
 20
-539.5164180554781
 10
508.2944145558344
 20
-539.5164180554781
 10
506.7601412814783
 20
-536.9923257845137
 10
506.7601412814783
 20
-536.9923257845137
 10
505.0215523130021
 20
-538.0291703344957
 10
503.7553505310915
 20
-539.8201893498881
 10
503.4678357809993
 20
-541.9825896585941
 10
503.0066882184538
 20
-545.451154856836
 10
505.2230688670412
 20
-548.6565147600053
 10
508.5223937495721
 20
-549.5215782363516
 10
508.5223937495721
 20
-549.5215782363516
 10
509.151102143782
 20
-546.6321335891797
 10
509.151102143782
 20
-546.6321335891797
 10
508.324882119034
 20
-546.3857661982919
 10
507.5737221121682
 20
-545.8676669010027
 10
507.0473545857143
 20
-545.1017791109394
 97
        0
 97
        1
330
23B
 75
     2
 76
     1
 98
        1
 10
0.0
 20
0.0
450
        0
451
        0
460
0.0
461
0.0
452
        0
462
0.0
453
        0
470

  0
SPLINE
  5
23D
330
233
100
AcDbEntity
  8
Logo
100
AcDbSpline
210
0.0
220
0.0
230
1.0
 70
     9
 71
     3
 72
    29
 73
    25
 74
     0
 42
0.0000000001
 43
0.0000000001
 40
0.0
 40
0.0
 40
0.0
 40
0.0
 40
1.0
 40
1.0
 40
1.0
 40
2.0
 40
2.0
 40
2.0
 40
3.0
 40
3.0
 40
3.0
 40
4.0
 40
4.0
 40
4.0
 40
5.0
 40
5.0
 40
5.0
 40
6.0
 40
6.0
 40
6.0
 40
7.0
 40
7.0
 40
7.0
 40
8.0
 40
8.0
 40
8.0
 40
8.0
 10
511.1747512318179
 20
-536.0845000604574
 30
0.0
 10
509.5802964457039
 20
-535.8725405607294
 30
0.0
 10
508.042039779695
 20
-536.2278160326438
 30
0.0
 10
506.7601412814783
 20
-536.9923257845137
 30
0.0
 10
506.7601412814783
 20
-536.9923257845137
 30
0.0
 10
508.2944145558344
 20
-539.5164180554781
 30
0.0
 10
508.2944145558344
 20
-539.5164180554781
 30
0.0
 10
510.0478820304407
 20
-538.4864206327736
 30
0.0
 10
512.3237121079967
 20
-538.9695091471947
 30
0.0
 10
513.4934727481653
 20
-540.6715155079862
 30
0.0
 10
514.7168692186705
 20
-542.4515532815219
 30
0.0
 10
514.2656047737988
 20
-544.8863314520293
 30
0.0
 10
512.4855670002631
 20
-546.1097279225344
 30
0.0
 10
512.442029606067
 20
-546.1396141258709
 30
0.0
 10
512.3964036227355
 20
-546.1639020490419
 30
0.0
 10
512.352112613902
 20
-546.1918503861648
 30
0.0
 10
512.352112613902
 20
-546.1918503861648
 30
0.0
 10
513.8878500538411
 20
-548.7183542239656
 30
0.0
 10
513.8878500538411
 20
-548.7183542239656
 30
0.0
 10
515.5714897493275
 20
-547.6725093620329
 30
0.0
 10
516.7912473377284
 20
-545.9095248111484
 30
0.0
 10
517.0728623617995
 20
-543.7914370431245
 30
0.0
 10
517.5723366116198
 20
-540.0344742890706
 30
0.0
 10
514.9316709221757
 20
-536.5839958421258
 30
0.0
 10
511.1747512318179
 20
-536.0845000604574
 30
0.0
  0
HATCH
  5
23E
330
233
100
AcDbEntity
  8
Logo
 62
    31
420
 16562787
440
 33554687
100
AcDbHatch
 10
0.0
 20
0.0
 30
0.0
210
0.0
220
0.0
230
1.0
  2
SOLID
 70
     1
 71
     1
 91
        1
 92
        1
 93
        1
 72
     4
 94
        3
 73
     0
 74
     0
 95
       29
 96
       25
 40
0.0
 40
0.0
 40
0.0
 40
0.0
 40
1.0
 40
1.0
 40
1.0
 40
2.0
 40
2.0
 40
2.0
 40
3.0
 40
3.0
 40
3.0
 40
4.0
 40
4.0
 40
4.0
 40
5.0
 40
5.0
 40
5.0
 40
6.0
 40
6.0
 40
6.0
 40
7.0
 40
7.0
 40
7.0
 40
8.0
 40
8.0
 40
8.0
 40
8.0
 10
511.1747512318179
 20
-536.0845000604574
 10
509.5802964457039
 20
-535.8725405607294
 10
508.042039779695
 20
-536.2278160326438
 10
506.7601412814783
 20
-536.9923257845137
 10
506.7601412814783
 20
-536.9923257845137
 10
508.2944145558344
 20
-539.5164180554781
 10
508.2944145558344
 20
-539.5164180554781
 10
510.0478820304407
 20
-538.4864206327736
 10
512.3237121079967
 20
-538.9695091471947
 10
513.4934727481653
 20
-540.6715155079862
 10
514.7168692186705
 20
-542.4515532815219
 10
514.2656047737988
 20
-544.8863314520293
 10
512.4855670002631
 20
-546.1097279225344
 10
512.442029606067
 20
-546.1396141258709
 10
512.3964036227355
 20
-546.1639020490419
 10
512.352112613902
 20
-546.1918503861648
 10
512.352112613902
 20
-546.1918503861648
 10
513.8878500538411
 20
-548.7183542239656
 10
513.8878500538411
 20
-548.7183542239656
 10
515.5714897493275
 20
-547.6725093620329
 10
516.7912473377284
 20
-545.9095248111484
 10
517.0728623617995
 20
-543.7914370431245
 10
517.5723366116198
 20
-540.0344742890706
 10
514.9316709221757
 20
-536.5839958421258
 10
511.1747512318179
 20
-536.0845000604574
 97
        0
 97
        1
330
23D
 75
     2
 76
     1
 98
        1
 10
0.0
 20
0.0
450
        0
451
        0
460
0.0
461
0.0
452
        0
462
0.0
453
        0
470

  0
LWPOLYLINE
  5
23F
330
233
100
AcDbEntity
  8
Logo
100
AcDbPolyline
 90
        3
 70
     1
 43
0.0
 10
510.0654304855674
 20
-542.4299353073538
 10
510.0653874218751
 20
-542.4298922436577
 10
510.0654304855674
 20
-542.4299353073538
  0
ENDBLK
  5
236
330
233
100
AcDbEntity
  8
0
100
AcDbBlockEnd
  0
BLOCK
  5
255
330
253
100
AcDbEntity
  8
0
100
AcDbBlockBegin
  2
Block_46
 70
     0
 10
0.0
 20
0.0
 30
0.0
  3
Block_46
  1

  0
SPLINE
  5
257
330
253
100
AcDbEntity
  8
Logo
100
AcDbSpline
210
0.0
220
0.0
230
1.0
 70
     9
 71
     3
 72
    26
 73
    22
 74
     0
 42
0.0000000001
 43
0.0000000001
 40
0.0
 40
0.0
 40
0.0
 40
0.0
 40
1.0
 40
1.0
 40
1.0
 40
2.0
 40
2.0
 40
2.0
 40
3.0
 40
3.0
 40
3.0
 40
4.0
 40
4.0
 40
4.0
 40
5.0
 40
5.0
 40
5.0
 40
6.0
 40
6.0
 40
6.0
 40
7.0
 40
7.0
 40
7.0
 40
7.0
 10
248.2550017689909
 20
-546.1097322582228
 30
0.0
 10
248.2114643747961
 20
-546.1396184615554
 30
0.0
 10
248.1658383914633
 20
-546.1639063847264
 30
0.0
 10
248.1215473826311
 20
-546.1918547218498
 30
0.0
 10
247.1340538254778
 20
-546.8143834760345
 30
0.0
 10
245.9676736852529
 20
-546.9443497032168
 30
0.0
 10
244.9205369125112
 20
-546.6321379248647
 30
0.0
 10
244.0943168877612
 20
-546.3857705339765
 30
0.0
 10
243.343156880896
 20
-545.8676712366878
 30
0.0
 10
242.8167893544434
 20
-545.1017834466239
 30
0.0
 10
241.5934144157844
 20
-543.3217887367844
 30
0.0
 10
242.0446573288117
 20
-540.886967502584
 30
0.0
 10
243.8247166341936
 20
-539.6636140957717
 30
0.0
 10
243.9027480469345
 20
-539.6099567335871
 30
0.0
 10
243.9834709405232
 20
-539.5636201993105
 30
0.0
 10
244.0638493245635
 20
-539.5164223911625
 30
0.0
 10
245.8173167991685
 20
-538.4864249684619
 30
0.0
 10
248.0931468767245
 20
-538.9695134828791
 30
0.0
 10
249.2629075168943
 20
-540.6715198436739
 30
0.0
 10
250.4863039874001
 20
-542.4515576172102
 30
0.0
 10
250.035039542526
 20
-544.8863357877144
 30
0.0
 10
248.2550017689909
 20
-546.1097322582228
 30
0.0
  0
SPLINE
  5
258
330
253
100
AcDbEntity
  8
Logo
100
AcDbSpline
210
0.0
220
0.0
230
1.0
 70
     9
 71
     3
 72
    26
 73
    22
 74
     0
 42
0.0000000001
 43
0.0000000001
 40
0.0
 40
0.0
 40
0.0
 40
0.0
 40
1.0
 40
1.0
 40
1.0
 40
2.0
 40
2.0
 40
2.0
 40
3.0
 40
3.0
 40
3.0
 40
4.0
 40
4.0
 40
4.0
 40
5.0
 40
5.0
 40
5.0
 40
6.0
 40
6.0
 40
6.0
 40
7.0
 40
7.0
 40
7.0
 40
7.0
 10
246.944186000547
 20
-536.0845043961457
 30
0.0
 10
245.349731214433
 20
-535.8725448964138
 30
0.0
 10
243.8114745484222
 20
-536.2278203683321
 30
0.0
 10
242.5295760502074
 20
-536.9923301202013
 30
0.0
 10
240.7909870817293
 20
-538.0291746701803
 30
0.0
 10
239.5247852998193
 20
-539.8201936855764
 30
0.0
 10
239.2372705497284
 20
-541.9825939942787
 30
0.0
 10
238.776122987181
 20
-545.4511591925211
 30
0.0
 10
240.9925036357697
 20
-548.6565190956937
 30
0.0
 10
244.2918285182999
 20
-549.5215825720399
 30
0.0
 10
244.5661442463129
 20
-549.5934558765997
 30
0.0
 10
244.8470056557479
 20
-549.6512042896705
 30
0.0
 10
245.1353816797101
 20
-549.6895309769459
 30
0.0
 10
246.7742136020434
 20
-549.9074332663878
 30
0.0
 10
248.3545650285146
 20
-549.5275253617501
 30
0.0
 10
249.6572848225683
 20
-548.718358559654
 30
0.0
 10
251.3409245180567
 20
-547.6725136977173
 30
0.0
 10
252.5606821064562
 20
-545.9095291468336
 30
0.0
 10
252.8422971305286
 20
-543.7914413788091
 30
0.0
 10
253.3417713803495
 20
-540.034478624759
 30
0.0
 10
250.7011056909055
 20
-536.5840001778108
 30
0.0
 10
246.944186000547
 20
-536.0845043961457
 30
0.0
  0
HATCH
  5
259
330
253
100
AcDbEntity
  8
Logo
 62
    31
420
 16562787
440
 33554687
100
AcDbHatch
 10
0.0
 20
0.0
 30
0.0
210
0.0
220
0.0
230
1.0
  2
SOLID
 70
     1
 71
     1
 91
        2
 92
        1
 93
        1
 72
     4
 94
        3
 73
     0
 74
     0
 95
       26
 96
       22
 40
0.0
 40
0.0
 40
0.0
 40
0.0
 40
1.0
 40
1.0
 40
1.0
 40
2.0
 40
2.0
 40
2.0
 40
3.0
 40
3.0
 40
3.0
 40
4.0
 40
4.0
 40
4.0
 40
5.0
 40
5.0
 40
5.0
 40
6.0
 40
6.0
 40
6.0
 40
7.0
 40
7.0
 40
7.0
 40
7.0
 10
248.2550017689909
 20
-546.1097322582228
 10
248.2114643747961
 20
-546.1396184615554
 10
248.1658383914633
 20
-546.1639063847264
 10
248.1215473826311
 20
-546.1918547218498
 10
247.1340538254778
 20
-546.8143834760345
 10
245.9676736852529
 20
-546.9443497032168
 10
244.9205369125112
 20
-546.6321379248647
 10
244.0943168877612
 20
-546.3857705339765
 10
243.343156880896
 20
-545.8676712366878
 10
242.8167893544434
 20
-545.1017834466239
 10
241.5934144157844
 20
-543.3217887367844
 10
242.0446573288117
 20
-540.886967502584
 10
243.8247166341936
 20
-539.6636140957717
 10
243.9027480469345
 20
-539.6099567335871
 10
243.9834709405232
 20
-539.5636201993105
 10
244.0638493245635
 20
-539.5164223911625
 10
245.8173167991685
 20
-538.4864249684619
 10
248.0931468767245
 20
-538.9695134828791
 10
249.2629075168943
 20
-540.6715198436739
 10
250.4863039874001
 20
-542.4515576172102
 10
250.035039542526
 20
-544.8863357877144
 10
248.2550017689909
 20
-546.1097322582228
 97
        0
 97
        1
330
257
 92
        1
 93
        1
 72
     4
 94
        3
 73
     0
 74
     0
 95
       26
 96
       22
 40
0.0
 40
0.0
 40
0.0
 40
0.0
 40
1.0
 40
1.0
 40
1.0
 40
2.0
 40
2.0
 40
2.0
 40
3.0
 40
3.0
 40
3.0
 40
4.0
 40
4.0
 40
4.0
 40
5.0
 40
5.0
 40
5.0
 40
6.0
 40
6.0
 40
6.0
 40
7.0
 40
7.0
 40
7.0
 40
7.0
 10
246.944186000547
 20
-536.0845043961457
 10
245.349731214433
 20
-535.8725448964138
 10
243.8114745484222
 20
-536.2278203683321
 10
242.5295760502074
 20
-536.9923301202013
 10
240.7909870817293
 20
-538.0291746701803
 10
239.5247852998193
 20
-539.8201936855764
 10
239.2372705497284
 20
-541.9825939942787
 10
238.776122987181
 20
-545.4511591925211
 10
240.9925036357697
 20
-548.6565190956937
 10
244.2918285182999
 20
-549.5215825720399
 10
244.5661442463129
 20
-549.5934558765997
 10
244.8470056557479
 20
-549.6512042896705
 10
245.1353816797101
 20
-549.6895309769459
 10
246.7742136020434
 20
-549.9074332663878
 10
248.3545650285146
 20
-549.5275253617501
 10
249.6572848225683
 20
-548.718358559654
 10
251.3409245180567
 20
-547.6725136977173
 10
252.5606821064562
 20
-545.9095291468336
 10
252.8422971305286
 20
-543.7914413788091
 10
253.3417713803495
 20
-540.034478624759
 10
250.7011056909055
 20
-536.5840001778108
 10
246.944186000547
 20
-536.0845043961457
 97
        0
 97
        1
330
258
 75
     2
 76
     1
 98
        1
 10
0.0
 20
0.0
450
        0
451
        0
460
0.0
461
0.0
452
        0
462
0.0
453
        0
470

  0
INSERT
  5
25B
330
253
100
AcDbEntity
  8
Logo
100
AcDbBlockReference
  2
Block_47
 10
0.0
 20
0.0
 30
0.0
  0
INSERT
  5
267
330
253
100
AcDbEntity
  8
Logo
100
AcDbBlockReference
  2
Block_48
 10
0.0
 20
0.0
 30
0.0
  0
INSERT
  5
276
330
253
100
AcDbEntity
  8
Logo
100
AcDbBlockReference
  2
Block_50
 10
0.0
 20
0.0
 30
0.0
  0
ENDBLK
  5
256
330
253
100
AcDbEntity
  8
0
100
AcDbBlockEnd
  0
BLOCK
  5
25C
330
25A
100
AcDbEntity
  8
0
100
AcDbBlockBegin
  2
Block_47
 70
     0
 10
0.0
 20
0.0
 30
0.0
  3
Block_47
  1

  0
SPLINE
  5
25E
330
25A
100
AcDbEntity
  8
Logo
100
AcDbSpline
210
0.0
220
0.0
230
1.0
 70
     9
 71
     3
 72
    32
 73
    28
 74
     0
 42
0.0000000001
 43
0.0000000001
 40
0.0
 40
0.0
 40
0.0
 40
0.0
 40
1.0
 40
1.0
 40
1.0
 40
2.0
 40
2.0
 40
2.0
 40
3.0
 40
3.0
 40
3.0
 40
4.0
 40
4.0
 40
4.0
 40
5.0
 40
5.0
 40
5.0
 40
6.0
 40
6.0
 40
6.0
 40
7.0
 40
7.0
 40
7.0
 40
8.0
 40
8.0
 40
8.0
 40
9.0
 40
9.0
 40
9.0
 40
9.0
 10
237.2272607963464
 20
-538.916547573831
 30
0.0
 10
237.0242867231881
 20
-538.820766260049
 30
0.0
 10
236.9361753974211
 20
-538.5753266434707
 30
0.0
 10
237.0319567112064
 20
-538.3725396431925
 30
0.0
 10
237.0319567112064
 20
-538.3725396431925
 30
0.0
 10
237.0319567112064
 20
-538.3725396431925
 30
0.0
 10
237.0319567112064
 20
-538.3725396431925
 30
0.0
 10
237.1314794825611
 20
-538.1693784971547
 30
0.0
 10
237.3767320262573
 20
-538.0810800985082
 30
0.0
 10
237.5797060994156
 20
-538.1768614122941
 30
0.0
 10
237.5797060994156
 20
-538.1768614122941
 30
0.0
 10
237.5797060994156
 20
-538.1768614122941
 30
0.0
 10
237.5797060994156
 20
-538.1768614122941
 30
0.0
 10
237.7828672454534
 20
-538.27264272608
 30
0.0
 10
237.8709785712204
 20
-538.5180823426545
 30
0.0
 10
237.7712687269875
 20
-538.7208693429358
 30
0.0
 10
237.7712687269875
 20
-538.7208693429358
 30
0.0
 10
237.7712687269875
 20
-538.7208693429358
 30
0.0
 10
237.7712687269875
 20
-538.7208693429358
 30
0.0
 10
237.7024259077034
 20
-538.870527645725
 30
0.0
 10
237.5566961353619
 20
-538.9584518986144
 30
0.0
 10
237.4034834478816
 20
-538.9584518986144
 30
0.0
 10
237.4034834478816
 20
-538.9584518986144
 30
0.0
 10
237.4034834478816
 20
-538.9584518986144
 30
0.0
 10
237.4034834478816
 20
-538.9584518986144
 30
0.0
 10
237.3460520741853
 20
-538.9584518986144
 30
0.0
 10
237.2846921700427
 20
-538.9431119225778
 30
0.0
 10
237.2272607963464
 20
-538.916547573831
 30
0.0
  0
HATCH
  5
25F
330
25A
100
AcDbEntity
  8
Logo
 62
    30
420
 16225309
440
 33554687
100
AcDbHatch
 10
0.0
 20
0.0
 30
0.0
210
0.0
220
0.0
230
1.0
  2
SOLID
 70
     1
 71
     1
 91
        1
 92
        1
 93
        1
 72
     4
 94
        3
 73
     0
 74
     0
 95
       32
 96
       28
 40
0.0
 40
0.0
 40
0.0
 40
0.0
 40
1.0
 40
1.0
 40
1.0
 40
2.0
 40
2.0
 40
2.0
 40
3.0
 40
3.0
 40
3.0
 40
4.0
 40
4.0
 40
4.0
 40
5.0
 40
5.0
 40
5.0
 40
6.0
 40
6.0
 40
6.0
 40
7.0
 40
7.0
 40
7.0
 40
8.0
 40
8.0
 40
8.0
 40
9.0
 40
9.0
 40
9.0
 40
9.0
 10
237.2272607963464
 20
-538.916547573831
 10
237.0242867231881
 20
-538.820766260049
 10
236.9361753974211
 20
-538.5753266434707
 10
237.0319567112064
 20
-538.3725396431925
 10
237.0319567112064
 20
-538.3725396431925
 10
237.0319567112064
 20
-538.3725396431925
 10
237.0319567112064
 20
-538.3725396431925
 10
237.1314794825611
 20
-538.1693784971547
 10
237.3767320262573
 20
-538.0810800985082
 10
237.5797060994156
 20
-538.1768614122941
 10
237.5797060994156
 20
-538.1768614122941
 10
237.5797060994156
 20
-538.1768614122941
 10
237.5797060994156
 20
-538.1768614122941
 10
237.7828672454534
 20
-538.27264272608
 10
237.8709785712204
 20
-538.5180823426545
 10
237.7712687269875
 20
-538.7208693429358
 10
237.7712687269875
 20
-538.7208693429358
 10
237.7712687269875
 20
-538.7208693429358
 10
237.7712687269875
 20
-538.7208693429358
 10
237.7024259077034
 20
-538.870527645725
 10
237.5566961353619
 20
-538.9584518986144
 10
237.4034834478816
 20
-538.9584518986144
 10
237.4034834478816
 20
-538.9584518986144
 10
237.4034834478816
 20
-538.9584518986144
 10
237.4034834478816
 20
-538.9584518986144
 10
237.3460520741853
 20
-538.9584518986144
 10
237.2846921700427
 20
-538.9431119225778
 10
237.2272607963464
 20
-538.916547573831
 97
        0
 97
        1
330
25E
 75
     2
 76
     1
 98
        1
 10
0.0
 20
0.0
450
        0
451
        0
460
0.0
461
0.0
452
        0
462
0.0
453
        0
470

  0
SPLINE
  5
260
330
25A
100
AcDbEntity
  8
Logo
100
AcDbSpline
210
0.0
220
0.0
230
1.0
 70
     9
 71
     3
 72
    32
 73
    28
 74
     0
 42
0.0000000001
 43
0.0000000001
 40
0.0
 40
0.0
 40
0.0
 40
0.0
 40
1.0
 40
1.0
 40
1.0
 40
2.0
 40
2.0
 40
2.0
 40
3.0
 40
3.0
 40
3.0
 40
4.0
 40
4.0
 40
4.0
 40
5.0
 40
5.0
 40
5.0
 40
6.0
 40
6.0
 40
6.0
 40
7.0
 40
7.0
 40
7.0
 40
8.0
 40
8.0
 40
8.0
 40
9.0
 40
9.0
 40
9.0
 40
9.0
 10
237.9091979044795
 20
-537.5680223114727
 30
0.0
 10
237.7253052649266
 20
-537.4415610456174
 30
0.0
 10
237.6792853368186
 20
-537.1848970563328
 30
0.0
 10
237.8094880602453
 20
-537.0008173439011
 30
0.0
 10
237.8094880602453
 20
-537.0008173439011
 30
0.0
 10
237.8094880602453
 20
-537.0008173439011
 30
0.0
 10
237.8094880602453
 20
-537.0008173439011
 30
0.0
 10
237.9398778565515
 20
-536.8129961738993
 30
0.0
 10
238.1926133153871
 20
-536.7669762457932
 30
0.0
 10
238.3804344853883
 20
-536.8975531149756
 30
0.0
 10
238.3804344853883
 20
-536.8975531149756
 30
0.0
 10
238.3804344853883
 20
-536.8975531149756
 30
0.0
 10
238.3804344853883
 20
-536.8975531149756
 30
0.0
 10
238.5643271249413
 20
-537.0277558384042
 30
0.0
 10
238.6103470530485
 20
-537.2844198276887
 30
0.0
 10
238.4799572567437
 20
-537.4681253943635
 30
0.0
 10
238.4799572567437
 20
-537.4681253943635
 30
0.0
 10
238.4799572567437
 20
-537.4681253943635
 30
0.0
 10
238.4799572567437
 20
-537.4681253943635
 30
0.0
 10
238.3995159189937
 20
-537.5833622875092
 30
0.0
 10
238.2730546531365
 20
-537.6443480458988
 30
0.0
 10
238.1465933872792
 20
-537.6443480458988
 30
0.0
 10
238.1465933872792
 20
-537.6443480458988
 30
0.0
 10
238.1465933872792
 20
-537.6443480458988
 30
0.0
 10
238.1465933872792
 20
-537.6443480458988
 30
0.0
 10
238.0624105919598
 20
-537.6443480458988
 30
0.0
 10
237.9819692542112
 20
-537.6177836971526
 30
0.0
 10
237.9091979044795
 20
-537.5680223114727
 30
0.0
  0
HATCH
  5
261
330
25A
100
AcDbEntity
  8
Logo
 62
    30
420
 16225309
440
 33554687
100
AcDbHatch
 10
0.0
 20
0.0
 30
0.0
210
0.0
220
0.0
230
1.0
  2
SOLID
 70
     1
 71
     1
 91
        1
 92
        1
 93
        1
 72
     4
 94
        3
 73
     0
 74
     0
 95
       32
 96
       28
 40
0.0
 40
0.0
 40
0.0
 40
0.0
 40
1.0
 40
1.0
 40
1.0
 40
2.0
 40
2.0
 40
2.0
 40
3.0
 40
3.0
 40
3.0
 40
4.0
 40
4.0
 40
4.0
 40
5.0
 40
5.0
 40
5.0
 40
6.0
 40
6.0
 40
6.0
 40
7.0
 40
7.0
 40
7.0
 40
8.0
 40
8.0
 40
8.0
 40
9.0
 40
9.0
 40
9.0
 40
9.0
 10
237.9091979044795
 20
-537.5680223114727
 10
237.7253052649266
 20
-537.4415610456174
 10
237.6792853368186
 20
-537.1848970563328
 10
237.8094880602453
 20
-537.0008173439011
 10
237.8094880602453
 20
-537.0008173439011
 10
237.8094880602453
 20
-537.0008173439011
 10
237.8094880602453
 20
-537.0008173439011
 10
237.9398778565515
 20
-536.8129961738993
 10
238.1926133153871
 20
-536.7669762457932
 10
238.3804344853883
 20
-536.8975531149756
 10
238.3804344853883
 20
-536.8975531149756
 10
238.3804344853883
 20
-536.8975531149756
 10
238.3804344853883
 20
-536.8975531149756
 10
238.5643271249413
 20
-537.0277558384042
 10
238.6103470530485
 20
-537.2844198276887
 10
238.4799572567437
 20
-537.4681253943635
 10
238.4799572567437
 20
-537.4681253943635
 10
238.4799572567437
 20
-537.4681253943635
 10
238.4799572567437
 20
-537.4681253943635
 10
238.3995159189937
 20
-537.5833622875092
 10
238.2730546531365
 20
-537.6443480458988
 10
238.1465933872792
 20
-537.6443480458988
 10
238.1465933872792
 20
-537.6443480458988
 10
238.1465933872792
 20
-537.6443480458988
 10
238.1465933872792
 20
-537.6443480458988
 10
238.0624105919598
 20
-537.6443480458988
 10
237.9819692542112
 20
-537.6177836971526
 10
237.9091979044795
 20
-537.5680223114727
 97
        0
 97
        1
330
260
 75
     2
 76
     1
 98
        1
 10
0.0
 20
0.0
450
        0
451
        0
460
0.0
461
0.0
452
        0
462
0.0
453
        0
470

  0
SPLINE
  5
262
330
25A
100
AcDbEntity
  8
Logo
100
AcDbSpline
210
0.0
220
0.0
230
1.0
 70
     9
 71
     3
 72
    38
 73
    34
 74
     0
 42
0.0000000001
 43
0.0000000001
 40
0.0
 40
0.0
 40
0.0
 40
0.0
 40
1.0
 40
1.0
 40
1.0
 40
2.0
 40
2.0
 40
2.0
 40
3.0
 40
3.0
 40
3.0
 40
4.0
 40
4.0
 40
4.0
 40
5.0
 40
5.0
 40
5.0
 40
6.0
 40
6.0
 40
6.0
 40
7.0
 40
7.0
 40
7.0
 40
8.0
 40
8.0
 40
8.0
 40
9.0
 40
9.0
 40
9.0
 40
10.0
 40
10.0
 40
10.0
 40
11.0
 40
11.0
 40
11.0
 40
11.0
 10
238.7351540039108
 20
-536.4459513450192
 30
0.0
 10
238.5742713284122
 20
-536.2850686695175
 30
0.0
 10
238.5703427979632
 20
-536.0284046802367
 30
0.0
 10
238.7314125463414
 20
-535.8634064014077
 30
0.0
 10
238.7314125463414
 20
-535.8634064014077
 30
0.0
 10
238.7314125463414
 20
-535.8634064014077
 30
0.0
 10
238.7314125463414
 20
-535.8634064014077
 30
0.0
 10
238.7314125463414
 20
-535.8634064014077
 30
0.0
 10
238.7314125463414
 20
-535.8634064014077
 30
0.0
 10
238.7314125463414
 20
-535.8634064014077
 30
0.0
 10
238.7314125463414
 20
-535.8634064014077
 30
0.0
 10
238.7314125463414
 20
-535.8634064014077
 30
0.0
 10
238.7314125463414
 20
-535.8634064014077
 30
0.0
 10
238.8883666913911
 20
-535.7025237259091
 30
0.0
 10
239.148959211124
 20
-535.7025237259091
 30
0.0
 10
239.3098418866226
 20
-535.8596649438409
 30
0.0
 10
239.3098418866226
 20
-535.8596649438409
 30
0.0
 10
239.3098418866226
 20
-535.8596649438409
 30
0.0
 10
239.3098418866226
 20
-535.8596649438409
 30
0.0
 10
239.4707245621212
 20
-536.0168061617695
 30
0.0
 10
239.4746530925701
 20
-536.2772116086203
 30
0.0
 10
239.3137704170715
 20
-536.4380942841227
 30
0.0
 10
239.3137704170715
 20
-536.4380942841227
 30
0.0
 10
239.3137704170715
 20
-536.4380942841227
 30
0.0
 10
239.3137704170715
 20
-536.4380942841227
 30
0.0
 10
239.2331420064433
 20
-536.5226512251985
 30
0.0
 10
239.1298777775179
 20
-536.560814092408
 30
0.0
 10
239.0224979452667
 20
-536.560814092408
 30
0.0
 10
239.0224979452667
 20
-536.560814092408
 30
0.0
 10
239.0224979452667
 20
-536.560814092408
 30
0.0
 10
239.0224979452667
 20
-536.560814092408
 30
0.0
 10
238.9190466434631
 20
-536.560814092408
 30
0.0
 10
238.8155953416595
 20
-536.5226512251985
 30
0.0
 10
238.7351540039108
 20
-536.4459513450192
 30
0.0
  0
HATCH
  5
263
330
25A
100
AcDbEntity
  8
Logo
 62
    30
420
 16225309
440
 33554687
100
AcDbHatch
 10
0.0
 20
0.0
 30
0.0
210
0.0
220
0.0
230
1.0
  2
SOLID
 70
     1
 71
     1
 91
        1
 92
        1
 93
        1
 72
     4
 94
        3
 73
     0
 74
     0
 95
       38
 96
       34
 40
0.0
 40
0.0
 40
0.0
 40
0.0
 40
1.0
 40
1.0
 40
1.0
 40
2.0
 40
2.0
 40
2.0
 40
3.0
 40
3.0
 40
3.0
 40
4.0
 40
4.0
 40
4.0
 40
5.0
 40
5.0
 40
5.0
 40
6.0
 40
6.0
 40
6.0
 40
7.0
 40
7.0
 40
7.0
 40
8.0
 40
8.0
 40
8.0
 40
9.0
 40
9.0
 40
9.0
 40
10.0
 40
10.0
 40
10.0
 40
11.0
 40
11.0
 40
11.0
 40
11.0
 10
238.7351540039108
 20
-536.4459513450192
 10
238.5742713284122
 20
-536.2850686695175
 10
238.5703427979632
 20
-536.0284046802367
 10
238.7314125463414
 20
-535.8634064014077
 10
238.7314125463414
 20
-535.8634064014077
 10
238.7314125463414
 20
-535.8634064014077
 10
238.7314125463414
 20
-535.8634064014077
 10
238.7314125463414
 20
-535.8634064014077
 10
238.7314125463414
 20
-535.8634064014077
 10
238.7314125463414
 20
-535.8634064014077
 10
238.7314125463414
 20
-535.8634064014077
 10
238.7314125463414
 20
-535.8634064014077
 10
238.7314125463414
 20
-535.8634064014077
 10
238.8883666913911
 20
-535.7025237259091
 10
239.148959211124
 20
-535.7025237259091
 10
239.3098418866226
 20
-535.8596649438409
 10
239.3098418866226
 20
-535.8596649438409
 10
239.3098418866226
 20
-535.8596649438409
 10
239.3098418866226
 20
-535.8596649438409
 10
239.4707245621212
 20
-536.0168061617695
 10
239.4746530925701
 20
-536.2772116086203
 10
239.3137704170715
 20
-536.4380942841227
 10
239.3137704170715
 20
-536.4380942841227
 10
239.3137704170715
 20
-536.4380942841227
 10
239.3137704170715
 20
-536.4380942841227
 10
239.2331420064433
 20
-536.5226512251985
 10
239.1298777775179
 20
-536.560814092408
 10
239.0224979452667
 20
-536.560814092408
 10
239.0224979452667
 20
-536.560814092408
 10
239.0224979452667
 20
-536.560814092408
 10
239.0224979452667
 20
-536.560814092408
 10
238.9190466434631
 20
-536.560814092408
 10
238.8155953416595
 20
-536.5226512251985
 10
238.7351540039108
 20
-536.4459513450192
 97
        0
 97
        1
330
262
 75
     2
 76
     1
 98
        1
 10
0.0
 20
0.0
450
        0
451
        0
460
0.0
461
0.0
452
        0
462
0.0
453
        0
470

  0
SPLINE
  5
264
330
25A
100
AcDbEntity
  8
Logo
100
AcDbSpline
210
0.0
220
0.0
230
1.0
 70
     9
 71
     3
 72
    32
 73
    28
 74
     0
 42
0.0000000001
 43
0.0000000001
 40
0.0
 40
0.0
 40
0.0
 40
0.0
 40
1.0
 40
1.0
 40
1.0
 40
2.0
 40
2.0
 40
2.0
 40
3.0
 40
3.0
 40
3.0
 40
4.0
 40
4.0
 40
4.0
 40
5.0
 40
5.0
 40
5.0
 40
6.0
 40
6.0
 40
6.0
 40
7.0
 40
7.0
 40
7.0
 40
8.0
 40
8.0
 40
8.0
 40
9.0
 40
9.0
 40
9.0
 40
9.0
 10
240.0510974438684
 20
-535.565308346034
 30
0.0
 10
239.9974075277429
 20
-535.565308346034
 30
0.0
 10
239.9437176116172
 20
-535.5537098275674
 30
0.0
 10
239.8939562259392
 20
-535.5346283939606
 30
0.0
 10
239.8441948402625
 20
-535.515546960354
 30
0.0
 10
239.8019163697246
 20
-535.4848670082847
 30
0.0
 10
239.7637535025125
 20
-535.446704141072
 30
0.0
 10
239.6831250918844
 20
-535.3658886575656
 30
0.0
 10
239.6410336942247
 20
-535.2663658862097
 30
0.0
 10
239.6410336942247
 20
-535.155244596391
 30
0.0
 10
239.6410336942247
 20
-535.0482389098954
 30
0.0
 10
239.6870536223333
 20
-534.9446005352123
 30
0.0
 10
239.7637535025125
 20
-534.867900655033
 30
0.0
 10
239.9169661899942
 20
-534.7148750404316
 30
0.0
 10
240.1850416248658
 20
-534.7148750404316
 30
0.0
 10
240.342182842795
 20
-534.867900655033
 30
0.0
 10
240.4188827229743
 20
-534.9408590776429
 30
0.0
 10
240.460974120634
 20
-535.0482389098954
 30
0.0
 10
240.460974120634
 20
-535.155244596391
 30
0.0
 10
240.460974120634
 20
-535.2663658862097
 30
0.0
 10
240.4188827229743
 20
-535.370004260892
 30
0.0
 10
240.342182842795
 20
-535.446704141072
 30
0.0
 10
240.3038329027047
 20
-535.4848670082847
 30
0.0
 10
240.2578129745974
 20
-535.515546960354
 30
0.0
 10
240.2080515889195
 20
-535.5346283939606
 30
0.0
 10
240.1582902032414
 20
-535.5537098275674
 30
0.0
 10
240.1085288175647
 20
-535.565308346034
 30
0.0
 10
240.0510974438684
 20
-535.565308346034
 30
0.0
  0
HATCH
  5
265
330
25A
100
AcDbEntity
  8
Logo
 62
    30
420
 16225309
440
 33554687
100
AcDbHatch
 10
0.0
 20
0.0
 30
0.0
210
0.0
220
0.0
230
1.0
  2
SOLID
 70
     1
 71
     1
 91
        1
 92
        1
 93
        1
 72
     4
 94
        3
 73
     0
 74
     0
 95
       32
 96
       28
 40
0.0
 40
0.0
 40
0.0
 40
0.0
 40
1.0
 40
1.0
 40
1.0
 40
2.0
 40
2.0
 40
2.0
 40
3.0
 40
3.0
 40
3.0
 40
4.0
 40
4.0
 40
4.0
 40
5.0
 40
5.0
 40
5.0
 40
6.0
 40
6.0
 40
6.0
 40
7.0
 40
7.0
 40
7.0
 40
8.0
 40
8.0
 40
8.0
 40
9.0
 40
9.0
 40
9.0
 40
9.0
 10
240.0510974438684
 20
-535.565308346034
 10
239.9974075277429
 20
-535.565308346034
 10
239.9437176116172
 20
-535.5537098275674
 10
239.8939562259392
 20
-535.5346283939606
 10
239.8441948402625
 20
-535.515546960354
 10
239.8019163697246
 20
-535.4848670082847
 10
239.7637535025125
 20
-535.446704141072
 10
239.6831250918844
 20
-535.3658886575656
 10
239.6410336942247
 20
-535.2663658862097
 10
239.6410336942247
 20
-535.155244596391
 10
239.6410336942247
 20
-535.0482389098954
 10
239.6870536223333
 20
-534.9446005352123
 10
239.7637535025125
 20
-534.867900655033
 10
239.9169661899942
 20
-534.7148750404316
 10
240.1850416248658
 20
-534.7148750404316
 10
240.342182842795
 20
-534.867900655033
 10
240.4188827229743
 20
-534.9408590776429
 10
240.460974120634
 20
-535.0482389098954
 10
240.460974120634
 20
-535.155244596391
 10
240.460974120634
 20
-535.2663658862097
 10
240.4188827229743
 20
-535.370004260892
 10
240.342182842795
 20
-535.446704141072
 10
240.3038329027047
 20
-535.4848670082847
 10
240.2578129745974
 20
-535.515546960354
 10
240.2080515889195
 20
-535.5346283939606
 10
240.1582902032414
 20
-535.5537098275674
 10
240.1085288175647
 20
-535.565308346034
 10
240.0510974438684
 20
-535.565308346034
 97
        0
 97
        1
330
264
 75
     2
 76
     1
 98
        1
 10
0.0
 20
0.0
450
        0
451
        0
460
0.0
461
0.0
452
        0
462
0.0
453
        0
470

  0
ENDBLK
  5
25D
330
25A
100
AcDbEntity
  8
0
100
AcDbBlockEnd
  0
BLOCK
  5
268
330
266
100
AcDbEntity
  8
0
100
AcDbBlockBegin
  2
Block_48
 70
     0
 10
0.0
 20
0.0
 30
0.0
  3
Block_48
  1

  0
INSERT
  5
26B
330
266
100
AcDbEntity
  8
Logo
100
AcDbBlockReference
  2
Block_49
 10
0.0
 20
0.0
 30
0.0
  0
SPLINE
  5
272
330
266
100
AcDbEntity
  8
Logo
100
AcDbSpline
210
0.0
220
0.0
230
1.0
 70
     9
 71
     3
 72
    26
 73
    22
 74
     0
 42
0.0000000001
 43
0.0000000001
 40
0.0
 40
0.0
 40
0.0
 40
0.0
 40
1.0
 40
1.0
 40
1.0
 40
2.0
 40
2.0
 40
2.0
 40
3.0
 40
3.0
 40
3.0
 40
4.0
 40
4.0
 40
4.0
 40
5.0
 40
5.0
 40
5.0
 40
6.0
 40
6.0
 40
6.0
 40
7.0
 40
7.0
 40
7.0
 40
7.0
 10
250.1712152459149
 20
-550.8239285154006
 30
0.0
 10
249.9452312087029
 20
-551.5415400772756
 30
0.0
 10
250.3450059500295
 20
-552.3089130248298
 30
0.0
 10
251.0624304390276
 20
-552.5348970620443
 30
0.0
 10
251.4094506286209
 20
-552.6445217688354
 30
0.0
 10
251.7791066365114
 20
-552.6119710879807
 30
0.0
 10
252.1025556434158
 20
-552.4436054973425
 30
0.0
 10
252.4256305045631
 20
-552.2752399067038
 30
0.0
 10
252.6637742788776
 20
-551.9912632771596
 30
0.0
 10
252.7732119127917
 20
-551.6436818689298
 30
0.0
 10
252.8826495467071
 20
-551.2961004607044
 30
0.0
 10
252.8502859387287
 20
-550.9268185985689
 30
0.0
 10
252.68192034809
 20
-550.6039308103011
 30
0.0
 10
252.5135547574519
 20
-550.2806688762762
 30
0.0
 10
252.2293910550301
 20
-550.042338029081
 30
0.0
 10
251.8818096468009
 20
-549.9330874680469
 30
0.0
 10
251.1640110120465
 20
-549.7059809935612
 30
0.0
 10
250.3970122102493
 20
-550.1066910992827
 30
0.0
 10
250.1712152459149
 20
-550.8243026611577
 30
0.0
 10
250.1712152459149
 20
-550.8243026611577
 30
0.0
 10
250.1712152459149
 20
-550.8239285154006
 30
0.0
 10
250.1712152459149
 20
-550.8239285154006
 30
0.0
  0
SPLINE
  5
273
330
266
100
AcDbEntity
  8
Logo
100
AcDbSpline
210
0.0
220
0.0
230
1.0
 70
     9
 71
     3
 72
    29
 73
    25
 74
     0
 42
0.0000000001
 43
0.0000000001
 40
0.0
 40
0.0
 40
0.0
 40
0.0
 40
1.0
 40
1.0
 40
1.0
 40
2.0
 40
2.0
 40
2.0
 40
3.0
 40
3.0
 40
3.0
 40
4.0
 40
4.0
 40
4.0
 40
5.0
 40
5.0
 40
5.0
 40
6.0
 40
6.0
 40
6.0
 40
7.0
 40
7.0
 40
7.0
 40
8.0
 40
8.0
 40
8.0
 40
8.0
 10
251.4749261360919
 20
-553.6689328514312
 30
0.0
 10
251.229299446638
 20
-553.6689328514312
 30
0.0
 10
250.9821761741571
 20
-553.6315182757359
 30
0.0
 10
250.7410392337867
 20
-553.5555666870701
 30
0.0
 10
249.4608995262999
 20
-553.152237561053
 30
0.0
 10
248.7475906406284
 20
-551.7828640905268
 30
0.0
 10
249.1505456208897
 20
-550.5029114559175
 30
0.0
 10
249.1505456208897
 20
-550.5029114559175
 30
0.0
 10
249.1505456208897
 20
-550.5025373101605
 30
0.0
 10
249.1505456208897
 20
-550.5025373101605
 30
0.0
 10
249.5538747469075
 20
-549.2225846755513
 30
0.0
 10
250.9236223631902
 20
-548.5094628627605
 30
0.0
 10
252.2032008520417
 20
-548.9124178430212
 30
0.0
 10
252.8233474442261
 20
-549.1077219281593
 30
0.0
 10
253.330314944927
 20
-549.532751508082
 30
0.0
 10
253.6307539877771
 20
-550.1093101195817
 30
0.0
 10
253.9311930306272
 20
-550.6858687310788
 30
0.0
 10
253.9891856229582
 20
-551.3447394091092
 30
0.0
 10
253.7938815378175
 20
-551.9650730741737
 30
0.0
 10
253.5985774526769
 20
-552.5850325934775
 30
0.0
 10
253.173360799876
 20
-553.0920000941777
 30
0.0
 10
252.5968021883789
 20
-553.3924391370297
 30
0.0
 10
252.2445439581872
 20
-553.5761447037012
 30
0.0
 10
251.8612316301679
 20
-553.6689328514312
 30
0.0
 10
251.4749261360919
 20
-553.6689328514312
 30
0.0
  0
HATCH
  5
274
330
266
100
AcDbEntity
  8
Logo
 62
    30
420
 16225309
440
 33554687
100
AcDbHatch
 10
0.0
 20
0.0
 30
0.0
210
0.0
220
0.0
230
1.0
  2
SOLID
 70
     1
 71
     1
 91
        2
 92
        1
 93
        1
 72
     4
 94
        3
 73
     0
 74
     0
 95
       26
 96
       22
 40
0.0
 40
0.0
 40
0.0
 40
0.0
 40
1.0
 40
1.0
 40
1.0
 40
2.0
 40
2.0
 40
2.0
 40
3.0
 40
3.0
 40
3.0
 40
4.0
 40
4.0
 40
4.0
 40
5.0
 40
5.0
 40
5.0
 40
6.0
 40
6.0
 40
6.0
 40
7.0
 40
7.0
 40
7.0
 40
7.0
 10
250.1712152459149
 20
-550.8239285154006
 10
249.9452312087029
 20
-551.5415400772756
 10
250.3450059500295
 20
-552.3089130248298
 10
251.0624304390276
 20
-552.5348970620443
 10
251.4094506286209
 20
-552.6445217688354
 10
251.7791066365114
 20
-552.6119710879807
 10
252.1025556434158
 20
-552.4436054973425
 10
252.4256305045631
 20
-552.2752399067038
 10
252.6637742788776
 20
-551.9912632771596
 10
252.7732119127917
 20
-551.6436818689298
 10
252.8826495467071
 20
-551.2961004607044
 10
252.8502859387287
 20
-550.9268185985689
 10
252.68192034809
 20
-550.6039308103011
 10
252.5135547574519
 20
-550.2806688762762
 10
252.2293910550301
 20
-550.042338029081
 10
251.8818096468009
 20
-549.9330874680469
 10
251.1640110120465
 20
-549.7059809935612
 10
250.3970122102493
 20
-550.1066910992827
 10
250.1712152459149
 20
-550.8243026611577
 10
250.1712152459149
 20
-550.8243026611577
 10
250.1712152459149
 20
-550.8239285154006
 10
250.1712152459149
 20
-550.8239285154006
 97
        0
 97
        1
330
272
 92
        1
 93
        1
 72
     4
 94
        3
 73
     0
 74
     0
 95
       29
 96
       25
 40
0.0
 40
0.0
 40
0.0
 40
0.0
 40
1.0
 40
1.0
 40
1.0
 40
2.0
 40
2.0
 40
2.0
 40
3.0
 40
3.0
 40
3.0
 40
4.0
 40
4.0
 40
4.0
 40
5.0
 40
5.0
 40
5.0
 40
6.0
 40
6.0
 40
6.0
 40
7.0
 40
7.0
 40
7.0
 40
8.0
 40
8.0
 40
8.0
 40
8.0
 10
251.4749261360919
 20
-553.6689328514312
 10
251.229299446638
 20
-553.6689328514312
 10
250.9821761741571
 20
-553.6315182757359
 10
250.7410392337867
 20
-553.5555666870701
 10
249.4608995262999
 20
-553.152237561053
 10
248.7475906406284
 20
-551.7828640905268
 10
249.1505456208897
 20
-550.5029114559175
 10
249.1505456208897
 20
-550.5029114559175
 10
249.1505456208897
 20
-550.5025373101605
 10
249.1505456208897
 20
-550.5025373101605
 10
249.5538747469075
 20
-549.2225846755513
 10
250.9236223631902
 20
-548.5094628627605
 10
252.2032008520417
 20
-548.9124178430212
 10
252.8233474442261
 20
-549.1077219281593
 10
253.330314944927
 20
-549.532751508082
 10
253.6307539877771
 20
-550.1093101195817
 10
253.9311930306272
 20
-550.6858687310788
 10
253.9891856229582
 20
-551.3447394091092
 10
253.7938815378175
 20
-551.9650730741737
 10
253.5985774526769
 20
-552.5850325934775
 10
253.173360799876
 20
-553.0920000941777
 10
252.5968021883789
 20
-553.3924391370297
 10
252.2445439581872
 20
-553.5761447037012
 10
251.8612316301679
 20
-553.6689328514312
 10
251.4749261360919
 20
-553.6689328514312
 97
        0
 97
        1
330
273
 75
     2
 76
     1
 98
        1
 10
0.0
 20
0.0
450
        0
451
        0
460
0.0
461
0.0
452
        0
462
0.0
453
        0
470

  0
ENDBLK
  5
269
330
266
100
AcDbEntity
  8
0
100
AcDbBlockEnd
  0
BLOCK
  5
26C
330
26A
100
AcDbEntity
  8
0
100
AcDbBlockBegin
  2
Block_49
 70
     0
 10
0.0
 20
0.0
 30
0.0
  3
Block_49
  1

  0
SPLINE
  5
26E
330
26A
100
AcDbEntity
  8
Logo
100
AcDbSpline
210
0.0
220
0.0
230
1.0
 70
     9
 71
     3
 72
    29
 73
    25
 74
     0
 42
0.0000000001
 43
0.0000000001
 40
0.0
 40
0.0
 40
0.0
 40
0.0
 40
1.0
 40
1.0
 40
1.0
 40
2.0
 40
2.0
 40
2.0
 40
3.0
 40
3.0
 40
3.0
 40
4.0
 40
4.0
 40
4.0
 40
5.0
 40
5.0
 40
5.0
 40
6.0
 40
6.0
 40
6.0
 40
7.0
 40
7.0
 40
7.0
 40
8.0
 40
8.0
 40
8.0
 40
8.0
 10
237.9445082106621
 20
-547.1041547343518
 30
0.0
 10
236.8174021589691
 20
-544.9408500880821
 30
0.0
 10
236.598703191196
 20
-542.468132803544
 30
0.0
 10
237.3286543289801
 20
-540.1420473955994
 30
0.0
 10
237.4302415821015
 20
-539.8188113116939
 30
0.0
 10
237.2500846200697
 20
-539.4742156357838
 30
0.0
 10
236.9266332176982
 20
-539.3724130641946
 30
0.0
 10
236.6035693885689
 20
-539.2714287027806
 30
0.0
 10
236.2582416298662
 20
-539.4506167317098
 30
0.0
 10
236.156848163366
 20
-539.7746279620975
 30
0.0
 10
235.3288625271797
 20
-542.4131404668613
 30
0.0
 10
235.5769094021177
 20
-545.217706574018
 30
0.0
 10
236.8553628048471
 20
-547.6713897059982
 30
0.0
 10
238.7023430900299
 20
-551.2163929603202
 30
0.0
 10
242.3231384450275
 20
-553.2495160609404
 30
0.0
 10
246.0655241388076
 20
-553.249128487699
 30
0.0
 10
246.7070009181612
 20
-553.249128487699
 30
0.0
 10
247.3515998152982
 20
-553.1851789027554
 30
0.0
 10
247.991655492764
 20
-553.0616722296091
 30
0.0
 10
247.7979765309526
 20
-552.6928747579131
 30
0.0
 10
247.6654480140044
 20
-552.2931575542351
 30
0.0
 10
247.5957494259685
 20
-551.8785403125852
 30
0.0
 10
243.7887251281463
 20
-552.5320749261371
 30
0.0
 10
239.8245829443501
 20
-550.7126769366838
 30
0.0
 10
237.9445082106621
 20
-547.1041547343518
 30
0.0
  0
HATCH
  5
26F
330
26A
100
AcDbEntity
  8
Logo
 62
    30
420
 16225309
440
 33554687
100
AcDbHatch
 10
0.0
 20
0.0
 30
0.0
210
0.0
220
0.0
230
1.0
  2
SOLID
 70
     1
 71
     1
 91
        1
 92
        1
 93
        1
 72
     4
 94
        3
 73
     0
 74
     0
 95
       29
 96
       25
 40
0.0
 40
0.0
 40
0.0
 40
0.0
 40
1.0
 40
1.0
 40
1.0
 40
2.0
 40
2.0
 40
2.0
 40
3.0
 40
3.0
 40
3.0
 40
4.0
 40
4.0
 40
4.0
 40
5.0
 40
5.0
 40
5.0
 40
6.0
 40
6.0
 40
6.0
 40
7.0
 40
7.0
 40
7.0
 40
8.0
 40
8.0
 40
8.0
 40
8.0
 10
237.9445082106621
 20
-547.1041547343518
 10
236.8174021589691
 20
-544.9408500880821
 10
236.598703191196
 20
-542.468132803544
 10
237.3286543289801
 20
-540.1420473955994
 10
237.4302415821015
 20
-539.8188113116939
 10
237.2500846200697
 20
-539.4742156357838
 10
236.9266332176982
 20
-539.3724130641946
 10
236.6035693885689
 20
-539.2714287027806
 10
236.2582416298662
 20
-539.4506167317098
 10
236.156848163366
 20
-539.7746279620975
 10
235.3288625271797
 20
-542.4131404668613
 10
235.5769094021177
 20
-545.217706574018
 10
236.8553628048471
 20
-547.6713897059982
 10
238.7023430900299
 20
-551.2163929603202
 10
242.3231384450275
 20
-553.2495160609404
 10
246.0655241388076
 20
-553.249128487699
 10
246.7070009181612
 20
-553.249128487699
 10
247.3515998152982
 20
-553.1851789027554
 10
247.991655492764
 20
-553.0616722296091
 10
247.7979765309526
 20
-552.6928747579131
 10
247.6654480140044
 20
-552.2931575542351
 10
247.5957494259685
 20
-551.8785403125852
 10
243.7887251281463
 20
-552.5320749261371
 10
239.8245829443501
 20
-550.7126769366838
 10
237.9445082106621
 20
-547.1041547343518
 97
        0
 97
        1
330
26E
 75
     2
 76
     1
 98
        1
 10
0.0
 20
0.0
450
        0
451
        0
460
0.0
461
0.0
452
        0
462
0.0
453
        0
470

  0
SPLINE
  5
270
330
26A
100
AcDbEntity
  8
Logo
100
AcDbSpline
210
0.0
220
0.0
230
1.0
 70
     9
 71
     3
 72
    26
 73
    22
 74
     0
 42
0.0000000001
 43
0.0000000001
 40
0.0
 40
0.0
 40
0.0
 40
0.0
 40
1.0
 40
1.0
 40
1.0
 40
2.0
 40
2.0
 40
2.0
 40
3.0
 40
3.0
 40
3.0
 40
4.0
 40
4.0
 40
4.0
 40
5.0
 40
5.0
 40
5.0
 40
6.0
 40
6.0
 40
6.0
 40
7.0
 40
7.0
 40
7.0
 40
7.0
 10
254.5491363667757
 20
-548.7824329999913
 30
0.0
 10
256.6599894342818
 20
-545.7218962982843
 30
0.0
 10
257.0604602525953
 20
-541.6237829638054
 30
0.0
 10
255.2248057188204
 20
-538.1007421931999
 30
0.0
 10
252.5835156058196
 20
-533.0310258044952
 30
0.0
 10
246.3148844563994
 20
-531.0537132507361
 30
0.0
 10
241.249905073985
 20
-533.6929147745969
 30
0.0
 10
240.9492774292035
 20
-533.8493221096273
 30
0.0
 10
240.8323595011728
 20
-534.2201005112293
 30
0.0
 10
240.9891113457516
 20
-534.5209004107838
 30
0.0
 10
241.1460785087983
 20
-534.8220878835806
 30
0.0
 10
241.5164693371563
 20
-534.9399532128721
 30
0.0
 10
241.81748455518
 20
-534.781651075325
 30
0.0
 10
246.2817900078942
 20
-532.455953240618
 30
0.0
 10
251.8073571248396
 20
-534.1995160657029
 30
0.0
 10
254.1356603130054
 20
-538.6679341011533
 30
0.0
 10
255.7266915354809
 20
-541.7216667392787
 30
0.0
 10
255.4120897221372
 20
-545.2652919554068
 30
0.0
 10
253.6326548403121
 20
-547.9479016823823
 30
0.0
 10
253.9801357836931
 20
-548.1755794302645
 30
0.0
 10
254.289656081196
 20
-548.4554073110558
 30
0.0
 10
254.5491363667757
 20
-548.7824329999913
 30
0.0
  0
HATCH
  5
271
330
26A
100
AcDbEntity
  8
Logo
 62
    30
420
 16225309
440
 33554687
100
AcDbHatch
 10
0.0
 20
0.0
 30
0.0
210
0.0
220
0.0
230
1.0
  2
SOLID
 70
     1
 71
     1
 91
        1
 92
        1
 93
        1
 72
     4
 94
        3
 73
     0
 74
     0
 95
       26
 96
       22
 40
0.0
 40
0.0
 40
0.0
 40
0.0
 40
1.0
 40
1.0
 40
1.0
 40
2.0
 40
2.0
 40
2.0
 40
3.0
 40
3.0
 40
3.0
 40
4.0
 40
4.0
 40
4.0
 40
5.0
 40
5.0
 40
5.0
 40
6.0
 40
6.0
 40
6.0
 40
7.0
 40
7.0
 40
7.0
 40
7.0
 10
254.5491363667757
 20
-548.7824329999913
 10
256.6599894342818
 20
-545.7218962982843
 10
257.0604602525953
 20
-541.6237829638054
 10
255.2248057188204
 20
-538.1007421931999
 10
252.5835156058196
 20
-533.0310258044952
 10
246.3148844563994
 20
-531.0537132507361
 10
241.249905073985
 20
-533.6929147745969
 10
240.9492774292035
 20
-533.8493221096273
 10
240.8323595011728
 20
-534.2201005112293
 10
240.9891113457516
 20
-534.5209004107838
 10
241.1460785087983
 20
-534.8220878835806
 10
241.5164693371563
 20
-534.9399532128721
 10
241.81748455518
 20
-534.781651075325
 10
246.2817900078942
 20
-532.455953240618
 10
251.8073571248396
 20
-534.1995160657029
 10
254.1356603130054
 20
-538.6679341011533
 10
255.7266915354809
 20
-541.7216667392787
 10
255.4120897221372
 20
-545.2652919554068
 10
253.6326548403121
 20
-547.9479016823823
 10
253.9801357836931
 20
-548.1755794302645
 10
254.289656081196
 20
-548.4554073110558
 10
254.5491363667757
 20
-548.7824329999913
 97
        0
 97
        1
330
270
 75
     2
 76
     1
 98
        1
 10
0.0
 20
0.0
450
        0
451
        0
460
0.0
461
0.0
452
        0
462
0.0
453
        0
470

  0
ENDBLK
  5
26D
330
26A
100
AcDbEntity
  8
0
100
AcDbBlockEnd
  0
BLOCK
  5
277
330
275
100
AcDbEntity
  8
0
100
AcDbBlockBegin
  2
Block_50
 70
     0
 10
0.0
 20
0.0
 30
0.0
  3
Block_50
  1

  0
LWPOLYLINE
  5
279
330
275
100
AcDbEntity
  8
Logo
100
AcDbPolyline
 90
        3
 70
     1
 43
0.0
 10
248.1215571244047
 20
-546.1918503861648
 10
249.657294564342
 20
-548.7183542239656
 10
248.1215571244047
 20
-546.1918503861648
  0
LWPOLYLINE
  5
27A
330
275
100
AcDbEntity
  8
Logo
100
AcDbPolyline
 90
        3
 70
     1
 43
0.0
 10
244.0638590663371
 20
-539.5164180554781
 10
242.5295857919811
 20
-536.9923257845137
 10
244.0638590663371
 20
-539.5164180554781
  0
SPLINE
  5
27B
330
275
100
AcDbEntity
  8
Logo
100
AcDbSpline
210
0.0
220
0.0
230
1.0
 70
     9
 71
     3
 72
    20
 73
    16
 74
     0
 42
0.0000000001
 43
0.0000000001
 40
0.0
 40
0.0
 40
0.0
 40
0.0
 40
1.0
 40
1.0
 40
1.0
 40
2.0
 40
2.0
 40
2.0
 40
3.0
 40
3.0
 40
3.0
 40
4.0
 40
4.0
 40
4.0
 40
5.0
 40
5.0
 40
5.0
 40
5.0
 10
244.9205466542848
 20
-546.6321335891797
 30
0.0
 10
244.9205466542848
 20
-546.6321335891797
 30
0.0
 10
244.2918382600736
 20
-549.5215782363516
 30
0.0
 10
244.2918382600736
 20
-549.5215782363516
 30
0.0
 10
244.5661539880866
 20
-549.593451540912
 30
0.0
 10
244.8470153975216
 20
-549.651199953986
 30
0.0
 10
245.1353914214838
 20
-549.6895266412575
 30
0.0
 10
246.7742233438171
 20
-549.9074289306996
 30
0.0
 10
248.3545747702883
 20
-549.5275210260656
 30
0.0
 10
249.657294564342
 20
-548.7183542239656
 30
0.0
 10
249.657294564342
 20
-548.7183542239656
 30
0.0
 10
248.1215571244047
 20
-546.1918503861648
 30
0.0
 10
248.1215571244047
 20
-546.1918503861648
 30
0.0
 10
247.1340635672515
 20
-546.8143791403494
 30
0.0
 10
245.9676834270265
 20
-546.9443453675292
 30
0.0
 10
244.9205466542848
 20
-546.6321335891797
 30
0.0
  0
HATCH
  5
27C
330
275
100
AcDbEntity
  8
Logo
 62
    41
420
 16767650
440
 33554687
100
AcDbHatch
 10
0.0
 20
0.0
 30
0.0
210
0.0
220
0.0
230
1.0
  2
SOLID
 70
     1
 71
     1
 91
        1
 92
        1
 93
        1
 72
     4
 94
        3
 73
     0
 74
     0
 95
       20
 96
       16
 40
0.0
 40
0.0
 40
0.0
 40
0.0
 40
1.0
 40
1.0
 40
1.0
 40
2.0
 40
2.0
 40
2.0
 40
3.0
 40
3.0
 40
3.0
 40
4.0
 40
4.0
 40
4.0
 40
5.0
 40
5.0
 40
5.0
 40
5.0
 10
244.9205466542848
 20
-546.6321335891797
 10
244.9205466542848
 20
-546.6321335891797
 10
244.2918382600736
 20
-549.5215782363516
 10
244.2918382600736
 20
-549.5215782363516
 10
244.5661539880866
 20
-549.593451540912
 10
244.8470153975216
 20
-549.651199953986
 10
245.1353914214838
 20
-549.6895266412575
 10
246.7742233438171
 20
-549.9074289306996
 10
248.3545747702883
 20
-549.5275210260656
 10
249.657294564342
 20
-548.7183542239656
 10
249.657294564342
 20
-548.7183542239656
 10
248.1215571244047
 20
-546.1918503861648
 10
248.1215571244047
 20
-546.1918503861648
 10
247.1340635672515
 20
-546.8143791403494
 10
245.9676834270265
 20
-546.9443453675292
 10
244.9205466542848
 20
-546.6321335891797
 97
        0
 97
        1
330
27B
 75
     2
 76
     1
 98
        1
 10
0.0
 20
0.0
450
        0
451
        0
460
0.0
461
0.0
452
        0
462
0.0
453
        0
470

  0
SPLINE
  5
27D
330
275
100
AcDbEntity
  8
Logo
100
AcDbSpline
210
0.0
220
0.0
230
1.0
 70
     9
 71
     3
 72
    26
 73
    22
 74
     0
 42
0.0000000001
 43
0.0000000001
 40
0.0
 40
0.0
 40
0.0
 40
0.0
 40
1.0
 40
1.0
 40
1.0
 40
2.0
 40
2.0
 40
2.0
 40
3.0
 40
3.0
 40
3.0
 40
4.0
 40
4.0
 40
4.0
 40
5.0
 40
5.0
 40
5.0
 40
6.0
 40
6.0
 40
6.0
 40
7.0
 40
7.0
 40
7.0
 40
7.0
 10
242.816799096217
 20
-545.1017791109394
 30
0.0
 10
241.593424157558
 20
-543.321784401096
 30
0.0
 10
242.0446670705854
 20
-540.8869631668957
 30
0.0
 10
243.8247263759672
 20
-539.6636097600834
 30
0.0
 10
243.9027577887081
 20
-539.6099523979025
 30
0.0
 10
243.9834806822969
 20
-539.5636158636261
 30
0.0
 10
244.0638590663371
 20
-539.5164180554781
 30
0.0
 10
244.0638590663371
 20
-539.5164180554781
 30
0.0
 10
242.5295857919811
 20
-536.9923257845137
 30
0.0
 10
242.5295857919811
 20
-536.9923257845137
 30
0.0
 10
240.790996823503
 20
-538.0291703344957
 30
0.0
 10
239.524795041593
 20
-539.8201893498881
 30
0.0
 10
239.2372802915021
 20
-541.9825896585941
 30
0.0
 10
238.7761327289546
 20
-545.451154856836
 30
0.0
 10
240.9925133775433
 20
-548.6565147600053
 30
0.0
 10
244.2918382600736
 20
-549.5215782363516
 30
0.0
 10
244.2918382600736
 20
-549.5215782363516
 30
0.0
 10
244.9205466542848
 20
-546.6321335891797
 30
0.0
 10
244.9205466542848
 20
-546.6321335891797
 30
0.0
 10
244.0943266295348
 20
-546.3857661982919
 30
0.0
 10
243.3431666226697
 20
-545.8676669010027
 30
0.0
 10
242.816799096217
 20
-545.1017791109394
 30
0.0
  0
HATCH
  5
27E
330
275
100
AcDbEntity
  8
Logo
 62
    30
420
 16225309
440
 33554687
100
AcDbHatch
 10
0.0
 20
0.0
 30
0.0
210
0.0
220
0.0
230
1.0
  2
SOLID
 70
     1
 71
     1
 91
        1
 92
        1
 93
        1
 72
     4
 94
        3
 73
     0
 74
     0
 95
       26
 96
       22
 40
0.0
 40
0.0
 40
0.0
 40
0.0
 40
1.0
 40
1.0
 40
1.0
 40
2.0
 40
2.0
 40
2.0
 40
3.0
 40
3.0
 40
3.0
 40
4.0
 40
4.0
 40
4.0
 40
5.0
 40
5.0
 40
5.0
 40
6.0
 40
6.0
 40
6.0
 40
7.0
 40
7.0
 40
7.0
 40
7.0
 10
242.816799096217
 20
-545.1017791109394
 10
241.593424157558
 20
-543.321784401096
 10
242.0446670705854
 20
-540.8869631668957
 10
243.8247263759672
 20
-539.6636097600834
 10
243.9027577887081
 20
-539.6099523979025
 10
243.9834806822969
 20
-539.5636158636261
 10
244.0638590663371
 20
-539.5164180554781
 10
244.0638590663371
 20
-539.5164180554781
 10
242.5295857919811
 20
-536.9923257845137
 10
242.5295857919811
 20
-536.9923257845137
 10
240.790996823503
 20
-538.0291703344957
 10
239.524795041593
 20
-539.8201893498881
 10
239.2372802915021
 20
-541.9825896585941
 10
238.7761327289546
 20
-545.451154856836
 10
240.9925133775433
 20
-548.6565147600053
 10
244.2918382600736
 20
-549.5215782363516
 10
244.2918382600736
 20
-549.5215782363516
 10
244.9205466542848
 20
-546.6321335891797
 10
244.9205466542848
 20
-546.6321335891797
 10
244.0943266295348
 20
-546.3857661982919
 10
243.3431666226697
 20
-545.8676669010027
 10
242.816799096217
 20
-545.1017791109394
 97
        0
 97
        1
330
27D
 75
     2
 76
     1
 98
        1
 10
0.0
 20
0.0
450
        0
451
        0
460
0.0
461
0.0
452
        0
462
0.0
453
        0
470

  0
SPLINE
  5
27F
330
275
100
AcDbEntity
  8
Logo
100
AcDbSpline
210
0.0
220
0.0
230
1.0
 70
     9
 71
     3
 72
    29
 73
    25
 74
     0
 42
0.0000000001
 43
0.0000000001
 40
0.0
 40
0.0
 40
0.0
 40
0.0
 40
1.0
 40
1.0
 40
1.0
 40
2.0
 40
2.0
 40
2.0
 40
3.0
 40
3.0
 40
3.0
 40
4.0
 40
4.0
 40
4.0
 40
5.0
 40
5.0
 40
5.0
 40
6.0
 40
6.0
 40
6.0
 40
7.0
 40
7.0
 40
7.0
 40
8.0
 40
8.0
 40
8.0
 40
8.0
 10
246.9441957423206
 20
-536.0845000604574
 30
0.0
 10
245.3497409562066
 20
-535.8725405607294
 30
0.0
 10
243.8114842901958
 20
-536.2278160326438
 30
0.0
 10
242.5295857919811
 20
-536.9923257845137
 30
0.0
 10
242.5295857919811
 20
-536.9923257845137
 30
0.0
 10
244.0638590663371
 20
-539.5164180554781
 30
0.0
 10
244.0638590663371
 20
-539.5164180554781
 30
0.0
 10
245.8173265409421
 20
-538.4864206327736
 30
0.0
 10
248.0931566184982
 20
-538.9695091471947
 30
0.0
 10
249.262917258668
 20
-540.6715155079862
 30
0.0
 10
250.4863137291738
 20
-542.4515532815219
 30
0.0
 10
250.0350492842996
 20
-544.8863314520293
 30
0.0
 10
248.2550115107646
 20
-546.1097279225344
 30
0.0
 10
248.2114741165697
 20
-546.1396141258709
 30
0.0
 10
248.165848133237
 20
-546.1639020490419
 30
0.0
 10
248.1215571244047
 20
-546.1918503861648
 30
0.0
 10
248.1215571244047
 20
-546.1918503861648
 30
0.0
 10
249.657294564342
 20
-548.7183542239656
 30
0.0
 10
249.657294564342
 20
-548.7183542239656
 30
0.0
 10
251.3409342598304
 20
-547.6725093620329
 30
0.0
 10
252.5606918482298
 20
-545.9095248111484
 30
0.0
 10
252.8423068723022
 20
-543.7914370431245
 30
0.0
 10
253.3417811221231
 20
-540.0344742890706
 30
0.0
 10
250.7011154326791
 20
-536.5839958421258
 30
0.0
 10
246.9441957423206
 20
-536.0845000604574
 30
0.0
  0
HATCH
  5
280
330
275
100
AcDbEntity
  8
Logo
 62
    31
420
 16562787
440
 33554687
100
AcDbHatch
 10
0.0
 20
0.0
 30
0.0
210
0.0
220
0.0
230
1.0
  2
SOLID
 70
     1
 71
     1
 91
        1
 92
        1
 93
        1
 72
     4
 94
        3
 73
     0
 74
     0
 95
       29
 96
       25
 40
0.0
 40
0.0
 40
0.0
 40
0.0
 40
1.0
 40
1.0
 40
1.0
 40
2.0
 40
2.0
 40
2.0
 40
3.0
 40
3.0
 40
3.0
 40
4.0
 40
4.0
 40
4.0
 40
5.0
 40
5.0
 40
5.0
 40
6.0
 40
6.0
 40
6.0
 40
7.0
 40
7.0
 40
7.0
 40
8.0
 40
8.0
 40
8.0
 40
8.0
 10
246.9441957423206
 20
-536.0845000604574
 10
245.3497409562066
 20
-535.8725405607294
 10
243.8114842901958
 20
-536.2278160326438
 10
242.5295857919811
 20
-536.9923257845137
 10
242.5295857919811
 20
-536.9923257845137
 10
244.0638590663371
 20
-539.5164180554781
 10
244.0638590663371
 20
-539.5164180554781
 10
245.8173265409421
 20
-538.4864206327736
 10
248.0931566184982
 20
-538.9695091471947
 10
249.262917258668
 20
-540.6715155079862
 10
250.4863137291738
 20
-542.4515532815219
 10
250.0350492842996
 20
-544.8863314520293
 10
248.2550115107646
 20
-546.1097279225344
 10
248.2114741165697
 20
-546.1396141258709
 10
248.165848133237
 20
-546.1639020490419
 10
248.1215571244047
 20
-546.1918503861648
 10
248.1215571244047
 20
-546.1918503861648
 10
249.657294564342
 20
-548.7183542239656
 10
249.657294564342
 20
-548.7183542239656
 10
251.3409342598304
 20
-547.6725093620329
 10
252.5606918482298
 20
-545.9095248111484
 10
252.8423068723022
 20
-543.7914370431245
 10
253.3417811221231
 20
-540.0344742890706
 10
250.7011154326791
 20
-536.5839958421258
 10
246.9441957423206
 20
-536.0845000604574
 97
        0
 97
        1
330
27F
 75
     2
 76
     1
 98
        1
 10
0.0
 20
0.0
450
        0
451
        0
460
0.0
461
0.0
452
        0
462
0.0
453
        0
470

  0
LWPOLYLINE
  5
281
330
275
100
AcDbEntity
  8
Logo
100
AcDbPolyline
 90
        3
 70
     1
 43
0.0
 10
245.8348749960701
 20
-542.4299353073538
 10
245.8348319323766
 20
-542.4298922436577
 10
245.8348749960701
 20
-542.4299353073538
  0
ENDBLK
  5
278
330
275
100
AcDbEntity
  8
0
100
AcDbBlockEnd
  0
ENDSEC
  0
SECTION
  2
ENTITIES
  0
INSERT
  5
7A
330
70
100
AcDbEntity
  8
Guides
100
AcDbBlockReference
  2
Block_0
 10
0.0
 20
0.0
 30
0.0
  0
INSERT
  5
AB
330
70
100
AcDbEntity
  8
Guides
100
AcDbBlockReference
  2
Block_5
 10
0.0
 20
0.0
 30
0.0
  0
INSERT
  5
DC
330
70
100
AcDbEntity
  8
Guides
100
AcDbBlockReference
  2
Block_10
 10
0.0
 20
0.0
 30
0.0
  0
INSERT
  5
10D
330
70
100
AcDbEntity
  8
Guides
100
AcDbBlockReference
  2
Block_15
 10
0.0
 20
0.0
 30
0.0
  0
INSERT
  5
13E
330
70
100
AcDbEntity
  8
Guides
100
AcDbBlockReference
  2
Block_20
 10
0.0
 20
0.0
 30
0.0
  0
INSERT
  5
16F
330
70
100
AcDbEntity
  8
Guides
100
AcDbBlockReference
  2
Block_25
 10
0.0
 20
0.0
 30
0.0
  0
INSERT
  5
1A0
330
70
100
AcDbEntity
  8
Guides
100
AcDbBlockReference
  2
Block_30
 10
0.0
 20
0.0
 30
0.0
  0
INSERT
  5
1D1
330
70
100
AcDbEntity
  8
Guides
100
AcDbBlockReference
  2
Block_35
 10
0.0
 20
0.0
 30
0.0
  0
SPLINE
  5
202
330
70
100
AcDbEntity
  8
Logo
100
AcDbSpline
210
0.0
220
0.0
230
1.0
 70
     9
 71
     3
 72
    26
 73
    22
 74
     0
 42
0.0000000001
 43
0.0000000001
 40
0.0
 40
0.0
 40
0.0
 40
0.0
 40
1.0
 40
1.0
 40
1.0
 40
2.0
 40
2.0
 40
2.0
 40
3.0
 40
3.0
 40
3.0
 40
4.0
 40
4.0
 40
4.0
 40
5.0
 40
5.0
 40
5.0
 40
6.0
 40
6.0
 40
6.0
 40
7.0
 40
7.0
 40
7.0
 40
7.0
 10
512.4855572584914
 20
-546.1097322582228
 30
0.0
 10
512.4420198642959
 20
-546.1396184615554
 30
0.0
 10
512.3963938809644
 20
-546.1639063847264
 30
0.0
 10
512.3521028721309
 20
-546.1918547218498
 30
0.0
 10
511.3646093149763
 20
-546.8143834760345
 30
0.0
 10
510.1982291747527
 20
-546.9443497032168
 30
0.0
 10
509.151092402011
 20
-546.6321379248647
 30
0.0
 10
508.3248723772629
 20
-546.3857705339765
 30
0.0
 10
507.5737123703965
 20
-545.8676712366878
 30
0.0
 10
507.0473448439432
 20
-545.1017834466239
 30
0.0
 10
505.823969905283
 20
-543.3217887367844
 30
0.0
 10
506.2752128183135
 20
-540.886967502584
 30
0.0
 10
508.0552721236934
 20
-539.6636140957717
 30
0.0
 10
508.1333035364343
 20
-539.6099567335871
 30
0.0
 10
508.214026430023
 20
-539.5636201993105
 30
0.0
 10
508.2944048140626
 20
-539.5164223911625
 30
0.0
 10
510.0478722886696
 20
-538.4864249684619
 30
0.0
 10
512.3237023662256
 20
-538.9695134828791
 30
0.0
 10
513.4934630063942
 20
-540.6715198436739
 30
0.0
 10
514.7168594768986
 20
-542.4515576172102
 30
0.0
 10
514.2655950320277
 20
-544.8863357877144
 30
0.0
 10
512.4855572584914
 20
-546.1097322582228
 30
0.0
  0
SPLINE
  5
203
330
70
100
AcDbEntity
  8
Logo
100
AcDbSpline
210
0.0
220
0.0
230
1.0
 70
     9
 71
     3
 72
    26
 73
    22
 74
     0
 42
0.0000000001
 43
0.0000000001
 40
0.0
 40
0.0
 40
0.0
 40
0.0
 40
1.0
 40
1.0
 40
1.0
 40
2.0
 40
2.0
 40
2.0
 40
3.0
 40
3.0
 40
3.0
 40
4.0
 40
4.0
 40
4.0
 40
5.0
 40
5.0
 40
5.0
 40
6.0
 40
6.0
 40
6.0
 40
7.0
 40
7.0
 40
7.0
 40
7.0
 10
511.1747414900468
 20
-536.0845043961457
 30
0.0
 10
509.5802867039322
 20
-535.8725448964138
 30
0.0
 10
508.0420300379238
 20
-536.2278203683321
 30
0.0
 10
506.7601315397066
 20
-536.9923301202013
 30
0.0
 10
505.0215425712311
 20
-538.0291746701803
 30
0.0
 10
503.7553407893198
 20
-539.8201936855764
 30
0.0
 10
503.4678260392276
 20
-541.9825939942787
 30
0.0
 10
503.0066784766827
 20
-545.4511591925211
 30
0.0
 10
505.2230591252695
 20
-548.6565190956937
 30
0.0
 10
508.5223840078009
 20
-549.5215825720399
 30
0.0
 10
508.7966997358121
 20
-549.5934558765997
 30
0.0
 10
509.077561145249
 20
-549.6512042896705
 30
0.0
 10
509.3659371692086
 20
-549.6895309769459
 30
0.0
 10
511.004769091542
 20
-549.9074332663878
 30
0.0
 10
512.5851205180151
 20
-549.5275253617501
 30
0.0
 10
513.8878403120701
 20
-548.718358559654
 30
0.0
 10
515.5714800075559
 20
-547.6725136977173
 30
0.0
 10
516.7912375959566
 20
-545.9095291468336
 30
0.0
 10
517.0728526200277
 20
-543.7914413788091
 30
0.0
 10
517.5723268698479
 20
-540.034478624759
 30
0.0
 10
514.931661180404
 20
-536.5840001778108
 30
0.0
 10
511.1747414900468
 20
-536.0845043961457
 30
0.0
  0
HATCH
  5
204
330
70
100
AcDbEntity
  8
Logo
 62
    31
420
 16562787
440
 33554687
100
AcDbHatch
 10
0.0
 20
0.0
 30
0.0
210
0.0
220
0.0
230
1.0
  2
SOLID
 70
     1
 71
     1
 91
        2
 92
        1
 93
        1
 72
     4
 94
        3
 73
     0
 74
     0
 95
       26
 96
       22
 40
0.0
 40
0.0
 40
0.0
 40
0.0
 40
1.0
 40
1.0
 40
1.0
 40
2.0
 40
2.0
 40
2.0
 40
3.0
 40
3.0
 40
3.0
 40
4.0
 40
4.0
 40
4.0
 40
5.0
 40
5.0
 40
5.0
 40
6.0
 40
6.0
 40
6.0
 40
7.0
 40
7.0
 40
7.0
 40
7.0
 10
512.4855572584914
 20
-546.1097322582228
 10
512.4420198642959
 20
-546.1396184615554
 10
512.3963938809644
 20
-546.1639063847264
 10
512.3521028721309
 20
-546.1918547218498
 10
511.3646093149763
 20
-546.8143834760345
 10
510.1982291747527
 20
-546.9443497032168
 10
509.151092402011
 20
-546.6321379248647
 10
508.3248723772629
 20
-546.3857705339765
 10
507.5737123703965
 20
-545.8676712366878
 10
507.0473448439432
 20
-545.1017834466239
 10
505.823969905283
 20
-543.3217887367844
 10
506.2752128183135
 20
-540.886967502584
 10
508.0552721236934
 20
-539.6636140957717
 10
508.1333035364343
 20
-539.6099567335871
 10
508.214026430023
 20
-539.5636201993105
 10
508.2944048140626
 20
-539.5164223911625
 10
510.0478722886696
 20
-538.4864249684619
 10
512.3237023662256
 20
-538.9695134828791
 10
513.4934630063942
 20
-540.6715198436739
 10
514.7168594768986
 20
-542.4515576172102
 10
514.2655950320277
 20
-544.8863357877144
 10
512.4855572584914
 20
-546.1097322582228
 97
        0
 97
        1
330
202
 92
        1
 93
        1
 72
     4
 94
        3
 73
     0
 74
     0
 95
       26
 96
       22
 40
0.0
 40
0.0
 40
0.0
 40
0.0
 40
1.0
 40
1.0
 40
1.0
 40
2.0
 40
2.0
 40
2.0
 40
3.0
 40
3.0
 40
3.0
 40
4.0
 40
4.0
 40
4.0
 40
5.0
 40
5.0
 40
5.0
 40
6.0
 40
6.0
 40
6.0
 40
7.0
 40
7.0
 40
7.0
 40
7.0
 10
511.1747414900468
 20
-536.0845043961457
 10
509.5802867039322
 20
-535.8725448964138
 10
508.0420300379238
 20
-536.2278203683321
 10
506.7601315397066
 20
-536.9923301202013
 10
505.0215425712311
 20
-538.0291746701803
 10
503.7553407893198
 20
-539.8201936855764
 10
503.4678260392276
 20
-541.9825939942787
 10
503.0066784766827
 20
-545.4511591925211
 10
505.2230591252695
 20
-548.6565190956937
 10
508.5223840078009
 20
-549.5215825720399
 10
508.7966997358121
 20
-549.5934558765997
 10
509.077561145249
 20
-549.6512042896705
 10
509.3659371692086
 20
-549.6895309769459
 10
511.004769091542
 20
-549.9074332663878
 10
512.5851205180151
 20
-549.5275253617501
 10
513.8878403120701
 20
-548.718358559654
 10
515.5714800075559
 20
-547.6725136977173
 10
516.7912375959566
 20
-545.9095291468336
 10
517.0728526200277
 20
-543.7914413788091
 10
517.5723268698479
 20
-540.034478624759
 10
514.931661180404
 20
-536.5840001778108
 10
511.1747414900468
 20
-536.0845043961457
 97
        0
 97
        1
330
203
 75
     2
 76
     1
 98
        1
 10
0.0
 20
0.0
450
        0
451
        0
460
0.0
461
0.0
452
        0
462
0.0
453
        0
470

  0
INSERT
  5
206
330
70
100
AcDbEntity
  8
Logo
100
AcDbBlockReference
  2
Block_40
 10
0.0
 20
0.0
 30
0.0
  0
SPLINE
  5
242
330
70
100
AcDbEntity
  8
Logo
100
AcDbSpline
210
0.0
220
0.0
230
1.0
 70
    11
 71
     3
 72
    17
 73
    13
 74
     0
 42
0.0000000001
 43
0.0000000001
 40
0.0
 40
0.0
 40
0.0
 40
0.0
 40
1.0
 40
1.0
 40
1.0
 40
2.0
 40
2.0
 40
2.0
 40
3.0
 40
3.0
 40
3.0
 40
4.0
 40
4.0
 40
4.0
 40
4.0
 10
346.2951150260599
 20
-556.0257760754203
 30
0.0
 10
346.2951150260599
 20
-556.0257760754203
 30
0.0
 10
346.2951150260599
 20
-595.2383691949403
 30
0.0
 10
346.2951150260599
 20
-595.2383691949403
 30
0.0
 10
346.2951150260599
 20
-595.2383691949403
 30
0.0
 10
339.1791759774699
 20
-595.2383691949403
 30
0.0
 10
339.1791759774699
 20
-595.2383691949403
 30
0.0
 10
339.1791759774699
 20
-595.2383691949403
 30
0.0
 10
339.1791759774699
 20
-556.0257760754203
 30
0.0
 10
339.1791759774699
 20
-556.0257760754203
 30
0.0
 10
339.1791759774699
 20
-556.0257760754203
 30
0.0
 10
346.2951150260599
 20
-556.0257760754203
 30
0.0
 10
346.2951150260599
 20
-556.0257760754203
 30
0.0
  0
HATCH
  5
243
330
70
100
AcDbEntity
  8
Logo
 62
   158
420
    10049
440
 33554687
100
AcDbHatch
 10
0.0
 20
0.0
 30
0.0
210
0.0
220
0.0
230
1.0
  2
SOLID
 70
     1
 71
     1
 91
        1
 92
        1
 93
        1
 72
     4
 94
        3
 73
     0
 74
     0
 95
       17
 96
       13
 40
0.0
 40
0.0
 40
0.0
 40
0.0
 40
1.0
 40
1.0
 40
1.0
 40
2.0
 40
2.0
 40
2.0
 40
3.0
 40
3.0
 40
3.0
 40
4.0
 40
4.0
 40
4.0
 40
4.0
 10
346.2951150260599
 20
-556.0257760754203
 10
346.2951150260599
 20
-556.0257760754203
 10
346.2951150260599
 20
-595.2383691949403
 10
346.2951150260599
 20
-595.2383691949403
 10
346.2951150260599
 20
-595.2383691949403
 10
339.1791759774699
 20
-595.2383691949403
 10
339.1791759774699
 20
-595.2383691949403
 10
339.1791759774699
 20
-595.2383691949403
 10
339.1791759774699
 20
-556.0257760754203
 10
339.1791759774699
 20
-556.0257760754203
 10
339.1791759774699
 20
-556.0257760754203
 10
346.2951150260599
 20
-556.0257760754203
 10
346.2951150260599
 20
-556.0257760754203
 97
        0
 97
        1
330
242
 75
     2
 76
     1
 98
        1
 10
0.0
 20
0.0
450
        0
451
        0
460
0.0
461
0.0
452
        0
462
0.0
453
        0
470

  0
SPLINE
  5
244
330
70
100
AcDbEntity
  8
Logo
100
AcDbSpline
210
0.0
220
0.0
230
1.0
 70
    11
 71
     3
 72
    44
 73
    40
 74
     0
 42
0.0000000001
 43
0.0000000001
 40
0.0
 40
0.0
 40
0.0
 40
0.0
 40
1.0
 40
1.0
 40
1.0
 40
2.0
 40
2.0
 40
2.0
 40
3.0
 40
3.0
 40
3.0
 40
4.0
 40
4.0
 40
4.0
 40
5.0
 40
5.0
 40
5.0
 40
6.0
 40
6.0
 40
6.0
 40
7.0
 40
7.0
 40
7.0
 40
8.0
 40
8.0
 40
8.0
 40
9.0
 40
9.0
 40
9.0
 40
10.0
 40
10.0
 40
10.0
 40
11.0
 40
11.0
 40
11.0
 40
12.0
 40
12.0
 40
12.0
 40
13.0
 40
13.0
 40
13.0
 40
13.0
 10
261.4760466121355
 20
-595.2383691949403
 30
0.0
 10
261.4760466121355
 20
-595.2383691949403
 30
0.0
 10
254.1728352493311
 20
-595.2383691949403
 30
0.0
 10
254.1728352493311
 20
-595.2383691949403
 30
0.0
 10
254.1728352493311
 20
-595.2383691949403
 30
0.0
 10
254.1728352493311
 20
-555.9187412888995
 30
0.0
 10
254.1728352493311
 20
-555.9187412888995
 30
0.0
 10
254.1728352493311
 20
-555.9187412888995
 30
0.0
 10
261.7569550834559
 20
-555.9187412888995
 30
0.0
 10
261.7569550834559
 20
-555.9187412888995
 30
0.0
 10
261.7569550834559
 20
-555.9187412888995
 30
0.0
 10
271.0265257455032
 20
-582.773830623289
 30
0.0
 10
271.0265257455032
 20
-582.773830623289
 30
0.0
 10
271.0265257455032
 20
-582.773830623289
 30
0.0
 10
280.1554377261303
 20
-555.9187412888995
 30
0.0
 10
280.1554377261303
 20
-555.9187412888995
 30
0.0
 10
280.1554377261303
 20
-555.9187412888995
 30
0.0
 10
287.6929439274608
 20
-555.9187412888995
 30
0.0
 10
287.6929439274608
 20
-555.9187412888995
 30
0.0
 10
287.6929439274608
 20
-555.9187412888995
 30
0.0
 10
287.6929439274608
 20
-595.2383691949403
 30
0.0
 10
287.6929439274608
 20
-595.2383691949403
 30
0.0
 10
287.6929439274608
 20
-595.2383691949403
 30
0.0
 10
280.3897325646551
 20
-595.2383691949403
 30
0.0
 10
280.3897325646551
 20
-595.2383691949403
 30
0.0
 10
280.3897325646551
 20
-595.2383691949403
 30
0.0
 10
280.3897325646551
 20
-579.2965303216575
 30
0.0
 10
280.3897325646551
 20
-579.2965303216575
 30
0.0
 10
280.3897325646551
 20
-579.2965303216575
 30
0.0
 10
274.6313133483505
 20
-595.2383691949403
 30
0.0
 10
274.6313133483505
 20
-595.2383691949403
 30
0.0
 10
274.6313133483505
 20
-595.2383691949403
 30
0.0
 10
267.4217381426526
 20
-595.2383691949403
 30
0.0
 10
267.4217381426526
 20
-595.2383691949403
 30
0.0
 10
267.4217381426526
 20
-595.2383691949403
 30
0.0
 10
261.4760466121355
 20
-579.0290456830676
 30
0.0
 10
261.4760466121355
 20
-579.0290456830676
 30
0.0
 10
261.4760466121355
 20
-579.0290456830676
 30
0.0
 10
261.4760466121355
 20
-595.2383691949403
 30
0.0
 10
261.4760466121355
 20
-595.2383691949403
 30
0.0
  0
HATCH
  5
245
330
70
100
AcDbEntity
  8
Logo
 62
   158
420
    10049
440
 33554687
100
AcDbHatch
 10
0.0
 20
0.0
 30
0.0
210
0.0
220
0.0
230
1.0
  2
SOLID
 70
     1
 71
     1
 91
        1
 92
        1
 93
        1
 72
     4
 94
        3
 73
     0
 74
     0
 95
       44
 96
       40
 40
0.0
 40
0.0
 40
0.0
 40
0.0
 40
1.0
 40
1.0
 40
1.0
 40
2.0
 40
2.0
 40
2.0
 40
3.0
 40
3.0
 40
3.0
 40
4.0
 40
4.0
 40
4.0
 40
5.0
 40
5.0
 40
5.0
 40
6.0
 40
6.0
 40
6.0
 40
7.0
 40
7.0
 40
7.0
 40
8.0
 40
8.0
 40
8.0
 40
9.0
 40
9.0
 40
9.0
 40
10.0
 40
10.0
 40
10.0
 40
11.0
 40
11.0
 40
11.0
 40
12.0
 40
12.0
 40
12.0
 40
13.0
 40
13.0
 40
13.0
 40
13.0
 10
261.4760466121355
 20
-595.2383691949403
 10
261.4760466121355
 20
-595.2383691949403
 10
254.1728352493311
 20
-595.2383691949403
 10
254.1728352493311
 20
-595.2383691949403
 10
254.1728352493311
 20
-595.2383691949403
 10
254.1728352493311
 20
-555.9187412888995
 10
254.1728352493311
 20
-555.9187412888995
 10
254.1728352493311
 20
-555.9187412888995
 10
261.7569550834559
 20
-555.9187412888995
 10
261.7569550834559
 20
-555.9187412888995
 10
261.7569550834559
 20
-555.9187412888995
 10
271.0265257455032
 20
-582.773830623289
 10
271.0265257455032
 20
-582.773830623289
 10
271.0265257455032
 20
-582.773830623289
 10
280.1554377261303
 20
-555.9187412888995
 10
280.1554377261303
 20
-555.9187412888995
 10
280.1554377261303
 20
-555.9187412888995
 10
287.6929439274608
 20
-555.9187412888995
 10
287.6929439274608
 20
-555.9187412888995
 10
287.6929439274608
 20
-555.9187412888995
 10
287.6929439274608
 20
-595.2383691949403
 10
287.6929439274608
 20
-595.2383691949403
 10
287.6929439274608
 20
-595.2383691949403
 10
280.3897325646551
 20
-595.2383691949403
 10
280.3897325646551
 20
-595.2383691949403
 10
280.3897325646551
 20
-595.2383691949403
 10
280.3897325646551
 20
-579.2965303216575
 10
280.3897325646551
 20
-579.2965303216575
 10
280.3897325646551
 20
-579.2965303216575
 10
274.6313133483505
 20
-595.2383691949403
 10
274.6313133483505
 20
-595.2383691949403
 10
274.6313133483505
 20
-595.2383691949403
 10
267.4217381426526
 20
-595.2383691949403
 10
267.4217381426526
 20
-595.2383691949403
 10
267.4217381426526
 20
-595.2383691949403
 10
261.4760466121355
 20
-579.0290456830676
 10
261.4760466121355
 20
-579.0290456830676
 10
261.4760466121355
 20
-579.0290456830676
 10
261.4760466121355
 20
-595.2383691949403
 10
261.4760466121355
 20
-595.2383691949403
 97
        0
 97
        1
330
244
 75
     2
 76
     1
 98
        1
 10
0.0
 20
0.0
450
        0
451
        0
460
0.0
461
0.0
452
        0
462
0.0
453
        0
470

  0
SPLINE
  5
246
330
70
100
AcDbEntity
  8
Logo
100
AcDbSpline
210
0.0
220
0.0
230
1.0
 70
    11
 71
     3
 72
    17
 73
    13
 74
     0
 42
0.0000000001
 43
0.0000000001
 40
0.0
 40
0.0
 40
0.0
 40
0.0
 40
1.0
 40
1.0
 40
1.0
 40
2.0
 40
2.0
 40
2.0
 40
3.0
 40
3.0
 40
3.0
 40
4.0
 40
4.0
 40
4.0
 40
4.0
 10
299.5787497509714
 20
-556.0257760754203
 30
0.0
 10
299.5787497509714
 20
-556.0257760754203
 30
0.0
 10
299.5787497509714
 20
-595.2383691949403
 30
0.0
 10
299.5787497509714
 20
-595.2383691949403
 30
0.0
 10
299.5787497509714
 20
-595.2383691949403
 30
0.0
 10
292.4628107023815
 20
-595.2383691949403
 30
0.0
 10
292.4628107023815
 20
-595.2383691949403
 30
0.0
 10
292.4628107023815
 20
-595.2383691949403
 30
0.0
 10
292.4628107023815
 20
-556.0257760754203
 30
0.0
 10
292.4628107023815
 20
-556.0257760754203
 30
0.0
 10
292.4628107023815
 20
-556.0257760754203
 30
0.0
 10
299.5787497509714
 20
-556.0257760754203
 30
0.0
 10
299.5787497509714
 20
-556.0257760754203
 30
0.0
  0
HATCH
  5
247
330
70
100
AcDbEntity
  8
Logo
 62
   158
420
    10049
440
 33554687
100
AcDbHatch
 10
0.0
 20
0.0
 30
0.0
210
0.0
220
0.0
230
1.0
  2
SOLID
 70
     1
 71
     1
 91
        1
 92
        1
 93
        1
 72
     4
 94
        3
 73
     0
 74
     0
 95
       17
 96
       13
 40
0.0
 40
0.0
 40
0.0
 40
0.0
 40
1.0
 40
1.0
 40
1.0
 40
2.0
 40
2.0
 40
2.0
 40
3.0
 40
3.0
 40
3.0
 40
4.0
 40
4.0
 40
4.0
 40
4.0
 10
299.5787497509714
 20
-556.0257760754203
 10
299.5787497509714
 20
-556.0257760754203
 10
299.5787497509714
 20
-595.2383691949403
 10
299.5787497509714
 20
-595.2383691949403
 10
299.5787497509714
 20
-595.2383691949403
 10
292.4628107023815
 20
-595.2383691949403
 10
292.4628107023815
 20
-595.2383691949403
 10
292.4628107023815
 20
-595.2383691949403
 10
292.4628107023815
 20
-556.0257760754203
 10
292.4628107023815
 20
-556.0257760754203
 10
292.4628107023815
 20
-556.0257760754203
 10
299.5787497509714
 20
-556.0257760754203
 10
299.5787497509714
 20
-556.0257760754203
 97
        0
 97
        1
330
246
 75
     2
 76
     1
 98
        1
 10
0.0
 20
0.0
450
        0
451
        0
460
0.0
461
0.0
452
        0
462
0.0
453
        0
470

  0
SPLINE
  5
248
330
70
100
AcDbEntity
  8
Logo
100
AcDbSpline
210
0.0
220
0.0
230
1.0
 70
    11
 71
     3
 72
   104
 73
   100
 74
     0
 42
0.0000000001
 43
0.0000000001
 40
0.0
 40
0.0
 40
0.0
 40
0.0
 40
1.0
 40
1.0
 40
1.0
 40
2.0
 40
2.0
 40
2.0
 40
3.0
 40
3.0
 40
3.0
 40
4.0
 40
4.0
 40
4.0
 40
5.0
 40
5.0
 40
5.0
 40
6.0
 40
6.0
 40
6.0
 40
7.0
 40
7.0
 40
7.0
 40
8.0
 40
8.0
 40
8.0
 40
9.0
 40
9.0
 40
9.0
 40
10.0
 40
10.0
 40
10.0
 40
11.0
 40
11.0
 40
11.0
 40
12.0
 40
12.0
 40
12.0
 40
13.0
 40
13.0
 40
13.0
 40
14.0
 40
14.0
 40
14.0
 40
15.0
 40
15.0
 40
15.0
 40
16.0
 40
16.0
 40
16.0
 40
17.0
 40
17.0
 40
17.0
 40
18.0
 40
18.0
 40
18.0
 40
19.0
 40
19.0
 40
19.0
 40
20.0
 40
20.0
 40
20.0
 40
21.0
 40
21.0
 40
21.0
 40
22.0
 40
22.0
 40
22.0
 40
23.0
 40
23.0
 40
23.0
 40
24.0
 40
24.0
 40
24.0
 40
25.0
 40
25.0
 40
25.0
 40
26.0
 40
26.0
 40
26.0
 40
27.0
 40
27.0
 40
27.0
 40
28.0
 40
28.0
 40
28.0
 40
29.0
 40
29.0
 40
29.0
 40
30.0
 40
30.0
 40
30.0
 40
31.0
 40
31.0
 40
31.0
 40
32.0
 40
32.0
 40
32.0
 40
33.0
 40
33.0
 40
33.0
 40
33.0
 10
400.7033564849291
 20
-573.6259378457768
 30
0.0
 10
400.7033564849291
 20
-573.6259378457768
 30
0.0
 10
415.6377102061687
 20
-573.6259378457768
 30
0.0
 10
415.6377102061687
 20
-573.6259378457768
 30
0.0
 10
415.6377102061687
 20
-573.6259378457768
 30
0.0
 10
415.6377102061687
 20
-585.1277773050237
 30
0.0
 10
415.6377102061687
 20
-585.1277773050237
 30
0.0
 10
414.888620949316
 20
-586.6256503500276
 30
0.0
 10
413.9911040722456
 20
-587.9896787480285
 30
0.0
 10
412.945568466474
 20
-589.2200671544426
 30
0.0
 10
411.8996239691854
 20
-590.4504555608566
 30
0.0
 10
410.7371453899069
 20
-591.5122078982665
 30
0.0
 10
409.4577238371241
 20
-592.4030729570023
 30
0.0
 10
408.177893392831
 20
-593.294961292859
 30
0.0
 10
406.79665785263
 20
-593.981375583464
 30
0.0
 10
405.3144261080364
 20
-594.462725139668
 30
0.0
 10
403.831785471928
 20
-594.9442793512919
 30
0.0
 10
402.294762264227
 20
-595.1849541293959
 30
0.0
 10
400.7033564849291
 20
-595.1849541293959
 30
0.0
 10
398.3624525572612
 20
-595.1849541293959
 30
0.0
 10
396.1540294806934
 20
-594.6684038403396
 30
0.0
 10
394.0789050382687
 20
-593.633666018843
 30
0.0
 10
392.0025539212876
 20
-592.5995421636171
 30
0.0
 10
390.1928000725817
 20
-591.1994944110743
 30
0.0
 10
388.6480079260807
 20
-589.4341367274836
 30
0.0
 10
387.1032157795758
 20
-587.6687790438904
 30
0.0
 10
385.8777679068759
 20
-585.6007359888616
 30
0.0
 10
384.9728909825188
 20
-583.2285749744309
 30
0.0
 10
384.067196275138
 20
-580.8572325816899
 30
0.0
 10
383.6153711502291
 20
-578.3160261874002
 30
0.0
 10
383.6153711502291
 20
-575.6053651024045
 30
0.0
 10
383.6153711502291
 20
-572.8955226391102
 30
0.0
 10
384.067196275138
 20
-570.3543162448199
 30
0.0
 10
384.9728909825188
 20
-567.9821552303853
 30
0.0
 10
385.8777679068759
 20
-565.6108128376482
 30
0.0
 10
387.1032157795758
 20
-563.5419511609226
 30
0.0
 10
388.6480079260807
 20
-561.7765934773319
 30
0.0
 10
390.1928000725817
 20
-560.0112357937388
 30
0.0
 10
392.0025539212876
 20
-558.6120066628926
 30
0.0
 10
394.0789050382687
 20
-557.5772688413929
 30
0.0
 10
396.1540294806934
 20
-556.5431449861701
 30
0.0
 10
398.3624525572612
 20
-556.0257760754203
 30
0.0
 10
400.7033564849291
 20
-556.0257760754203
 30
0.0
 10
403.7299714845065
 20
-556.0257760754203
 30
0.0
 10
406.4850825176257
 20
-556.837439485239
 30
0.0
 10
408.9662362351979
 20
-558.4599476831898
 30
0.0
 10
411.4473899527661
 20
-560.0830698474074
 30
0.0
 10
413.4681318236008
 20
-562.2313378284699
 30
0.0
 10
415.0288707392201
 20
-564.9061842143433
 30
0.0
 10
415.0288707392201
 20
-564.9061842143433
 30
0.0
 10
409.8792909898679
 20
-570.8976763943589
 30
0.0
 10
409.8792909898679
 20
-570.8976763943589
 30
0.0
 10
409.0672324395873
 20
-568.8648340721784
 30
0.0
 10
407.8499623972016
 20
-567.2249301632289
 30
0.0
 10
406.2274808627103
 20
-565.9761227686914
 30
0.0
 10
404.6041815451804
 20
-564.7281339958481
 30
0.0
 10
402.7629430497606
 20
-564.1037302985845
 30
0.0
 10
400.7033564849291
 20
-564.1037302985845
 30
0.0
 10
399.3294809920071
 20
-564.1037302985845
 30
0.0
 10
398.0345215616279
 20
-564.4070296362933
 30
0.0
 10
396.8176604107563
 20
-565.0132190008634
 30
0.0
 10
395.60039036837
 20
-565.6200223317081
 30
0.0
 10
394.5389079934848
 20
-566.4400766138891
 30
0.0
 10
393.6340310691284
 20
-567.4739958136991
 30
0.0
 10
392.728336361747
 20
-568.5087336351918
 30
0.0
 10
392.0107317516056
 20
-569.7207030534862
 30
0.0
 10
391.4803994556749
 20
-571.1117459673961
 30
0.0
 10
390.9492493767166
 20
-572.5025842258798
 30
0.0
 10
390.684696566026
 20
-574.0004572708837
 30
0.0
 10
390.684696566026
 20
-575.6053651024045
 30
0.0
 10
390.684696566026
 20
-577.2102729339325
 30
0.0
 10
390.9492493767166
 20
-578.7081459789363
 30
0.0
 10
391.4803994556749
 20
-580.0989842374162
 30
0.0
 10
392.0107317516056
 20
-581.4900271513267
 30
0.0
 10
392.728336361747
 20
-582.7120246853784
 30
0.0
 10
393.6340310691284
 20
-583.7635442516068
 30
0.0
 10
394.5389079934848
 20
-584.8158824395255
 30
0.0
 10
395.60039036837
 20
-585.6451462157735
 30
0.0
 10
396.8176604107563
 20
-586.2511309249207
 30
0.0
 10
398.0345215616279
 20
-586.8579342557621
 30
0.0
 10
399.3294809920071
 20
-587.1606196272035
 30
0.0
 10
400.7033564849291
 20
-587.1606196272035
 30
0.0
 10
401.4524457417811
 20
-587.1606196272035
 30
0.0
 10
402.2248418150298
 20
-587.0359844742573
 30
0.0
 10
403.0205447046787
 20
-586.7861002020966
 30
0.0
 10
403.8166564858457
 20
-586.5370345516303
 30
0.0
 10
404.6041815451804
 20
-586.1709059988897
 30
0.0
 10
405.3847554487471
 20
-585.6893517872626
 30
0.0
 10
406.1645115692817
 20
-585.2080022310617
 30
0.0
 10
406.8829339624519
 20
-584.6286227269738
 30
0.0
 10
407.5383870621999
 20
-583.950803964158
 30
0.0
 10
408.1938401619454
 20
-583.2738038230364
 30
0.0
 10
408.7556571045863
 20
-582.506345984703
 30
0.0
 10
409.2238378901198
 20
-581.6504770033953
 30
0.0
 10
409.2238378901198
 20
-581.6504770033953
 30
0.0
 10
400.7033564849291
 20
-581.6504770033953
 30
0.0
 10
400.7033564849291
 20
-581.6504770033953
 30
0.0
 10
400.7033564849291
 20
-581.6504770033953
 30
0.0
 10
400.7033564849291
 20
-573.6259378457768
 30
0.0
 10
400.7033564849291
 20
-573.6259378457768
 30
0.0
  0
HATCH
  5
249
330
70
100
AcDbEntity
  8
Logo
 62
   158
420
    10049
440
 33554687
100
AcDbHatch
 10
0.0
 20
0.0
 30
0.0
210
0.0
220
0.0
230
1.0
  2
SOLID
 70
     1
 71
     1
 91
        1
 92
        1
 93
        1
 72
     4
 94
        3
 73
     0
 74
     0
 95
      104
 96
      100
 40
0.0
 40
0.0
 40
0.0
 40
0.0
 40
1.0
 40
1.0
 40
1.0
 40
2.0
 40
2.0
 40
2.0
 40
3.0
 40
3.0
 40
3.0
 40
4.0
 40
4.0
 40
4.0
 40
5.0
 40
5.0
 40
5.0
 40
6.0
 40
6.0
 40
6.0
 40
7.0
 40
7.0
 40
7.0
 40
8.0
 40
8.0
 40
8.0
 40
9.0
 40
9.0
 40
9.0
 40
10.0
 40
10.0
 40
10.0
 40
11.0
 40
11.0
 40
11.0
 40
12.0
 40
12.0
 40
12.0
 40
13.0
 40
13.0
 40
13.0
 40
14.0
 40
14.0
 40
14.0
 40
15.0
 40
15.0
 40
15.0
 40
16.0
 40
16.0
 40
16.0
 40
17.0
 40
17.0
 40
17.0
 40
18.0
 40
18.0
 40
18.0
 40
19.0
 40
19.0
 40
19.0
 40
20.0
 40
20.0
 40
20.0
 40
21.0
 40
21.0
 40
21.0
 40
22.0
 40
22.0
 40
22.0
 40
23.0
 40
23.0
 40
23.0
 40
24.0
 40
24.0
 40
24.0
 40
25.0
 40
25.0
 40
25.0
 40
26.0
 40
26.0
 40
26.0
 40
27.0
 40
27.0
 40
27.0
 40
28.0
 40
28.0
 40
28.0
 40
29.0
 40
29.0
 40
29.0
 40
30.0
 40
30.0
 40
30.0
 40
31.0
 40
31.0
 40
31.0
 40
32.0
 40
32.0
 40
32.0
 40
33.0
 40
33.0
 40
33.0
 40
33.0
 10
400.7033564849291
 20
-573.6259378457768
 10
400.7033564849291
 20
-573.6259378457768
 10
415.6377102061687
 20
-573.6259378457768
 10
415.6377102061687
 20
-573.6259378457768
 10
415.6377102061687
 20
-573.6259378457768
 10
415.6377102061687
 20
-585.1277773050237
 10
415.6377102061687
 20
-585.1277773050237
 10
414.888620949316
 20
-586.6256503500276
 10
413.9911040722456
 20
-587.9896787480285
 10
412.945568466474
 20
-589.2200671544426
 10
411.8996239691854
 20
-590.4504555608566
 10
410.7371453899069
 20
-591.5122078982665
 10
409.4577238371241
 20
-592.4030729570023
 10
408.177893392831
 20
-593.294961292859
 10
406.79665785263
 20
-593.981375583464
 10
405.3144261080364
 20
-594.462725139668
 10
403.831785471928
 20
-594.9442793512919
 10
402.294762264227
 20
-595.1849541293959
 10
400.7033564849291
 20
-595.1849541293959
 10
398.3624525572612
 20
-595.1849541293959
 10
396.1540294806934
 20
-594.6684038403396
 10
394.0789050382687
 20
-593.633666018843
 10
392.0025539212876
 20
-592.5995421636171
 10
390.1928000725817
 20
-591.1994944110743
 10
388.6480079260807
 20
-589.4341367274836
 10
387.1032157795758
 20
-587.6687790438904
 10
385.8777679068759
 20
-585.6007359888616
 10
384.9728909825188
 20
-583.2285749744309
 10
384.067196275138
 20
-580.8572325816899
 10
383.6153711502291
 20
-578.3160261874002
 10
383.6153711502291
 20
-575.6053651024045
 10
383.6153711502291
 20
-572.8955226391102
 10
384.067196275138
 20
-570.3543162448199
 10
384.9728909825188
 20
-567.9821552303853
 10
385.8777679068759
 20
-565.6108128376482
 10
387.1032157795758
 20
-563.5419511609226
 10
388.6480079260807
 20
-561.7765934773319
 10
390.1928000725817
 20
-560.0112357937388
 10
392.0025539212876
 20
-558.6120066628926
 10
394.0789050382687
 20
-557.5772688413929
 10
396.1540294806934
 20
-556.5431449861701
 10
398.3624525572612
 20
-556.0257760754203
 10
400.7033564849291
 20
-556.0257760754203
 10
403.7299714845065
 20
-556.0257760754203
 10
406.4850825176257
 20
-556.837439485239
 10
408.9662362351979
 20
-558.4599476831898
 10
411.4473899527661
 20
-560.0830698474074
 10
413.4681318236008
 20
-562.2313378284699
 10
415.0288707392201
 20
-564.9061842143433
 10
415.0288707392201
 20
-564.9061842143433
 10
409.8792909898679
 20
-570.8976763943589
 10
409.8792909898679
 20
-570.8976763943589
 10
409.0672324395873
 20
-568.8648340721784
 10
407.8499623972016
 20
-567.2249301632289
 10
406.2274808627103
 20
-565.9761227686914
 10
404.6041815451804
 20
-564.7281339958481
 10
402.7629430497606
 20
-564.1037302985845
 10
400.7033564849291
 20
-564.1037302985845
 10
399.3294809920071
 20
-564.1037302985845
 10
398.0345215616279
 20
-564.4070296362933
 10
396.8176604107563
 20
-565.0132190008634
 10
395.60039036837
 20
-565.6200223317081
 10
394.5389079934848
 20
-566.4400766138891
 10
393.6340310691284
 20
-567.4739958136991
 10
392.728336361747
 20
-568.5087336351918
 10
392.0107317516056
 20
-569.7207030534862
 10
391.4803994556749
 20
-571.1117459673961
 10
390.9492493767166
 20
-572.5025842258798
 10
390.684696566026
 20
-574.0004572708837
 10
390.684696566026
 20
-575.6053651024045
 10
390.684696566026
 20
-577.2102729339325
 10
390.9492493767166
 20
-578.7081459789363
 10
391.4803994556749
 20
-580.0989842374162
 10
392.0107317516056
 20
-581.4900271513267
 10
392.728336361747
 20
-582.7120246853784
 10
393.6340310691284
 20
-583.7635442516068
 10
394.5389079934848
 20
-584.8158824395255
 10
395.60039036837
 20
-585.6451462157735
 10
396.8176604107563
 20
-586.2511309249207
 10
398.0345215616279
 20
-586.8579342557621
 10
399.3294809920071
 20
-587.1606196272035
 10
400.7033564849291
 20
-587.1606196272035
 10
401.4524457417811
 20
-587.1606196272035
 10
402.2248418150298
 20
-587.0359844742573
 10
403.0205447046787
 20
-586.7861002020966
 10
403.8166564858457
 20
-586.5370345516303
 10
404.6041815451804
 20
-586.1709059988897
 10
405.3847554487471
 20
-585.6893517872626
 10
406.1645115692817
 20
-585.2080022310617
 10
406.8829339624519
 20
-584.6286227269738
 10
407.5383870621999
 20
-583.950803964158
 10
408.1938401619454
 20
-583.2738038230364
 10
408.7556571045863
 20
-582.506345984703
 10
409.2238378901198
 20
-581.6504770033953
 10
409.2238378901198
 20
-581.6504770033953
 10
400.7033564849291
 20
-581.6504770033953
 10
400.7033564849291
 20
-581.6504770033953
 10
400.7033564849291
 20
-581.6504770033953
 10
400.7033564849291
 20
-573.6259378457768
 10
400.7033564849291
 20
-573.6259378457768
 97
        0
 97
        1
330
248
 75
     2
 76
     1
 98
        1
 10
0.0
 20
0.0
450
        0
451
        0
460
0.0
461
0.0
452
        0
462
0.0
453
        0
470

  0
SPLINE
  5
24A
330
70
100
AcDbEntity
  8
Logo
100
AcDbSpline
210
0.0
220
0.0
230
1.0
 70
    11
 71
     3
 72
    35
 73
    31
 74
     0
 42
0.0000000001
 43
0.0000000001
 40
0.0
 40
0.0
 40
0.0
 40
0.0
 40
1.0
 40
1.0
 40
1.0
 40
2.0
 40
2.0
 40
2.0
 40
3.0
 40
3.0
 40
3.0
 40
4.0
 40
4.0
 40
4.0
 40
5.0
 40
5.0
 40
5.0
 40
6.0
 40
6.0
 40
6.0
 40
7.0
 40
7.0
 40
7.0
 40
8.0
 40
8.0
 40
8.0
 40
9.0
 40
9.0
 40
9.0
 40
10.0
 40
10.0
 40
10.0
 40
10.0
 10
327.1950210768866
 20
-555.9723610098682
 30
0.0
 10
327.1950210768866
 20
-555.9723610098682
 30
0.0
 10
334.4982324396911
 20
-555.9723610098682
 30
0.0
 10
334.4982324396911
 20
-555.9723610098682
 30
0.0
 10
334.4982324396911
 20
-555.9723610098682
 30
0.0
 10
334.4982324396911
 20
-595.2383691949403
 30
0.0
 10
334.4982324396911
 20
-595.2383691949403
 30
0.0
 10
334.4982324396911
 20
-595.2383691949403
 30
0.0
 10
326.4459318200339
 20
-595.2383691949403
 30
0.0
 10
326.4459318200339
 20
-595.2383691949403
 30
0.0
 10
326.4459318200339
 20
-595.2383691949403
 30
0.0
 10
311.6518278886933
 20
-569.7743227744618
 30
0.0
 10
311.6518278886933
 20
-569.7743227744618
 30
0.0
 10
311.6518278886933
 20
-569.7743227744618
 30
0.0
 10
311.6518278886933
 20
-595.2383691949403
 30
0.0
 10
311.6518278886933
 20
-595.2383691949403
 30
0.0
 10
311.6518278886933
 20
-595.2383691949403
 30
0.0
 10
304.3486165258877
 20
-595.2383691949403
 30
0.0
 10
304.3486165258877
 20
-595.2383691949403
 30
0.0
 10
304.3486165258877
 20
-595.2383691949403
 30
0.0
 10
304.3486165258877
 20
-555.9187412888995
 30
0.0
 10
304.3486165258877
 20
-555.9187412888995
 30
0.0
 10
304.3486165258877
 20
-555.9187412888995
 30
0.0
 10
312.4009171455467
 20
-555.9187412888995
 30
0.0
 10
312.4009171455467
 20
-555.9187412888995
 30
0.0
 10
312.4009171455467
 20
-555.9187412888995
 30
0.0
 10
327.1950210768866
 20
-581.382992364806
 30
0.0
 10
327.1950210768866
 20
-581.382992364806
 30
0.0
 10
327.1950210768866
 20
-581.382992364806
 30
0.0
 10
327.1950210768866
 20
-555.9723610098682
 30
0.0
 10
327.1950210768866
 20
-555.9723610098682
 30
0.0
  0
HATCH
  5
24B
330
70
100
AcDbEntity
  8
Logo
 62
   158
420
    10049
440
 33554687
100
AcDbHatch
 10
0.0
 20
0.0
 30
0.0
210
0.0
220
0.0
230
1.0
  2
SOLID
 70
     1
 71
     1
 91
        1
 92
        1
 93
        1
 72
     4
 94
        3
 73
     0
 74
     0
 95
       35
 96
       31
 40
0.0
 40
0.0
 40
0.0
 40
0.0
 40
1.0
 40
1.0
 40
1.0
 40
2.0
 40
2.0
 40
2.0
 40
3.0
 40
3.0
 40
3.0
 40
4.0
 40
4.0
 40
4.0
 40
5.0
 40
5.0
 40
5.0
 40
6.0
 40
6.0
 40
6.0
 40
7.0
 40
7.0
 40
7.0
 40
8.0
 40
8.0
 40
8.0
 40
9.0
 40
9.0
 40
9.0
 40
10.0
 40
10.0
 40
10.0
 40
10.0
 10
327.1950210768866
 20
-555.9723610098682
 10
327.1950210768866
 20
-555.9723610098682
 10
334.4982324396911
 20
-555.9723610098682
 10
334.4982324396911
 20
-555.9723610098682
 10
334.4982324396911
 20
-555.9723610098682
 10
334.4982324396911
 20
-595.2383691949403
 10
334.4982324396911
 20
-595.2383691949403
 10
334.4982324396911
 20
-595.2383691949403
 10
326.4459318200339
 20
-595.2383691949403
 10
326.4459318200339
 20
-595.2383691949403
 10
326.4459318200339
 20
-595.2383691949403
 10
311.6518278886933
 20
-569.7743227744618
 10
311.6518278886933
 20
-569.7743227744618
 10
311.6518278886933
 20
-569.7743227744618
 10
311.6518278886933
 20
-595.2383691949403
 10
311.6518278886933
 20
-595.2383691949403
 10
311.6518278886933
 20
-595.2383691949403
 10
304.3486165258877
 20
-595.2383691949403
 10
304.3486165258877
 20
-595.2383691949403
 10
304.3486165258877
 20
-595.2383691949403
 10
304.3486165258877
 20
-555.9187412888995
 10
304.3486165258877
 20
-555.9187412888995
 10
304.3486165258877
 20
-555.9187412888995
 10
312.4009171455467
 20
-555.9187412888995
 10
312.4009171455467
 20
-555.9187412888995
 10
312.4009171455467
 20
-555.9187412888995
 10
327.1950210768866
 20
-581.382992364806
 10
327.1950210768866
 20
-581.382992364806
 10
327.1950210768866
 20
-581.382992364806
 10
327.1950210768866
 20
-555.9723610098682
 10
327.1950210768866
 20
-555.9723610098682
 97
        0
 97
        1
330
24A
 75
     2
 76
     1
 98
        1
 10
0.0
 20
0.0
450
        0
451
        0
460
0.0
461
0.0
452
        0
462
0.0
453
        0
470

  0
SPLINE
  5
24C
330
70
100
AcDbEntity
  8
Logo
100
AcDbSpline
210
0.0
220
0.0
230
1.0
 70
    11
 71
     3
 72
    35
 73
    31
 74
     0
 42
0.0000000001
 43
0.0000000001
 40
0.0
 40
0.0
 40
0.0
 40
0.0
 40
1.0
 40
1.0
 40
1.0
 40
2.0
 40
2.0
 40
2.0
 40
3.0
 40
3.0
 40
3.0
 40
4.0
 40
4.0
 40
4.0
 40
5.0
 40
5.0
 40
5.0
 40
6.0
 40
6.0
 40
6.0
 40
7.0
 40
7.0
 40
7.0
 40
8.0
 40
8.0
 40
8.0
 40
9.0
 40
9.0
 40
9.0
 40
10.0
 40
10.0
 40
10.0
 40
10.0
 10
373.9113863519738
 20
-555.9723610098682
 30
0.0
 10
373.9113863519738
 20
-555.9723610098682
 30
0.0
 10
381.2145977147788
 20
-555.9723610098682
 30
0.0
 10
381.2145977147788
 20
-555.9723610098682
 30
0.0
 10
381.2145977147788
 20
-555.9723610098682
 30
0.0
 10
381.2145977147788
 20
-595.2383691949403
 30
0.0
 10
381.2145977147788
 20
-595.2383691949403
 30
0.0
 10
381.2145977147788
 20
-595.2383691949403
 30
0.0
 10
373.1622970951217
 20
-595.2383691949403
 30
0.0
 10
373.1622970951217
 20
-595.2383691949403
 30
0.0
 10
373.1622970951217
 20
-595.2383691949403
 30
0.0
 10
358.3681931637824
 20
-569.7743227744618
 30
0.0
 10
358.3681931637824
 20
-569.7743227744618
 30
0.0
 10
358.3681931637824
 20
-569.7743227744618
 30
0.0
 10
358.3681931637824
 20
-595.2383691949403
 30
0.0
 10
358.3681931637824
 20
-595.2383691949403
 30
0.0
 10
358.3681931637824
 20
-595.2383691949403
 30
0.0
 10
351.0649818009767
 20
-595.2383691949403
 30
0.0
 10
351.0649818009767
 20
-595.2383691949403
 30
0.0
 10
351.0649818009767
 20
-595.2383691949403
 30
0.0
 10
351.0649818009767
 20
-555.9187412888995
 30
0.0
 10
351.0649818009767
 20
-555.9187412888995
 30
0.0
 10
351.0649818009767
 20
-555.9187412888995
 30
0.0
 10
359.1172824206351
 20
-555.9187412888995
 30
0.0
 10
359.1172824206351
 20
-555.9187412888995
 30
0.0
 10
359.1172824206351
 20
-555.9187412888995
 30
0.0
 10
373.9113863519738
 20
-581.382992364806
 30
0.0
 10
373.9113863519738
 20
-581.382992364806
 30
0.0
 10
373.9113863519738
 20
-581.382992364806
 30
0.0
 10
373.9113863519738
 20
-555.9723610098682
 30
0.0
 10
373.9113863519738
 20
-555.9723610098682
 30
0.0
  0
HATCH
  5
24D
330
70
100
AcDbEntity
  8
Logo
 62
   158
420
    10049
440
 33554687
100
AcDbHatch
 10
0.0
 20
0.0
 30
0.0
210
0.0
220
0.0
230
1.0
  2
SOLID
 70
     1
 71
     1
 91
        1
 92
        1
 93
        1
 72
     4
 94
        3
 73
     0
 74
     0
 95
       35
 96
       31
 40
0.0
 40
0.0
 40
0.0
 40
0.0
 40
1.0
 40
1.0
 40
1.0
 40
2.0
 40
2.0
 40
2.0
 40
3.0
 40
3.0
 40
3.0
 40
4.0
 40
4.0
 40
4.0
 40
5.0
 40
5.0
 40
5.0
 40
6.0
 40
6.0
 40
6.0
 40
7.0
 40
7.0
 40
7.0
 40
8.0
 40
8.0
 40
8.0
 40
9.0
 40
9.0
 40
9.0
 40
10.0
 40
10.0
 40
10.0
 40
10.0
 10
373.9113863519738
 20
-555.9723610098682
 10
373.9113863519738
 20
-555.9723610098682
 10
381.2145977147788
 20
-555.9723610098682
 10
381.2145977147788
 20
-555.9723610098682
 10
381.2145977147788
 20
-555.9723610098682
 10
381.2145977147788
 20
-595.2383691949403
 10
381.2145977147788
 20
-595.2383691949403
 10
381.2145977147788
 20
-595.2383691949403
 10
373.1622970951217
 20
-595.2383691949403
 10
373.1622970951217
 20
-595.2383691949403
 10
373.1622970951217
 20
-595.2383691949403
 10
358.3681931637824
 20
-569.7743227744618
 10
358.3681931637824
 20
-569.7743227744618
 10
358.3681931637824
 20
-569.7743227744618
 10
358.3681931637824
 20
-595.2383691949403
 10
358.3681931637824
 20
-595.2383691949403
 10
358.3681931637824
 20
-595.2383691949403
 10
351.0649818009767
 20
-595.2383691949403
 10
351.0649818009767
 20
-595.2383691949403
 10
351.0649818009767
 20
-595.2383691949403
 10
351.0649818009767
 20
-555.9187412888995
 10
351.0649818009767
 20
-555.9187412888995
 10
351.0649818009767
 20
-555.9187412888995
 10
359.1172824206351
 20
-555.9187412888995
 10
359.1172824206351
 20
-555.9187412888995
 10
359.1172824206351
 20
-555.9187412888995
 10
373.9113863519738
 20
-581.382992364806
 10
373.9113863519738
 20
-581.382992364806
 10
373.9113863519738
 20
-581.382992364806
 10
373.9113863519738
 20
-555.9723610098682
 10
373.9113863519738
 20
-555.9723610098682
 97
        0
 97
        1
330
24C
 75
     2
 76
     1
 98
        1
 10
0.0
 20
0.0
450
        0
451
        0
460
0.0
461
0.0
452
        0
462
0.0
453
        0
470

  0
LWPOLYLINE
  5
24E
330
70
100
AcDbEntity
  8
Logo
100
AcDbPolyline
 90
        1
 70
     0
 43
0.0
 10
280.3897325646551
 20
-595.2383691949403
  0
HATCH
  5
24F
330
70
100
AcDbEntity
  8
Logo
 62
   158
420
    10049
440
 33554687
100
AcDbHatch
 10
0.0
 20
0.0
 30
0.0
210
0.0
220
0.0
230
1.0
  2
SOLID
 70
     1
 71
     1
 91
        1
 92
        3
 72
     0
 73
     1
 93
        1
 10
280.3897325646551
 20
-595.2383691949403
 97
        0
 75
     2
 76
     1
 98
        1
 10
0.0
 20
0.0
450
        0
451
        0
460
0.0
461
0.0
452
        0
462
0.0
453
        0
470

  0
LWPOLYLINE
  5
250
330
70
100
AcDbEntity
  8
Logo
 62
    30
420
 16225309
370
    80
100
AcDbPolyline
 90
        1
 70
     0
 43
0.0
 10
262.5195495605548
 20
-602.4490926623505
  0
LWPOLYLINE
  5
251
330
70
100
AcDbEntity
  8
Logo
100
AcDbPolyline
 90
        1
 70
     0
 43
0.0
 10
280.3558155583418
 20
-595.6388681554227
  0
HATCH
  5
252
330
70
100
AcDbEntity
  8
Logo
 62
   158
420
    10049
440
 33554687
100
AcDbHatch
 10
0.0
 20
0.0
 30
0.0
210
0.0
220
0.0
230
1.0
  2
SOLID
 70
     1
 71
     1
 91
        1
 92
        3
 72
     0
 73
     1
 93
        1
 10
280.3558155583418
 20
-595.6388681554227
 97
        0
 75
     2
 76
     1
 98
        1
 10
0.0
 20
0.0
450
        0
451
        0
460
0.0
461
0.0
452
        0
462
0.0
453
        0
470

  0
INSERT
  5
254
330
70
100
AcDbEntity
  8
Logo
100
AcDbBlockReference
  2
Block_46
 10
0.0
 20
0.0
 30
0.0
  0
SPLINE
  5
282
330
70
100
AcDbEntity
  8
Logo
100
AcDbSpline
210
0.0
220
0.0
230
1.0
 70
     9
 71
     3
 72
    26
 73
    22
 74
     0
 42
0.0000000001
 43
0.0000000001
 40
0.0
 40
0.0
 40
0.0
 40
0.0
 40
1.0
 40
1.0
 40
1.0
 40
2.0
 40
2.0
 40
2.0
 40
3.0
 40
3.0
 40
3.0
 40
4.0
 40
4.0
 40
4.0
 40
5.0
 40
5.0
 40
5.0
 40
6.0
 40
6.0
 40
6.0
 40
7.0
 40
7.0
 40
7.0
 40
7.0
 10
249.3928345313487
 20
-559.2938795443065
 30
0.0
 10
249.3928345313487
 20
-559.2938795443065
 30
0.0
 10
249.3928345313487
 20
-603.2091948315077
 30
0.0
 10
249.3928345313487
 20
-603.2091948315077
 30
0.0
 10
249.3928345313487
 20
-603.2091948315077
 30
0.0
 10
249.3928274154101
 20
-603.2091948315077
 30
0.0
 10
249.3928274154101
 20
-603.2091948315077
 30
0.0
 10
245.4628066975085
 20
-603.2091948285867
 30
0.0
 10
242.276895488758
 20
-600.0200163379079
 30
0.0
 10
242.2768954878769
 20
-596.0859652923995
 30
0.0
 10
242.2768954878769
 20
-596.0859652923995
 30
0.0
 10
242.2768954835397
 20
-559.2938795443065
 30
0.0
 10
242.2768954835397
 20
-559.2938795443065
 30
0.0
 10
242.2768954831111
 20
-557.380353159607
 30
0.0
 10
243.826525915016
 20
-555.8291335316524
 30
0.0
 10
245.7380919274724
 20
-555.8291335316524
 30
0.0
 10
245.7380919274724
 20
-555.8291335316524
 30
0.0
 10
245.9316380866427
 20
-555.8291335316524
 30
0.0
 10
245.9316380866427
 20
-555.8291335316524
 30
0.0
 10
247.8432040992211
 20
-555.8291335316524
 30
0.0
 10
249.3928345313487
 20
-557.3803531594799
 30
0.0
 10
249.3928345313487
 20
-559.2938795443065
 30
0.0
  0
HATCH
  5
283
330
70
100
AcDbEntity
  8
Logo
 62
    30
420
 16225309
440
 33554687
100
AcDbHatch
 10
0.0
 20
0.0
 30
0.0
210
0.0
220
0.0
230
1.0
  2
SOLID
 70
     1
 71
     1
 91
        1
 92
        1
 93
        1
 72
     4
 94
        3
 73
     0
 74
     0
 95
       26
 96
       22
 40
0.0
 40
0.0
 40
0.0
 40
0.0
 40
1.0
 40
1.0
 40
1.0
 40
2.0
 40
2.0
 40
2.0
 40
3.0
 40
3.0
 40
3.0
 40
4.0
 40
4.0
 40
4.0
 40
5.0
 40
5.0
 40
5.0
 40
6.0
 40
6.0
 40
6.0
 40
7.0
 40
7.0
 40
7.0
 40
7.0
 10
249.3928345313487
 20
-559.2938795443065
 10
249.3928345313487
 20
-559.2938795443065
 10
249.3928345313487
 20
-603.2091948315077
 10
249.3928345313487
 20
-603.2091948315077
 10
249.3928345313487
 20
-603.2091948315077
 10
249.3928274154101
 20
-603.2091948315077
 10
249.3928274154101
 20
-603.2091948315077
 10
245.4628066975085
 20
-603.2091948285867
 10
242.276895488758
 20
-600.0200163379079
 10
242.2768954878769
 20
-596.0859652923995
 10
242.2768954878769
 20
-596.0859652923995
 10
242.2768954835397
 20
-559.2938795443065
 10
242.2768954835397
 20
-559.2938795443065
 10
242.2768954831111
 20
-557.380353159607
 10
243.826525915016
 20
-555.8291335316524
 10
245.7380919274724
 20
-555.8291335316524
 10
245.7380919274724
 20
-555.8291335316524
 10
245.9316380866427
 20
-555.8291335316524
 10
245.9316380866427
 20
-555.8291335316524
 10
247.8432040992211
 20
-555.8291335316524
 10
249.3928345313487
 20
-557.3803531594799
 10
249.3928345313487
 20
-559.2938795443065
 97
        0
 97
        1
330
282
 75
     2
 76
     1
 98
        1
 10
0.0
 20
0.0
450
        0
451
        0
460
0.0
461
0.0
452
        0
462
0.0
453
        0
470

  0
ENDSEC
  0
SECTION
  2
OBJECTS
  0
DICTIONARY
  5
C
330
0
100
AcDbDictionary
281
     1
  3
ACAD_COLOR
350
63
  3
ACAD_DETAILVIEWSTYLE
350
6A
  3
ACAD_GROUP
350
D
  3
ACAD_LAYOUT
350
62
  3
ACAD_MATERIAL
350
10
  3
ACAD_MLEADERSTYLE
350
66
  3
ACAD_MLINESTYLE
350
5F
  3
ACAD_PLOTSETTINGS
350
61
  3
ACAD_PLOTSTYLENAME
350
E
  3
ACAD_SCALELIST
350
42
  3
ACAD_SECTIONVIEWSTYLE
350
68
  3
ACAD_TABLESTYLE
350
64
  3
ACAD_VISUALSTYLE
350
29
  3
ACDB_RECOMPOSE_DATA
350
28C
  3
AcDbVariableDictionary
350
284
  0
DICTIONARY
  5
63
102
{ACAD_REACTORS
330
C
102
}
330
C
100
AcDbDictionary
281
     1
  0
DICTIONARY
  5
6A
102
{ACAD_REACTORS
330
C
102
}
330
C
100
AcDbDictionary
281
     1
  3
Imperial24
350
6B
  0
DICTIONARY
  5
D
102
{ACAD_REACTORS
330
C
102
}
330
C
100
AcDbDictionary
281
     1
  0
DICTIONARY
  5
62
102
{ACAD_REACTORS
330
C
102
}
330
C
100
AcDbDictionary
281
     1
  3
Layout1
350
6F
  3
Layout2
350
77
  3
Model
350
73
  0
DICTIONARY
  5
10
102
{ACAD_REACTORS
330
C
102
}
330
C
100
AcDbDictionary
281
     1
  3
ByBlock
350
19
  3
ByLayer
350
11
  3
Global
350
21
  0
DICTIONARY
  5
66
102
{ACAD_REACTORS
330
C
102
}
330
C
100
AcDbDictionary
281
     1
  3
Standard
350
67
  0
DICTIONARY
  5
5F
102
{ACAD_REACTORS
330
C
102
}
330
C
100
AcDbDictionary
281
     1
  3
Standard
350
60
  0
DICTIONARY
  5
61
102
{ACAD_REACTORS
330
C
102
}
330
C
100
AcDbDictionary
281
     1
  0
ACDBDICTIONARYWDFLT
  5
E
102
{ACAD_REACTORS
330
C
102
}
330
C
100
AcDbDictionary
281
     1
  3
Normal
350
F
100
AcDbDictionaryWithDefault
340
F
  0
DICTIONARY
  5
42
102
{ACAD_REACTORS
330
C
102
}
330
C
100
AcDbDictionary
281
     1
  3
A0
350
43
  3
A1
350
44
  3
A2
350
45
  3
A3
350
46
  3
A4
350
47
  3
A5
350
48
  3
A6
350
49
  3
A7
350
4A
  3
A8
350
4B
  3
A9
350
4C
  3
B0
350
4D
  3
B1
350
4E
  3
B2
350
4F
  3
B3
350
50
  3
B4
350
51
  3
B5
350
52
  3
B6
350
53
  0
DICTIONARY
  5
68
102
{ACAD_REACTORS
330
C
102
}
330
C
100
AcDbDictionary
281
     1
  3
Imperial24
350
69
  0
DICTIONARY
  5
64
102
{ACAD_REACTORS
330
C
102
}
330
C
100
AcDbDictionary
281
     1
  3
Standard
350
65
  0
DICTIONARY
  5
29
102
{ACAD_REACTORS
330
C
102
}
330
C
100
AcDbDictionary
281
     1
  3
2dWireframe
350
2F
  3
Basic
350
2E
  3
Brighten
350
35
  3
ColorChange
350
39
  3
Conceptual
350
32
  3
Dim
350
34
  3
EdgeColorOff
350
41
  3
Facepattern
350
38
  3
Flat
350
2A
  3
FlatWithEdges
350
2B
  3
Gouraud
350
2C
  3
GouraudWithEdges
350
2D
  3
Hidden
350
31
  3
JitterOff
350
3F
  3
Linepattern
350
37
  3
OverhangOff
350
40
  3
Realistic
350
33
  3
Shaded
350
3E
  3
Shaded with edges
350
3D
  3
Shades of Gray
350
3A
  3
Sketchy
350
3B
  3
Thicken
350
36
  3
Wireframe
350
30
  3
X-Ray
350
3C
  0
XRECORD
  5
28C
102
{ACAD_REACTORS
330
C
102
}
330
C
100
AcDbXrecord
280
     1
 90
        1
330
65
  0
DICTIONARY
  5
284
102
{ACAD_REACTORS
330
C
102
}
330
C
100
AcDbDictionary
281
     1
  3
CANNOSCALE
350
289
  3
CMLEADERSTYLE
350
286
  3
CTABLESTYLE
350
285
  3
CVIEWDETAILSTYLE
350
287
  3
CVIEWSECTIONSTYLE
350
288
  0
ACDBDETAILVIEWSTYLE
  5
6B
102
{ACAD_REACTORS
330
6A
102
}
330
6A
100
AcDbModelDocViewStyle
 70
     0
  3
Imperial24
290
     1
300
Imperial24
 90
        0
100
AcDbDetailViewStyle
 70
     0
 71
     0
 90
        3
 71
     1
340
55
 62
   256
 40
0.24
340
0
 62
   256
 40
0.24
300

 40
0.36
280
     3
 71
     2
340
5D
 90
       25
 62
   256
 71
     3
340
55
 62
   256
 40
0.24
 90
        1
 40
0.75
 90
        1
300
%<\AcVar ViewType \f "%tc1">% %<\AcVar ViewDetailId>%\PSCALE %<\AcVar ViewScale \f "%sn">%
 71
     4
340
5D
 90
       25
 62
   256
340
5D
 90
       25
 62
   256
280
     0
  0
LAYOUT
  5
6F
102
{ACAD_REACTORS
330
62
102
}
330
62
100
AcDbPlotSettings
  1

  2

  4

  6

 40
0.0
 41
0.0
 42
0.0
 43
0.0
 44
0.0
 45
0.0
 46
0.0
 47
0.0
 48
0.0
 49
0.0
140
0.0
141
0.0
142
1.0
143
1.0
 70
   688
 72
     0
 73
     0
 74
     5
  7

 75
    16
147
1.0
 76
     0
 77
     2
 78
   300
148
0.0
149
0.0
100
AcDbLayout
  1
Layout1
 70
     1
 71
     1
 10
0.0
 20
0.0
 11
12.0
 21
9.0
 12
0.0
 22
0.0
 32
0.0
 14
0.0
 24
0.0
 34
0.0
 15
0.0
 25
0.0
 35
0.0
146
0.0
 13
0.0
 23
0.0
 33
0.0
 16
1.0
 26
0.0
 36
0.0
 17
0.0
 27
1.0
 37
0.0
 76
     0
330
6C
  0
LAYOUT
  5
77
102
{ACAD_REACTORS
330
62
102
}
330
62
100
AcDbPlotSettings
  1

  2

  4

  6

 40
0.0
 41
0.0
 42
0.0
 43
0.0
 44
0.0
 45
0.0
 46
0.0
 47
0.0
 48
0.0
 49
0.0
140
0.0
141
0.0
142
1.0
143
1.0
 70
   688
 72
     0
 73
     0
 74
     5
  7

 75
    16
147
1.0
 76
     0
 77
     2
 78
   300
148
0.0
149
0.0
100
AcDbLayout
  1
Layout2
 70
     1
 71
     2
 10
0.0
 20
0.0
 11
12.0
 21
9.0
 12
0.0
 22
0.0
 32
0.0
 14
0.0
 24
0.0
 34
0.0
 15
0.0
 25
0.0
 35
0.0
146
0.0
 13
0.0
 23
0.0
 33
0.0
 16
1.0
 26
0.0
 36
0.0
 17
0.0
 27
1.0
 37
0.0
 76
     0
330
74
  0
LAYOUT
  5
73
102
{ACAD_REACTORS
330
62
102
}
330
62
100
AcDbPlotSettings
  1

  2

  4

  6

 40
0.0
 41
0.0
 42
0.0
 43
0.0
 44
0.0
 45
0.0
 46
0.0
 47
0.0
 48
0.0
 49
0.0
140
0.0
141
0.0
142
1.0
143
1.0
 70
  1712
 72
     0
 73
     0
 74
     0
  7

 75
     0
147
1.0
 76
     0
 77
     2
 78
   300
148
0.0
149
0.0
100
AcDbLayout
  1
Model
 70
     1
 71
     0
 10
0.0
 20
0.0
 11
12.0
 21
9.0
 12
0.0
 22
0.0
 32
0.0
 14
0.0
 24
0.0
 34
0.0
 15
0.0
 25
0.0
 35
0.0
146
0.0
 13
0.0
 23
0.0
 33
0.0
 16
1.0
 26
0.0
 36
0.0
 17
0.0
 27
1.0
 37
0.0
 76
     0
330
70
  0
MATERIAL
  5
19
102
{ACAD_XDICTIONARY
360
1A
102
}
102
{ACAD_REACTORS
330
10
102
}
330
10
100
AcDbMaterial
  1
ByBlock
 72
     0
 43
0.0208333333333333
 43
0.0
 43
0.0
 43
0.0
 43
0.0
 43
0.0208333333333333
 43
0.0
 43
0.0
 43
0.0
 43
0.0
 43
1.0
 43
0.0
 43
0.0
 43
0.0
 43
0.0
 43
1.0
 77
     0
 47
0.0208333333333333
 47
0.0
 47
0.0
 47
0.0
 47
0.0
 47
0.0208333333333333
 47
0.0
 47
0.0
 47
0.0
 47
0.0
 47
1.0
 47
0.0
 47
0.0
 47
0.0
 47
0.0
 47
1.0
171
     0
 49
0.0208333333333333
 49
0.0
 49
0.0
 49
0.0
 49
0.0
 49
0.0208333333333333
 49
0.0
 49
0.0
 49
0.0
 49
0.0
 49
1.0
 49
0.0
 49
0.0
 49
0.0
 49
0.0
 49
1.0
175
     0
142
0.0208333333333333
142
0.0
142
0.0
142
0.0
142
0.0
142
0.0208333333333333
142
0.0
142
0.0
142
0.0
142
0.0
142
1.0
142
0.0
142
0.0
142
0.0
142
0.0
142
1.0
179
     0
144
0.0208333333333333
144
0.0
144
0.0
144
0.0
144
0.0
144
0.0208333333333333
144
0.0
144
0.0
144
0.0
144
0.0
144
1.0
144
0.0
144
0.0
144
0.0
144
0.0
144
1.0
147
0.0208333333333333
147
0.0
147
0.0
147
0.0
147
0.0
147
0.0208333333333333
147
0.0
147
0.0
147
0.0
147
0.0
147
1.0
147
0.0
147
0.0
147
0.0
147
0.0
147
1.0
  0
MATERIAL
  5
11
102
{ACAD_XDICTIONARY
360
12
102
}
102
{ACAD_REACTORS
330
10
102
}
330
10
100
AcDbMaterial
  1
ByLayer
 72
     0
 43
0.0208333333333333
 43
0.0
 43
0.0
 43
0.0
 43
0.0
 43
0.0208333333333333
 43
0.0
 43
0.0
 43
0.0
 43
0.0
 43
1.0
 43
0.0
 43
0.0
 43
0.0
 43
0.0
 43
1.0
 77
     0
 47
0.0208333333333333
 47
0.0
 47
0.0
 47
0.0
 47
0.0
 47
0.0208333333333333
 47
0.0
 47
0.0
 47
0.0
 47
0.0
 47
1.0
 47
0.0
 47
0.0
 47
0.0
 47
0.0
 47
1.0
171
     0
 49
0.0208333333333333
 49
0.0
 49
0.0
 49
0.0
 49
0.0
 49
0.0208333333333333
 49
0.0
 49
0.0
 49
0.0
 49
0.0
 49
1.0
 49
0.0
 49
0.0
 49
0.0
 49
0.0
 49
1.0
175
     0
142
0.0208333333333333
142
0.0
142
0.0
142
0.0
142
0.0
142
0.0208333333333333
142
0.0
142
0.0
142
0.0
142
0.0
142
1.0
142
0.0
142
0.0
142
0.0
142
0.0
142
1.0
179
     0
144
0.0208333333333333
144
0.0
144
0.0
144
0.0
144
0.0
144
0.0208333333333333
144
0.0
144
0.0
144
0.0
144
0.0
144
1.0
144
0.0
144
0.0
144
0.0
144
0.0
144
1.0
147
0.0208333333333333
147
0.0
147
0.0
147
0.0
147
0.0
147
0.0208333333333333
147
0.0
147
0.0
147
0.0
147
0.0
147
1.0
147
0.0
147
0.0
147
0.0
147
0.0
147
1.0
  0
MATERIAL
  5
21
102
{ACAD_XDICTIONARY
360
22
102
}
102
{ACAD_REACTORS
330
10
102
}
330
10
100
AcDbMaterial
  1
Global
 72
     0
 43
0.0208333333333333
 43
0.0
 43
0.0
 43
0.0
 43
0.0
 43
0.0208333333333333
 43
0.0
 43
0.0
 43
0.0
 43
0.0
 43
1.0
 43
0.0
 43
0.0
 43
0.0
 43
0.0
 43
1.0
 77
     0
 47
0.0208333333333333
 47
0.0
 47
0.0
 47
0.0
 47
0.0
 47
0.0208333333333333
 47
0.0
 47
0.0
 47
0.0
 47
0.0
 47
1.0
 47
0.0
 47
0.0
 47
0.0
 47
0.0
 47
1.0
171
     0
 49
0.0208333333333333
 49
0.0
 49
0.0
 49
0.0
 49
0.0
 49
0.0208333333333333
 49
0.0
 49
0.0
 49
0.0
 49
0.0
 49
1.0
 49
0.0
 49
0.0
 49
0.0
 49
0.0
 49
1.0
175
     0
142
0.0208333333333333
142
0.0
142
0.0
142
0.0
142
0.0
142
0.0208333333333333
142
0.0
142
0.0
142
0.0
142
0.0
142
1.0
142
0.0
142
0.0
142
0.0
142
0.0
142
1.0
179
     0
144
0.0208333333333333
144
0.0
144
0.0
144
0.0
144
0.0
144
0.0208333333333333
144
0.0
144
0.0
144
0.0
144
0.0
144
1.0
144
0.0
144
0.0
144
0.0
144
0.0
144
1.0
147
0.0208333333333333
147
0.0
147
0.0
147
0.0
147
0.0
147
0.0208333333333333
147
0.0
147
0.0
147
0.0
147
0.0
147
1.0
147
0.0
147
0.0
147
0.0
147
0.0
147
1.0
  0
MLEADERSTYLE
  5
67
102
{ACAD_REACTORS
330
66
102
}
330
66
100
AcDbMLeaderStyle
179
     2
170
     2
171
     1
172
     0
 90
        2
 40
0.0
 41
0.0
173
     1
 91
-1056964608
340
5B
 92
       -2
290
     1
 42
0.09
291
     1
 43
0.36
  3
Standard
 44
0.18
300

342
55
174
     1
178
     6
175
     1
176
     0
 93
-1056964608
 45
0.18
292
     0
297
     0
 46
0.18
 94
-1056964608
 47
1.0
 49
1.0
140
1.0
293
     1
141
0.0
294
     1
177
     0
142
1.0
295
     1
296
     0
143
0.125
271
     0
272
     9
273
     9
298
     1
  0
MLINESTYLE
  5
60
102
{ACAD_REACTORS
330
5F
102
}
330
5F
100
AcDbMlineStyle
  2
STANDARD
 70
     0
  3

 62
   256
 51
90.0
 52
90.0
 71
     2
 49
0.5
 62
   256
  6
BYLAYER
 49
-0.5
 62
   256
  6
BYLAYER
  0
ACDBPLACEHOLDER
  5
F
102
{ACAD_REACTORS
330
E
102
}
330
E
  0
SCALE
  5
43
102
{ACAD_REACTORS
330
42
102
}
330
42
100
AcDbScale
 70
     0
300
1:1
140
1.0
141
1.0
290
     1
  0
SCALE
  5
44
102
{ACAD_REACTORS
330
42
102
}
330
42
100
AcDbScale
 70
     0
300
1/128" = 1'-0"
140
0.0078125
141
12.0
290
     0
  0
SCALE
  5
45
102
{ACAD_REACTORS
330
42
102
}
330
42
100
AcDbScale
 70
     0
300
1/64" = 1'-0"
140
0.015625
141
12.0
290
     0
  0
SCALE
  5
46
102
{ACAD_REACTORS
330
42
102
}
330
42
100
AcDbScale
 70
     0
300
1/32" = 1'-0"
140
0.03125
141
12.0
290
     0
  0
SCALE
  5
47
102
{ACAD_REACTORS
330
42
102
}
330
42
100
AcDbScale
 70
     0
300
1/16" = 1'-0"
140
0.0625
141
12.0
290
     0
  0
SCALE
  5
48
102
{ACAD_REACTORS
330
42
102
}
330
42
100
AcDbScale
 70
     0
300
3/32" = 1'-0"
140
0.09375
141
12.0
290
     0
  0
SCALE
  5
49
102
{ACAD_REACTORS
330
42
102
}
330
42
100
AcDbScale
 70
     0
300
1/8" = 1'-0"
140
0.125
141
12.0
290
     0
  0
SCALE
  5
4A
102
{ACAD_REACTORS
330
42
102
}
330
42
100
AcDbScale
 70
     0
300
3/16" = 1'-0"
140
0.1875
141
12.0
290
     0
  0
SCALE
  5
4B
102
{ACAD_REACTORS
330
42
102
}
330
42
100
AcDbScale
 70
     0
300
1/4" = 1'-0"
140
0.25
141
12.0
290
     0
  0
SCALE
  5
4C
102
{ACAD_REACTORS
330
42
102
}
330
42
100
AcDbScale
 70
     0
300
3/8" = 1'-0"
140
0.375
141
12.0
290
     0
  0
SCALE
  5
4D
102
{ACAD_REACTORS
330
42
102
}
330
42
100
AcDbScale
 70
     0
300
1/2" = 1'-0"
140
0.5
141
12.0
290
     0
  0
SCALE
  5
4E
102
{ACAD_REACTORS
330
42
102
}
330
42
100
AcDbScale
 70
     0
300
3/4" = 1'-0"
140
0.75
141
12.0
290
     0
  0
SCALE
  5
4F
102
{ACAD_REACTORS
330
42
102
}
330
42
100
AcDbScale
 70
     0
300
1" = 1'-0"
140
1.0
141
12.0
290
     0
  0
SCALE
  5
50
102
{ACAD_REACTORS
330
42
102
}
330
42
100
AcDbScale
 70
     0
300
1-1/2" = 1'-0"
140
1.5
141
12.0
290
     0
  0
SCALE
  5
51
102
{ACAD_REACTORS
330
42
102
}
330
42
100
AcDbScale
 70
     0
300
3" = 1'-0"
140
3.0
141
12.0
290
     0
  0
SCALE
  5
52
102
{ACAD_REACTORS
330
42
102
}
330
42
100
AcDbScale
 70
     0
300
6" = 1'-0"
140
6.0
141
12.0
290
     0
  0
SCALE
  5
53
102
{ACAD_REACTORS
330
42
102
}
330
42
100
AcDbScale
 70
     0
300
1'-0" = 1'-0"
140
12.0
141
12.0
290
     0
  0
ACDBSECTIONVIEWSTYLE
  5
69
102
{ACAD_REACTORS
330
68
102
}
330
68
100
AcDbModelDocViewStyle
 70
     0
  3
Imperial24
290
     1
300
Imperial24
 90
        0
100
AcDbSectionViewStyle
 70
     0
 71
     0
 90
       78
 71
     1
340
55
 62
   256
 40
0.24
340
0
340
0
 62
   256
 40
0.24
300
I, O, Q, S, X, Z
 40
0.48
 90
        3
 40
0.18
 90
        1
 71
     2
340
5D
 90
       25
 62
   256
340
5D
 90
       50
 62
   256
 40
0.24
 40
0.0
 40
0.24
 71
     3
340
55
 62
   256
 40
0.24
 90
        1
 40
0.75
 90
        1
300
%<\AcVar ViewType \f "%tc1">% %<\AcVar ViewSectionStartId>%-%<\AcVar ViewSectionEndId>%\PSCALE %<\AcVar ViewScale \f "%sn">%
 71
     4
 62
   256
 62
   257
300
ANSI31
 40
1.0
 90
        0
290
     0
290
     0
 90
        6
 40
0.0
 40
1.570796326794896
 40
0.2617993877991494
 40
1.308996938995747
 40
-0.2617993877991494
 40
1.832595714594046
  0
TABLESTYLE
  5
65
102
{ACAD_XDICTIONARY
360
28A
102
}
102
{ACAD_REACTORS
330
64
102
}
330
64
100
AcDbTableStyle
280
     0
  3
Standard
 70
     0
 71
     0
 40
0.06
 41
0.06
280
     0
281
     0
  7
Standard
140
0.18
170
     2
 62
     0
 63
     7
283
     0
 90
      512
 91
        0
  1

274
    -2
284
     1
 64
     0
275
    -2
285
     1
 65
     0
276
    -2
286
     1
 66
     0
277
    -2
287
     1
 67
     0
278
    -2
288
     1
 68
     0
279
    -2
289
     1
 69
     0
  7
Standard
140
0.25
170
     5
 62
     0
 63
     7
283
     0
 90
      512
 91
        0
  1

274
    -2
284
     1
 64
     0
275
    -2
285
     1
 65
     0
276
    -2
286
     1
 66
     0
277
    -2
287
     1
 67
     0
278
    -2
288
     1
 68
     0
279
    -2
289
     1
 69
     0
  7
Standard
140
0.18
170
     5
 62
     0
 63
     7
283
     0
 90
      512
 91
        0
  1

274
    -2
284
     1
 64
     0
275
    -2
285
     1
 65
     0
276
    -2
286
     1
 66
     0
277
    -2
287
     1
 67
     0
278
    -2
288
     1
 68
     0
279
    -2
289
     1
 69
     0
  0
VISUALSTYLE
  5
2F
102
{ACAD_REACTORS
330
29
102
}
330
29
100
AcDbVisualStyle
  2
2dWireframe
 70
     4
177
     3
291
     0
 70
    58
 90
        0
176
     1
 90
        2
176
     1
 90
        0
176
     1
 90
        0
176
     1
 40
0.6
176
     1
 40
30.0
176
     1
 62
     7
420
 16777215
176
     1
 90
        1
176
     1
 90
        4
176
     1
 62
     7
176
     1
 62
   257
176
     1
 90
        1
176
     1
 90
        1
176
     1
 40
1.0
176
     1
 90
        0
176
     1
 62
   257
176
     1
 40
1.0
176
     1
 90
        1
176
     1
 90
        6
176
     1
 90
        2
176
     1
 62
     7
176
     1
 90
        5
176
     1
 90
        0
176
     1
 90
        0
176
     1
290
     0
176
     1
 90
        1
176
     1
 40
0.0
176
     1
 90
        0
176
     1
290
     1
176
     1
290
     1
176
     1
290
     0
176
     1
290
     0
176
     1
290
     0
176
     1
290
     0
176
     1
290
     0
176
     1
290
     0
176
     1
290
     0
176
     1
 90
       50
176
     1
 40
0.0
176
     1
 40
1.0
176
     1
 90
        0
176
     1
 62
    18
420
        0
176
     1
 90
       50
176
     1
 90
        3
176
     1
 62
     5
420
      255
176
     1
290
     0
176
     1
 90
       50
176
     1
 90
       50
176
     1
 90
       50
176
     1
290
     0
176
     1
 90
       50
176
     1
 62
   256
176
     0
 40
1.0
176
     0
 90
        2
176
     1
  1
strokes_ogs.tif
176
     1
290
     0
176
     1
 40
1.0
176
     1
 40
1.0
176
     1
  0
VISUALSTYLE
  5
2E
102
{ACAD_REACTORS
330
29
102
}
330
29
100
AcDbVisualStyle
  2
Basic
 70
     7
177
     3
291
     1
 70
    58
 90
        1
176
     1
 90
        0
176
     1
 90
        1
176
     1
 90
        0
176
     1
 40
0.6
176
     1
 40
30.0
176
     1
 62
     7
420
 16777215
176
     1
 90
        0
176
     1
 90
        4
176
     1
 62
     7
176
     1
 62
   257
176
     1
 90
        1
176
     1
 90
        1
176
     1
 40
1.0
176
     1
 90
        8
176
     1
 62
     7
176
     1
 40
1.0
176
     1
 90
        1
176
     1
 90
        6
176
     1
 90
        2
176
     1
 62
     7
176
     1
 90
        5
176
     1
 90
        0
176
     1
 90
        0
176
     1
290
     0
176
     1
 90
        1
176
     1
 40
0.0
176
     1
 90
        0
176
     1
290
     0
176
     1
290
     1
176
     1
290
     1
176
     1
290
     0
176
     1
290
     0
176
     1
290
     0
176
     1
290
     0
176
     1
290
     0
176
     1
290
     0
176
     1
 90
       50
176
     1
 40
0.0
176
     1
 40
1.0
176
     1
 90
        0
176
     1
 62
    18
420
        0
176
     1
 90
       50
176
     1
 90
        3
176
     1
 62
     5
420
      255
176
     1
290
     0
176
     1
 90
       50
176
     1
 90
       50
176
     1
 90
       50
176
     1
290
     0
176
     1
 90
       50
176
     1
 62
   256
176
     0
 40
1.0
176
     0
 90
        2
176
     1
  1
strokes_ogs.tif
176
     1
290
     0
176
     1
 40
1.0
176
     1
 40
1.0
176
     1
  0
VISUALSTYLE
  5
35
102
{ACAD_REACTORS
330
29
102
}
330
29
100
AcDbVisualStyle
  2
Brighten
 70
    12
177
     3
291
     1
 70
    58
 90
        2
176
     1
 90
        2
176
     1
 90
        0
176
     1
 90
        0
176
     1
 40
0.6
176
     1
 40
30.0
176
     1
 62
     7
420
 16777215
176
     1
 90
        1
176
     1
 90
        4
176
     1
 62
     7
176
     1
 62
   257
176
     1
 90
        1
176
     1
 90
        1
176
     1
 40
1.0
176
     1
 90
        8
176
     1
 62
     7
176
     1
 40
1.0
176
     1
 90
        1
176
     1
 90
        6
176
     1
 90
        2
176
     1
 62
     7
176
     1
 90
        5
176
     1
 90
        0
176
     1
 90
        0
176
     1
290
     0
176
     1
 90
        1
176
     1
 40
50.0
176
     1
 90
        0
176
     1
290
     0
176
     1
290
     1
176
     1
290
     1
176
     1
290
     0
176
     1
290
     0
176
     1
290
     0
176
     1
290
     0
176
     1
290
     0
176
     1
290
     0
176
     1
 90
       50
176
     1
 40
0.0
176
     1
 40
1.0
176
     1
 90
        0
176
     1
 62
    18
420
        0
176
     1
 90
       50
176
     1
 90
        3
176
     1
 62
     5
420
      255
176
     1
290
     0
176
     1
 90
       50
176
     1
 90
       50
176
     1
 90
       50
176
     1
290
     0
176
     1
 90
       50
176
     1
 62
   256
176
     0
 40
1.0
176
     0
 90
        2
176
     1
  1
strokes_ogs.tif
176
     1
290
     0
176
     1
 40
1.0
176
     1
 40
1.0
176
     1
  0
VISUALSTYLE
  5
39
102
{ACAD_REACTORS
330
29
102
}
330
29
100
AcDbVisualStyle
  2
ColorChange
 70
    16
177
     3
291
     1
 70
    58
 90
        2
176
     1
 90
        2
176
     1
 90
        3
176
     1
 90
        0
176
     1
 40
0.6
176
     1
 40
30.0
176
     1
 62
     8
420
  8421504
176
     1
 90
        1
176
     1
 90
        4
176
     1
 62
     7
176
     1
 62
   257
176
     1
 90
        1
176
     1
 90
        1
176
     1
 40
1.0
176
     1
 90
        8
176
     1
 62
     8
420
  8421504
176
     1
 40
1.0
176
     1
 90
        1
176
     1
 90
        6
176
     1
 90
        2
176
     1
 62
     7
176
     1
 90
        5
176
     1
 90
        0
176
     1
 90
        0
176
     1
290
     0
176
     1
 90
        1
176
     1
 40
0.0
176
     1
 90
        0
176
     1
290
     0
176
     1
290
     1
176
     1
290
     1
176
     1
290
     0
176
     1
290
     0
176
     1
290
     0
176
     1
290
     0
176
     1
290
     0
176
     1
290
     0
176
     1
 90
       50
176
     1
 40
0.0
176
     1
 40
1.0
176
     1
 90
        0
176
     1
 62
    18
420
        0
176
     1
 90
       50
176
     1
 90
        3
176
     1
 62
     5
420
      255
176
     1
290
     0
176
     1
 90
       50
176
     1
 90
       50
176
     1
 90
       50
176
     1
290
     0
176
     1
 90
       50
176
     1
 62
   256
176
     0
 40
1.0
176
     0
 90
        2
176
     1
  1
strokes_ogs.tif
176
     1
290
     0
176
     1
 40
1.0
176
     1
 40
1.0
176
     1
  0
VISUALSTYLE
  5
32
102
{ACAD_REACTORS
330
29
102
}
330
29
100
AcDbVisualStyle
  2
Conceptual
 70
     9
177
     3
291
     0
 70
    58
 90
        3
176
     1
 90
        2
176
     1
 90
        0
176
     1
 90
        0
176
     1
 40
0.6
176
     1
 40
30.0
176
     1
 62
     7
420
 16777215
176
     1
 90
        2
176
     1
 90
        2
176
     1
 62
     7
176
     1
 62
   257
176
     1
 90
        1
176
     1
 90
        1
176
     1
 40
179.0
176
     1
 90
        8
176
     1
 62
     7
176
     1
 40
1.0
176
     1
 90
        1
176
     1
 90
        6
176
     1
 90
        2
176
     1
 62
     7
176
     1
 90
        3
176
     1
 90
        0
176
     1
 90
        0
176
     1
290
     0
176
     1
 90
        1
176
     1
 40
0.0
176
     1
 90
        0
176
     1
290
     0
176
     1
290
     1
176
     1
290
     1
176
     1
290
     0
176
     1
290
     0
176
     1
290
     0
176
     1
290
     0
176
     1
290
     0
176
     1
290
     0
176
     1
 90
       50
176
     1
 40
0.0
176
     1
 40
1.0
176
     1
 90
        0
176
     1
 62
    18
420
        0
176
     1
 90
       50
176
     1
 90
        3
176
     1
 62
     5
420
      255
176
     1
290
     0
176
     1
 90
       50
176
     1
 90
       50
176
     1
 90
       50
176
     1
290
     0
176
     1
 90
       50
176
     1
 62
   256
176
     0
 40
1.0
176
     0
 90
        2
176
     1
  1
strokes_ogs.tif
176
     1
290
     0
176
     1
 40
1.0
176
     1
 40
1.0
176
     1
  0
VISUALSTYLE
  5
34
102
{ACAD_REACTORS
330
29
102
}
330
29
100
AcDbVisualStyle
  2
Dim
 70
    11
177
     3
291
     1
 70
    58
 90
        2
176
     1
 90
        2
176
     1
 90
        0
176
     1
 90
        0
176
     1
 40
0.6
176
     1
 40
30.0
176
     1
 62
     7
420
 16777215
176
     1
 90
        1
176
     1
 90
        4
176
     1
 62
     7
176
     1
 62
   257
176
     1
 90
        1
176
     1
 90
        1
176
     1
 40
1.0
176
     1
 90
        8
176
     1
 62
     7
176
     1
 40
1.0
176
     1
 90
        1
176
     1
 90
        6
176
     1
 90
        2
176
     1
 62
     7
176
     1
 90
        5
176
     1
 90
        0
176
     1
 90
        0
176
     1
290
     0
176
     1
 90
        1
176
     1
 40
-50.0
176
     1
 90
        0
176
     1
290
     0
176
     1
290
     1
176
     1
290
     1
176
     1
290
     0
176
     1
290
     0
176
     1
290
     0
176
     1
290
     0
176
     1
290
     0
176
     1
290
     0
176
     1
 90
       50
176
     1
 40
0.0
176
     1
 40
1.0
176
     1
 90
        0
176
     1
 62
    18
420
        0
176
     1
 90
       50
176
     1
 90
        3
176
     1
 62
     5
420
      255
176
     1
290
     0
176
     1
 90
       50
176
     1
 90
       50
176
     1
 90
       50
176
     1
290
     0
176
     1
 90
       50
176
     1
 62
   256
176
     0
 40
1.0
176
     0
 90
        2
176
     1
  1
strokes_ogs.tif
176
     1
290
     0
176
     1
 40
1.0
176
     1
 40
1.0
176
     1
  0
VISUALSTYLE
  5
41
102
{ACAD_REACTORS
330
29
102
}
330
29
100
AcDbVisualStyle
  2
EdgeColorOff
 70
    22
177
     3
291
     1
 70
    58
 90
        2
176
     0
 90
        2
176
     0
 90
        0
176
     0
 90
        0
176
     0
 40
0.6
176
     0
 40
30.0
176
     0
 62
     7
420
 16777215
176
     0
 90
        1
176
     0
 90
        4
176
     0
 62
     7
176
     0
 62
   257
176
     0
 90
        1
176
     0
 90
        1
176
     0
 40
1.0
176
     0
 90
        8
176
     2
 62
     7
176
     0
 40
1.0
176
     0
 90
        1
176
     0
 90
        6
176
     0
 90
        2
176
     0
 62
     7
176
     0
 90
        5
176
     0
 90
        0
176
     0
 90
        0
176
     0
290
     0
176
     0
 90
        1
176
     0
 40
0.0
176
     0
 90
        0
176
     0
290
     0
176
     0
290
     1
176
     0
290
     1
176
     0
290
     0
176
     0
290
     0
176
     0
290
     0
176
     0
290
     0
176
     0
290
     0
176
     0
290
     0
176
     0
 90
       50
176
     0
 40
0.0
176
     0
 40
1.0
176
     0
 90
        0
176
     0
 62
    18
420
        0
176
     0
 90
       50
176
     0
 90
        3
176
     0
 62
     5
420
      255
176
     0
290
     0
176
     0
 90
       50
176
     0
 90
       50
176
     0
 90
       50
176
     0
290
     0
176
     0
 90
       50
176
     0
 62
   256
176
     0
 40
1.0
176
     0
 90
        2
176
     0
  1
strokes_ogs.tif
176
     0
290
     0
176
     0
 40
1.0
176
     0
 40
1.0
176
     0
  0
VISUALSTYLE
  5
38
102
{ACAD_REACTORS
330
29
102
}
330
29
100
AcDbVisualStyle
  2
Facepattern
 70
    15
177
     3
291
     1
 70
    58
 90
        2
176
     1
 90
        2
176
     1
 90
        0
176
     1
 90
        0
176
     1
 40
0.6
176
     1
 40
30.0
176
     1
 62
     7
420
 16777215
176
     1
 90
        1
176
     1
 90
        4
176
     1
 62
     7
176
     1
 62
   257
176
     1
 90
        1
176
     1
 90
        1
176
     1
 40
1.0
176
     1
 90
        8
176
     1
 62
     7
176
     1
 40
1.0
176
     1
 90
        1
176
     1
 90
        6
176
     1
 90
        2
176
     1
 62
     7
176
     1
 90
        5
176
     1
 90
        0
176
     1
 90
        0
176
     1
290
     0
176
     1
 90
        1
176
     1
 40
0.0
176
     1
 90
        0
176
     1
290
     0
176
     1
290
     1
176
     1
290
     1
176
     1
290
     0
176
     1
290
     0
176
     1
290
     0
176
     1
290
     0
176
     1
290
     0
176
     1
290
     0
176
     1
 90
       50
176
     1
 40
0.0
176
     1
 40
1.0
176
     1
 90
        0
176
     1
 62
    18
420
        0
176
     1
 90
       50
176
     1
 90
        3
176
     1
 62
     5
420
      255
176
     1
290
     0
176
     1
 90
       50
176
     1
 90
       50
176
     1
 90
       50
176
     1
290
     0
176
     1
 90
       50
176
     1
 62
   256
176
     0
 40
1.0
176
     0
 90
        2
176
     1
  1
strokes_ogs.tif
176
     1
290
     0
176
     1
 40
1.0
176
     1
 40
1.0
176
     1
  0
VISUALSTYLE
  5
2A
102
{ACAD_REACTORS
330
29
102
}
330
29
100
AcDbVisualStyle
  2
Flat
 70
     0
177
     3
291
     1
 70
    58
 90
        2
176
     1
 90
        1
176
     1
 90
        1
176
     1
 90
        2
176
     1
 40
0.6
176
     1
 40
30.0
176
     1
 62
     7
420
 16777215
176
     1
 90
        0
176
     1
 90
        0
176
     1
 62
     7
176
     1
 62
   257
176
     1
 90
        1
176
     1
 90
        1
176
     1
 40
1.0
176
     1
 90
        8
176
     1
 62
     7
176
     1
 40
1.0
176
     1
 90
        1
176
     1
 90
        6
176
     1
 90
        2
176
     1
 62
     7
176
     1
 90
        5
176
     1
 90
        0
176
     1
 90
        0
176
     1
290
     0
176
     1
 90
       13
176
     1
 40
0.0
176
     1
 90
        0
176
     1
290
     0
176
     1
290
     1
176
     1
290
     1
176
     1
290
     0
176
     1
290
     0
176
     1
290
     0
176
     1
290
     0
176
     1
290
     0
176
     1
290
     0
176
     1
 90
       50
176
     1
 40
0.0
176
     1
 40
1.0
176
     1
 90
        0
176
     1
 62
    18
420
        0
176
     1
 90
       50
176
     1
 90
        3
176
     1
 62
     5
420
      255
176
     1
290
     0
176
     1
 90
       50
176
     1
 90
       50
176
     1
 90
       50
176
     1
290
     0
176
     1
 90
       50
176
     1
 62
   256
176
     0
 40
1.0
176
     0
 90
        2
176
     1
  1
strokes_ogs.tif
176
     1
290
     0
176
     1
 40
1.0
176
     1
 40
1.0
176
     1
  0
VISUALSTYLE
  5
2B
102
{ACAD_REACTORS
330
29
102
}
330
29
100
AcDbVisualStyle
  2
FlatWithEdges
 70
     1
177
     3
291
     1
 70
    58
 90
        2
176
     1
 90
        1
176
     1
 90
        1
176
     1
 90
        2
176
     1
 40
0.6
176
     1
 40
30.0
176
     1
 62
     7
420
 16777215
176
     1
 90
        1
176
     1
 90
        0
176
     1
 62
     7
176
     1
 62
   257
176
     1
 90
        1
176
     1
 90
        1
176
     1
 40
1.0
176
     1
 90
        0
176
     1
 62
   257
176
     1
 40
1.0
176
     1
 90
        1
176
     1
 90
        6
176
     1
 90
        2
176
     1
 62
     7
176
     1
 90
        5
176
     1
 90
        0
176
     1
 90
        0
176
     1
290
     0
176
     1
 90
       13
176
     1
 40
0.0
176
     1
 90
        0
176
     1
290
     0
176
     1
290
     1
176
     1
290
     1
176
     1
290
     0
176
     1
290
     0
176
     1
290
     0
176
     1
290
     0
176
     1
290
     0
176
     1
290
     0
176
     1
 90
       50
176
     1
 40
0.0
176
     1
 40
1.0
176
     1
 90
        0
176
     1
 62
    18
420
        0
176
     1
 90
       50
176
     1
 90
        3
176
     1
 62
     5
420
      255
176
     1
290
     0
176
     1
 90
       50
176
     1
 90
       50
176
     1
 90
       50
176
     1
290
     0
176
     1
 90
       50
176
     1
 62
   256
176
     0
 40
1.0
176
     0
 90
        2
176
     1
  1
strokes_ogs.tif
176
     1
290
     0
176
     1
 40
1.0
176
     1
 40
1.0
176
     1
  0
VISUALSTYLE
  5
2C
102
{ACAD_REACTORS
330
29
102
}
330
29
100
AcDbVisualStyle
  2
Gouraud
 70
     2
177
     3
291
     1
 70
    58
 90
        2
176
     1
 90
        2
176
     1
 90
        1
176
     1
 90
        2
176
     1
 40
0.6
176
     1
 40
30.0
176
     1
 62
     7
420
 16777215
176
     1
 90
        0
176
     1
 90
        0
176
     1
 62
     7
176
     1
 62
   257
176
     1
 90
        1
176
     1
 90
        1
176
     1
 40
1.0
176
     1
 90
        0
176
     1
 62
     7
176
     1
 40
1.0
176
     1
 90
        1
176
     1
 90
        6
176
     1
 90
        2
176
     1
 62
     7
176
     1
 90
        5
176
     1
 90
        0
176
     1
 90
        0
176
     1
290
     0
176
     1
 90
       13
176
     1
 40
0.0
176
     1
 90
        0
176
     1
290
     0
176
     1
290
     1
176
     1
290
     1
176
     1
290
     0
176
     1
290
     0
176
     1
290
     0
176
     1
290
     0
176
     1
290
     0
176
     1
290
     0
176
     1
 90
       50
176
     1
 40
0.0
176
     1
 40
1.0
176
     1
 90
        0
176
     1
 62
    18
420
        0
176
     1
 90
       50
176
     1
 90
        3
176
     1
 62
     5
420
      255
176
     1
290
     0
176
     1
 90
       50
176
     1
 90
       50
176
     1
 90
       50
176
     1
290
     0
176
     1
 90
       50
176
     1
 62
   256
176
     0
 40
1.0
176
     0
 90
        2
176
     1
  1
strokes_ogs.tif
176
     1
290
     0
176
     1
 40
1.0
176
     1
 40
1.0
176
     1
  0
VISUALSTYLE
  5
2D
102
{ACAD_REACTORS
330
29
102
}
330
29
100
AcDbVisualStyle
  2
GouraudWithEdges
 70
     3
177
     3
291
     1
 70
    58
 90
        2
176
     1
 90
        2
176
     1
 90
        1
176
     1
 90
        2
176
     1
 40
0.6
176
     1
 40
30.0
176
     1
 62
     7
420
 16777215
176
     1
 90
        1
176
     1
 90
        0
176
     1
 62
     7
176
     1
 62
   257
176
     1
 90
        1
176
     1
 90
        1
176
     1
 40
1.0
176
     1
 90
        0
176
     1
 62
   257
176
     1
 40
1.0
176
     1
 90
        1
176
     1
 90
        6
176
     1
 90
        2
176
     1
 62
     7
176
     1
 90
        5
176
     1
 90
        0
176
     1
 90
        0
176
     1
290
     0
176
     1
 90
       13
176
     1
 40
0.0
176
     1
 90
        0
176
     1
290
     0
176
     1
290
     1
176
     1
290
     1
176
     1
290
     0
176
     1
290
     0
176
     1
290
     0
176
     1
290
     0
176
     1
290
     0
176
     1
290
     0
176
     1
 90
       50
176
     1
 40
0.0
176
     1
 40
1.0
176
     1
 90
        0
176
     1
 62
    18
420
        0
176
     1
 90
       50
176
     1
 90
        3
176
     1
 62
     5
420
      255
176
     1
290
     0
176
     1
 90
       50
176
     1
 90
       50
176
     1
 90
       50
176
     1
290
     0
176
     1
 90
       50
176
     1
 62
   256
176
     0
 40
1.0
176
     0
 90
        2
176
     1
  1
strokes_ogs.tif
176
     1
290
     0
176
     1
 40
1.0
176
     1
 40
1.0
176
     1
  0
VISUALSTYLE
  5
31
102
{ACAD_REACTORS
330
29
102
}
330
29
100
AcDbVisualStyle
  2
Hidden
 70
     6
177
     3
291
     0
 70
    58
 90
        1
176
     1
 90
        2
176
     1
 90
        2
176
     1
 90
        0
176
     1
 40
0.6
176
     1
 40
30.0
176
     1
 62
     7
420
 16777215
176
     1
 90
        2
176
     1
 90
        2
176
     1
 62
     7
176
     1
 62
   257
176
     1
 90
        2
176
     1
 90
        1
176
     1
 40
40.0
176
     1
 90
        0
176
     1
 62
   257
176
     1
 40
1.0
176
     1
 90
        1
176
     1
 90
        6
176
     1
 90
        2
176
     1
 62
     7
176
     1
 90
        3
176
     1
 90
        0
176
     1
 90
        0
176
     1
290
     0
176
     1
 90
        1
176
     1
 40
0.0
176
     1
 90
        0
176
     1
290
     0
176
     1
290
     1
176
     1
290
     1
176
     1
290
     0
176
     1
290
     0
176
     1
290
     0
176
     1
290
     0
176
     1
290
     0
176
     1
290
     0
176
     1
 90
       50
176
     1
 40
0.0
176
     1
 40
1.0
176
     1
 90
        0
176
     1
 62
    18
420
        0
176
     1
 90
       50
176
     1
 90
        3
176
     1
 62
     5
420
      255
176
     1
290
     0
176
     1
 90
       50
176
     1
 90
       50
176
     1
 90
       50
176
     1
290
     0
176
     1
 90
       50
176
     1
 62
   256
176
     0
 40
1.0
176
     0
 90
        2
176
     1
  1
strokes_ogs.tif
176
     1
290
     0
176
     1
 40
1.0
176
     1
 40
1.0
176
     1
  0
VISUALSTYLE
  5
3F
102
{ACAD_REACTORS
330
29
102
}
330
29
100
AcDbVisualStyle
  2
JitterOff
 70
    20
177
     3
291
     1
 70
    58
 90
        2
176
     0
 90
        2
176
     0
 90
        0
176
     0
 90
        0
176
     0
 40
0.6
176
     0
 40
30.0
176
     0
 62
     7
420
 16777215
176
     0
 90
        1
176
     0
 90
        4
176
     0
 62
     7
176
     0
 62
   257
176
     0
 90
        1
176
     0
 90
        1
176
     0
 40
1.0
176
     0
 90
       10
176
     2
 62
     7
176
     0
 40
1.0
176
     0
 90
        1
176
     0
 90
        6
176
     0
 90
        2
176
     0
 62
     7
176
     0
 90
        5
176
     0
 90
        0
176
     0
 90
        0
176
     0
290
     0
176
     0
 90
        1
176
     0
 40
0.0
176
     0
 90
        0
176
     0
290
     0
176
     0
290
     1
176
     0
290
     1
176
     0
290
     0
176
     0
290
     0
176
     0
290
     0
176
     0
290
     0
176
     0
290
     0
176
     0
290
     0
176
     0
 90
       50
176
     0
 40
0.0
176
     0
 40
1.0
176
     0
 90
        0
176
     0
 62
    18
420
        0
176
     0
 90
       50
176
     0
 90
        3
176
     0
 62
     5
420
      255
176
     0
290
     0
176
     0
 90
       50
176
     0
 90
       50
176
     0
 90
       50
176
     0
290
     0
176
     0
 90
       50
176
     0
 62
   256
176
     0
 40
1.0
176
     0
 90
        2
176
     0
  1
strokes_ogs.tif
176
     0
290
     0
176
     0
 40
1.0
176
     0
 40
1.0
176
     0
  0
VISUALSTYLE
  5
37
102
{ACAD_REACTORS
330
29
102
}
330
29
100
AcDbVisualStyle
  2
Linepattern
 70
    14
177
     3
291
     1
 70
    58
 90
        2
176
     1
 90
        2
176
     1
 90
        0
176
     1
 90
        0
176
     1
 40
0.6
176
     1
 40
30.0
176
     1
 62
     7
420
 16777215
176
     1
 90
        1
176
     1
 90
        4
176
     1
 62
     7
176
     1
 62
   257
176
     1
 90
        7
176
     1
 90
        7
176
     1
 40
1.0
176
     1
 90
        8
176
     1
 62
     7
176
     1
 40
1.0
176
     1
 90
        1
176
     1
 90
        6
176
     1
 90
        2
176
     1
 62
     7
176
     1
 90
        5
176
     1
 90
        0
176
     1
 90
        0
176
     1
290
     0
176
     1
 90
        1
176
     1
 40
0.0
176
     1
 90
        0
176
     1
290
     0
176
     1
290
     1
176
     1
290
     1
176
     1
290
     0
176
     1
290
     0
176
     1
290
     0
176
     1
290
     0
176
     1
290
     0
176
     1
290
     0
176
     1
 90
       50
176
     1
 40
0.0
176
     1
 40
1.0
176
     1
 90
        0
176
     1
 62
    18
420
        0
176
     1
 90
       50
176
     1
 90
        3
176
     1
 62
     5
420
      255
176
     1
290
     0
176
     1
 90
       50
176
     1
 90
       50
176
     1
 90
       50
176
     1
290
     0
176
     1
 90
       50
176
     1
 62
   256
176
     0
 40
1.0
176
     0
 90
        2
176
     1
  1
strokes_ogs.tif
176
     1
290
     0
176
     1
 40
1.0
176
     1
 40
1.0
176
     1
  0
VISUALSTYLE
  5
40
102
{ACAD_REACTORS
330
29
102
}
330
29
100
AcDbVisualStyle
  2
OverhangOff
 70
    21
177
     3
291
     1
 70
    58
 90
        2
176
     0
 90
        2
176
     0
 90
        0
176
     0
 90
        0
176
     0
 40
0.6
176
     0
 40
30.0
176
     0
 62
     7
420
 16777215
176
     0
 90
        1
176
     0
 90
        4
176
     0
 62
     7
176
     0
 62
   257
176
     0
 90
        1
176
     0
 90
        1
176
     0
 40
1.0
176
     0
 90
        9
176
     2
 62
     7
176
     0
 40
1.0
176
     0
 90
        1
176
     0
 90
        6
176
     0
 90
        2
176
     0
 62
     7
176
     0
 90
        5
176
     0
 90
        0
176
     0
 90
        0
176
     0
290
     0
176
     0
 90
        1
176
     0
 40
0.0
176
     0
 90
        0
176
     0
290
     0
176
     0
290
     1
176
     0
290
     1
176
     0
290
     0
176
     0
290
     0
176
     0
290
     0
176
     0
290
     0
176
     0
290
     0
176
     0
290
     0
176
     0
 90
       50
176
     0
 40
0.0
176
     0
 40
1.0
176
     0
 90
        0
176
     0
 62
    18
420
        0
176
     0
 90
       50
176
     0
 90
        3
176
     0
 62
     5
420
      255
176
     0
290
     0
176
     0
 90
       50
176
     0
 90
       50
176
     0
 90
       50
176
     0
290
     0
176
     0
 90
       50
176
     0
 62
   256
176
     0
 40
1.0
176
     0
 90
        2
176
     0
  1
strokes_ogs.tif
176
     0
290
     0
176
     0
 40
1.0
176
     0
 40
1.0
176
     0
  0
VISUALSTYLE
  5
33
102
{ACAD_REACTORS
330
29
102
}
330
29
100
AcDbVisualStyle
  2
Realistic
 70
     8
177
     3
291
     0
 70
    58
 90
        2
176
     1
 90
        3
176
     1
 90
        0
176
     1
 90
        2
176
     1
 40
0.6
176
     1
 40
30.0
176
     1
 62
     7
420
 16777215
176
     1
 90
        0
176
     1
 90
        0
176
     1
 62
     7
176
     1
 62
   257
176
     1
 90
        1
176
     1
 90
        1
176
     1
 40
1.0
176
     1
 90
        8
176
     1
 62
   257
176
     1
 40
1.0
176
     1
 90
        1
176
     1
 90
        6
176
     1
 90
        2
176
     1
 62
     7
176
     1
 90
        3
176
     1
 90
        0
176
     1
 90
        0
176
     1
290
     0
176
     1
 90
       13
176
     1
 40
0.0
176
     1
 90
        0
176
     1
290
     0
176
     1
290
     1
176
     1
290
     1
176
     1
290
     0
176
     1
290
     0
176
     1
290
     0
176
     1
290
     0
176
     1
290
     0
176
     1
290
     0
176
     1
 90
       50
176
     1
 40
0.0
176
     1
 40
1.0
176
     1
 90
        0
176
     1
 62
    18
420
        0
176
     1
 90
       50
176
     1
 90
        3
176
     1
 62
     5
420
      255
176
     1
290
     0
176
     1
 90
       50
176
     1
 90
       50
176
     1
 90
       50
176
     1
290
     0
176
     1
 90
       50
176
     1
 62
   256
176
     0
 40
1.0
176
     0
 90
        2
176
     1
  1
strokes_ogs.tif
176
     1
290
     0
176
     1
 40
1.0
176
     1
 40
1.0
176
     1
  0
VISUALSTYLE
  5
3E
102
{ACAD_REACTORS
330
29
102
}
330
29
100
AcDbVisualStyle
  2
Shaded
 70
    27
177
     3
291
     0
 70
    58
 90
        2
176
     1
 90
        2
176
     1
 90
        1
176
     1
 90
        2
176
     1
 40
0.6
176
     1
 40
30.0
176
     1
 62
     7
420
 16777215
176
     1
 90
        0
176
     1
 90
        4
176
     1
 62
     7
176
     1
 62
   257
176
     1
 90
        1
176
     1
 90
        1
176
     1
 40
1.0
176
     1
 90
        8
176
     1
 62
   257
176
     1
 40
1.0
176
     1
 90
        1
176
     1
 90
        6
176
     1
 90
        2
176
     1
 62
     8
420
  7895160
176
     1
 90
        3
176
     1
 90
        0
176
     1
 90
        0
176
     1
290
     0
176
     1
 90
        5
176
     1
 40
0.0
176
     1
 90
        0
176
     1
290
     0
176
     1
290
     1
176
     1
290
     1
176
     1
290
     0
176
     1
290
     0
176
     1
290
     0
176
     1
290
     0
176
     1
290
     0
176
     1
290
     0
176
     1
 90
       50
176
     1
 40
0.0
176
     1
 40
1.0
176
     1
 90
        0
176
     1
 62
    18
420
        0
176
     1
 90
       50
176
     1
 90
        3
176
     1
 62
     5
420
      255
176
     1
290
     0
176
     1
 90
       50
176
     1
 90
       50
176
     1
 90
       50
176
     1
290
     0
176
     1
 90
       50
176
     1
 62
   256
176
     0
 40
1.0
176
     0
 90
        2
176
     1
  1
strokes_ogs.tif
176
     1
290
     0
176
     1
 40
1.0
176
     1
 40
1.0
176
     1
  0
VISUALSTYLE
  5
3D
102
{ACAD_REACTORS
330
29
102
}
330
29
100
AcDbVisualStyle
  2
Shaded with edges
 70
    26
177
     3
291
     0
 70
    58
 90
        2
176
     1
 90
        2
176
     1
 90
        1
176
     1
 90
        2
176
     1
 40
0.6
176
     1
 40
30.0
176
     1
 62
     7
420
 16777215
176
     1
 90
        1
176
     1
 90
        2
176
     1
 62
     7
176
     1
 62
   257
176
     1
 90
        2
176
     1
 90
        1
176
     1
 40
1.0
176
     1
 90
        8
176
     1
 62
   257
176
     1
 40
1.0
176
     1
 90
        1
176
     1
 90
        6
176
     1
 90
        2
176
     1
 62
     7
176
     1
 90
        3
176
     1
 90
        0
176
     1
 90
        0
176
     1
290
     0
176
     1
 90
        5
176
     1
 40
0.0
176
     1
 90
        0
176
     1
290
     0
176
     1
290
     1
176
     1
290
     1
176
     1
290
     0
176
     1
290
     0
176
     1
290
     0
176
     1
290
     0
176
     1
290
     0
176
     1
290
     0
176
     1
 90
       50
176
     1
 40
0.0
176
     1
 40
1.0
176
     1
 90
        0
176
     1
 62
    18
420
        0
176
     1
 90
       50
176
     1
 90
        3
176
     1
 62
     5
420
      255
176
     1
290
     0
176
     1
 90
       50
176
     1
 90
       50
176
     1
 90
       50
176
     1
290
     0
176
     1
 90
       50
176
     1
 62
   256
176
     0
 40
1.0
176
     0
 90
        2
176
     1
  1
strokes_ogs.tif
176
     1
290
     0
176
     1
 40
1.0
176
     1
 40
1.0
176
     1
  0
VISUALSTYLE
  5
3A
102
{ACAD_REACTORS
330
29
102
}
330
29
100
AcDbVisualStyle
  2
Shades of Gray
 70
    23
177
     3
291
     0
 70
    58
 90
        2
176
     1
 90
        2
176
     1
 90
        3
176
     1
 90
        0
176
     1
 40
0.6
176
     1
 40
30.0
176
     1
 62
     7
420
 16777215
176
     1
 90
        2
176
     1
 90
        2
176
     1
 62
     7
176
     1
 62
     7
176
     1
 90
        1
176
     1
 90
        1
176
     1
 40
40.0
176
     1
 90
        8
176
     1
 62
     7
176
     1
 40
1.0
176
     1
 90
        1
176
     1
 90
        6
176
     1
 90
        2
176
     1
 62
     7
176
     1
 90
        3
176
     1
 90
        0
176
     1
 90
        0
176
     1
290
     0
176
     1
 90
        1
176
     1
 40
0.0
176
     1
 90
        0
176
     1
290
     0
176
     1
290
     1
176
     1
290
     1
176
     1
290
     0
176
     1
290
     0
176
     1
290
     0
176
     1
290
     0
176
     1
290
     0
176
     1
290
     0
176
     1
 90
       50
176
     1
 40
0.0
176
     1
 40
1.0
176
     1
 90
        0
176
     1
 62
    18
420
        0
176
     1
 90
       50
176
     1
 90
        3
176
     1
 62
     5
420
      255
176
     1
290
     0
176
     1
 90
       50
176
     1
 90
       50
176
     1
 90
       50
176
     1
290
     0
176
     1
 90
       50
176
     1
 62
   256
176
     0
 40
1.0
176
     0
 90
        2
176
     1
  1
strokes_ogs.tif
176
     1
290
     0
176
     1
 40
1.0
176
     1
 40
1.0
176
     1
  0
VISUALSTYLE
  5
3B
102
{ACAD_REACTORS
330
29
102
}
330
29
100
AcDbVisualStyle
  2
Sketchy
 70
    24
177
     3
291
     0
 70
    58
 90
        1
176
     1
 90
        2
176
     1
 90
        2
176
     1
 90
        0
176
     1
 40
0.6
176
     1
 40
30.0
176
     1
 62
     7
420
 16777215
176
     1
 90
        2
176
     1
 90
        2
176
     1
 62
     7
176
     1
 62
     7
176
     1
 90
        1
176
     1
 90
        1
176
     1
 40
40.0
176
     1
 90
       11
176
     1
 62
     7
176
     1
 40
1.0
176
     1
 90
        1
176
     1
 90
        6
176
     1
 90
        2
176
     1
 62
     7
176
     1
 90
        6
176
     1
 90
        0
176
     1
 90
        0
176
     1
290
     0
176
     1
 90
        1
176
     1
 40
0.0
176
     1
 90
        0
176
     1
290
     0
176
     1
290
     1
176
     1
290
     1
176
     1
290
     0
176
     1
290
     0
176
     1
290
     0
176
     1
290
     0
176
     1
290
     0
176
     1
290
     0
176
     1
 90
       50
176
     1
 40
0.0
176
     1
 40
1.0
176
     1
 90
        0
176
     1
 62
    18
420
        0
176
     1
 90
       50
176
     1
 90
        3
176
     1
 62
     5
420
      255
176
     1
290
     0
176
     1
 90
       50
176
     1
 90
       50
176
     1
 90
       50
176
     1
290
     0
176
     1
 90
       50
176
     1
 62
   256
176
     0
 40
1.0
176
     0
 90
        2
176
     1
  1
strokes_ogs.tif
176
     1
290
     0
176
     1
 40
1.0
176
     1
 40
1.0
176
     1
  0
VISUALSTYLE
  5
36
102
{ACAD_REACTORS
330
29
102
}
330
29
100
AcDbVisualStyle
  2
Thicken
 70
    13
177
     3
291
     1
 70
    58
 90
        2
176
     1
 90
        2
176
     1
 90
        0
176
     1
 90
        0
176
     1
 40
0.6
176
     1
 40
30.0
176
     1
 62
     7
420
 16777215
176
     1
 90
        1
176
     1
 90
        4
176
     1
 62
     7
176
     1
 62
   257
176
     1
 90
        1
176
     1
 90
        1
176
     1
 40
1.0
176
     1
 90
       12
176
     1
 62
     7
176
     1
 40
1.0
176
     1
 90
        1
176
     1
 90
        6
176
     1
 90
        2
176
     1
 62
     7
176
     1
 90
        5
176
     1
 90
        0
176
     1
 90
        0
176
     1
290
     0
176
     1
 90
        1
176
     1
 40
0.0
176
     1
 90
        0
176
     1
290
     0
176
     1
290
     1
176
     1
290
     1
176
     1
290
     0
176
     1
290
     0
176
     1
290
     0
176
     1
290
     0
176
     1
290
     0
176
     1
290
     0
176
     1
 90
       50
176
     1
 40
0.0
176
     1
 40
1.0
176
     1
 90
        0
176
     1
 62
    18
420
        0
176
     1
 90
       50
176
     1
 90
        3
176
     1
 62
     5
420
      255
176
     1
290
     0
176
     1
 90
       50
176
     1
 90
       50
176
     1
 90
       50
176
     1
290
     0
176
     1
 90
       50
176
     1
 62
   256
176
     0
 40
1.0
176
     0
 90
        2
176
     1
  1
strokes_ogs.tif
176
     1
290
     0
176
     1
 40
1.0
176
     1
 40
1.0
176
     1
  0
VISUALSTYLE
  5
30
102
{ACAD_REACTORS
330
29
102
}
330
29
100
AcDbVisualStyle
  2
Wireframe
 70
     5
177
     3
291
     0
 70
    58
 90
        0
176
     1
 90
        2
176
     1
 90
        0
176
     1
 90
        0
176
     1
 40
0.6
176
     1
 40
30.0
176
     1
 62
     7
420
 16777215
176
     1
 90
        1
176
     1
 90
        4
176
     1
 62
     7
176
     1
 62
   257
176
     1
 90
        1
176
     1
 90
        1
176
     1
 40
1.0
176
     1
 90
        0
176
     1
 62
   257
176
     1
 40
1.0
176
     1
 90
        1
176
     1
 90
        6
176
     1
 90
        2
176
     1
 62
     7
176
     1
 90
        3
176
     1
 90
        0
176
     1
 90
        0
176
     1
290
     0
176
     1
 90
        1
176
     1
 40
0.0
176
     1
 90
        0
176
     1
290
     0
176
     1
290
     1
176
     1
290
     1
176
     1
290
     0
176
     1
290
     0
176
     1
290
     0
176
     1
290
     0
176
     1
290
     0
176
     1
290
     0
176
     1
 90
       50
176
     1
 40
0.0
176
     1
 40
1.0
176
     1
 90
        0
176
     1
 62
    18
420
        0
176
     1
 90
       50
176
     1
 90
        3
176
     1
 62
     5
420
      255
176
     1
290
     0
176
     1
 90
       50
176
     1
 90
       50
176
     1
 90
       50
176
     1
290
     0
176
     1
 90
       50
176
     1
 62
   256
176
     0
 40
1.0
176
     0
 90
        2
176
     1
  1
strokes_ogs.tif
176
     1
290
     0
176
     1
 40
1.0
176
     1
 40
1.0
176
     1
  0
VISUALSTYLE
  5
3C
102
{ACAD_REACTORS
330
29
102
}
330
29
100
AcDbVisualStyle
  2
X-Ray
 70
    25
177
     3
291
     0
 70
    58
 90
        2
176
     1
 90
        2
176
     1
 90
        1
176
     1
 90
        1
176
     1
 40
0.5
176
     1
 40
30.0
176
     1
 62
     7
420
 16777215
176
     1
 90
        1
176
     1
 90
        0
176
     1
 62
     7
176
     1
 62
   257
176
     1
 90
        1
176
     1
 90
        1
176
     1
 40
1.0
176
     1
 90
        8
176
     1
 62
     7
176
     1
 40
1.0
176
     1
 90
        1
176
     1
 90
        6
176
     1
 90
        2
176
     1
 62
     7
176
     1
 90
        3
176
     1
 90
        0
176
     1
 90
        0
176
     1
290
     0
176
     1
 90
       13
176
     1
 40
0.0
176
     1
 90
        0
176
     1
290
     0
176
     1
290
     1
176
     1
290
     1
176
     1
290
     0
176
     1
290
     0
176
     1
290
     0
176
     1
290
     0
176
     1
290
     0
176
     1
290
     0
176
     1
 90
       50
176
     1
 40
0.0
176
     1
 40
1.0
176
     1
 90
        0
176
     1
 62
    18
420
        0
176
     1
 90
       50
176
     1
 90
        3
176
     1
 62
     5
420
      255
176
     1
290
     0
176
     1
 90
       50
176
     1
 90
       50
176
     1
 90
       50
176
     1
290
     0
176
     1
 90
       50
176
     1
 62
   256
176
     0
 40
1.0
176
     0
 90
        2
176
     1
  1
strokes_ogs.tif
176
     1
290
     0
176
     1
 40
1.0
176
     1
 40
1.0
176
     1
  0
DICTIONARYVAR
  5
289
102
{ACAD_REACTORS
330
284
102
}
330
284
100
DictionaryVariables
280
     0
  1
1:1
  0
DICTIONARYVAR
  5
286
102
{ACAD_REACTORS
330
284
102
}
330
284
100
DictionaryVariables
280
     0
  1
STANDARD
  0
DICTIONARYVAR
  5
285
102
{ACAD_REACTORS
330
284
102
}
330
284
100
DictionaryVariables
280
     0
  1
STANDARD
  0
DICTIONARYVAR
  5
287
102
{ACAD_REACTORS
330
284
102
}
330
284
100
DictionaryVariables
280
     0
  1
Imperial24
  0
DICTIONARYVAR
  5
288
102
{ACAD_REACTORS
330
284
102
}
330
284
100
DictionaryVariables
280
     0
  1
Imperial24
  0
DICTIONARY
  5
1A
330
19
100
AcDbDictionary
280
     1
281
     1
  3
BUMPTILE
360
1C
  3
DIFFUSETILE
360
1B
  3
OPACITYTILE
360
1F
  3
REFLECTIONTILE
360
1E
  3
REFRACTIONTILE
360
20
  3
SPECULARTILE
360
1D
  0
DICTIONARY
  5
12
330
11
100
AcDbDictionary
280
     1
281
     1
  3
BUMPTILE
360
14
  3
DIFFUSETILE
360
13
  3
OPACITYTILE
360
17
  3
REFLECTIONTILE
360
16
  3
REFRACTIONTILE
360
18
  3
SPECULARTILE
360
15
  0
DICTIONARY
  5
22
330
21
100
AcDbDictionary
280
     1
281
     1
  3
BUMPTILE
360
24
  3
DIFFUSETILE
360
23
  3
OPACITYTILE
360
27
  3
REFLECTIONTILE
360
26
  3
REFRACTIONTILE
360
28
  3
SPECULARTILE
360
25
  0
DICTIONARY
  5
28A
330
65
100
AcDbDictionary
280
     1
281
     1
  3
ACAD_ROUNDTRIP_2008_TABLESTYLE_CELLSTYLEMAP
360
28B
  0
XRECORD
  5
1C
102
{ACAD_REACTORS
330
1A
102
}
330
1A
100
AcDbXrecord
280
     1
270
     1
271
     1
  0
XRECORD
  5
1B
102
{ACAD_REACTORS
330
1A
102
}
330
1A
100
AcDbXrecord
280
     1
270
     1
271
     1
  0
XRECORD
  5
1F
102
{ACAD_REACTORS
330
1A
102
}
330
1A
100
AcDbXrecord
280
     1
270
     1
271
     1
  0
XRECORD
  5
1E
102
{ACAD_REACTORS
330
1A
102
}
330
1A
100
AcDbXrecord
280
     1
270
     1
271
     1
  0
XRECORD
  5
20
102
{ACAD_REACTORS
330
1A
102
}
330
1A
100
AcDbXrecord
280
     1
270
     1
271
     1
  0
XRECORD
  5
1D
102
{ACAD_REACTORS
330
1A
102
}
330
1A
100
AcDbXrecord
280
     1
270
     1
271
     1
  0
XRECORD
  5
14
102
{ACAD_REACTORS
330
12
102
}
330
12
100
AcDbXrecord
280
     1
270
     1
271
     1
  0
XRECORD
  5
13
102
{ACAD_REACTORS
330
12
102
}
330
12
100
AcDbXrecord
280
     1
270
     1
271
     1
  0
XRECORD
  5
17
102
{ACAD_REACTORS
330
12
102
}
330
12
100
AcDbXrecord
280
     1
270
     1
271
     1
  0
XRECORD
  5
16
102
{ACAD_REACTORS
330
12
102
}
330
12
100
AcDbXrecord
280
     1
270
     1
271
     1
  0
XRECORD
  5
18
102
{ACAD_REACTORS
330
12
102
}
330
12
100
AcDbXrecord
280
     1
270
     1
271
     1
  0
XRECORD
  5
15
102
{ACAD_REACTORS
330
12
102
}
330
12
100
AcDbXrecord
280
     1
270
     1
271
     1
  0
XRECORD
  5
24
102
{ACAD_REACTORS
330
22
102
}
330
22
100
AcDbXrecord
280
     1
270
     1
271
     1
  0
XRECORD
  5
23
102
{ACAD_REACTORS
330
22
102
}
330
22
100
AcDbXrecord
280
     1
270
     1
271
     1
  0
XRECORD
  5
27
102
{ACAD_REACTORS
330
22
102
}
330
22
100
AcDbXrecord
280
     1
270
     1
271
     1
  0
XRECORD
  5
26
102
{ACAD_REACTORS
330
22
102
}
330
22
100
AcDbXrecord
280
     1
270
     1
271
     1
  0
XRECORD
  5
28
102
{ACAD_REACTORS
330
22
102
}
330
22
100
AcDbXrecord
280
     1
270
     1
271
     1
  0
XRECORD
  5
25
102
{ACAD_REACTORS
330
22
102
}
330
22
100
AcDbXrecord
280
     1
270
     1
271
     1
  0
CELLSTYLEMAP
  5
28B
102
{ACAD_REACTORS
330
28A
102
}
330
28A
100
AcDbCellStyleMap
 90
        3
300
CELLSTYLE
  1
TABLEFORMAT_BEGIN
 90
        5
170
     1
 91
        0
 92
    32768
 62
   257
 93
        1
300
CONTENTFORMAT
  1
CONTENTFORMAT_BEGIN
 90
        0
 91
        0
 92
      512
 93
        0
300

 40
0.0
140
1.0
 94
        5
 62
     0
340
55
144
0.25
309
CONTENTFORMAT_END
171
     0
 94
        0
309
TABLEFORMAT_END
  1
CELLSTYLE_BEGIN
 90
        1
 91
        1
300
_TITLE
309
CELLSTYLE_END
300
CELLSTYLE
  1
TABLEFORMAT_BEGIN
 90
        5
170
     1
 91
        0
 92
        0
 62
   257
 93
        1
300
CONTENTFORMAT
  1
CONTENTFORMAT_BEGIN
 90
        0
 91
        0
 92
      512
 93
        0
300

 40
0.0
140
1.0
 94
        5
 62
     0
340
55
144
0.18
309
CONTENTFORMAT_END
171
     0
 94
        0
309
TABLEFORMAT_END
  1
CELLSTYLE_BEGIN
 90
        2
 91
        1
300
_HEADER
309
CELLSTYLE_END
300
CELLSTYLE
  1
TABLEFORMAT_BEGIN
 90
        5
170
     1
 91
        0
 92
        0
 62
   257
 93
        1
300
CONTENTFORMAT
  1
CONTENTFORMAT_BEGIN
 90
        0
 91
        0
 92
      512
 93
        0
300

 40
0.0
140
1.0
 94
        2
 62
     0
340
55
144
0.18
309
CONTENTFORMAT_END
171
     0
 94
        0
309
TABLEFORMAT_END
  1
CELLSTYLE_BEGIN
 90
        3
 91
        2
300
_DATA
309
CELLSTYLE_END
  0
ENDSEC
  0
EOF
